
> evidaxis-web@0.1.0 verify
> npm run test:run && npm run build && npm run check && node scripts/card-b-consistency.mjs


> evidaxis-web@0.1.0 test:run
> vitest run


 RUN  v3.2.6 /Users/ivitskiy/Projects/Evidaxis/web

 ✓ src/lib/claim_urn.test.ts (6 tests) 3ms
 ✓ src/lib/charts.test.ts (27 tests) 12ms
 ✓ src/lib/entity_lexicon.test.ts (12 tests) 16ms
 ✓ src/lib/measurement.test.ts (9 tests) 25ms
 ✓ src/lib/archive.test.ts (5 tests) 140ms
 ✓ src/lib/feed.test.ts (12 tests) 12ms
 ✓ src/lib/minutes.test.ts (9 tests) 9ms
 ✓ src/lib/jsonld.test.ts (13 tests) 105ms
 ✓ src/lib/data.test.ts (14 tests) 4ms
 ✓ src/lib/derived.test.ts (17 tests) 8ms
 ✓ src/lib/llms_txt.test.ts (7 tests) 118ms
 ✓ src/lib/methodology.test.ts (11 tests) 51ms
 ✓ src/lib/entity_visual_boundary.test.ts (2 tests) 4ms
 ✓ src/lib/canary_shell.test.ts (2 tests) 2ms
 ✓ src/lib/canary.test.ts (3 tests) 3ms
 ✓ src/lib/person_free.test.ts (9 tests) 73ms
 ✓ src/lib/redirects_sync.test.ts (3 tests) 2ms
 ✓ src/lib/power.test.ts (2 tests) 3ms
 ✓ src/lib/cohorts.test.ts (8 tests) 2ms
 ✓ src/lib/cardB/cardB.test.ts (20 tests) 1767ms
   ✓ readings, sources and text boundaries > does not invent an average delta from different rounding or a missing comparison date  1255ms
   ✓ twelve forced B fixtures and content indexability > renders twelve distinct, reproducible answers without changing production assignment  356ms
 ✓ src/lib/cardB/inline.test.ts (1 test) 1075ms
   ✓ uses the same accessible SVG and numeric data in the inline fallback  1074ms
 ✓ src/lib/cardB/render.test.ts (1 test) 2071ms
   ✓ actual Astro Card B render > renders all twelve fixtures twice, preserving raw numeric HTML and the old instruments  2066ms

 Test Files  22 passed (22)
      Tests  193 passed (193)
   Start at  23:08:04
   Duration  7.46s (transform 3.81s, setup 0ms, collect 16.18s, tests 5.50s, environment 2ms, prepare 2.63s)


> evidaxis-web@0.1.0 build
> astro build

23:08:15 [WARN] [@sentry/astro] You passed in additional options (dsn, tracesSampleRate, replaysSessionSampleRate, replaysOnErrorSampleRate) to the Sentry integration. This is deprecated and will stop working in a future version. Instead, configure the Sentry SDK in your `sentry.client.config.(js|ts)` or `sentry.server.config.(js|ts)` files.
[sentry-vite-plugin] Info: Sending telemetry data on issues and performance to Sentry. To disable telemetry, set `options.telemetry` to `false`.
23:08:16 [content] Syncing content
23:08:16 [content] Synced content
23:08:16 [types] Generated 129ms
23:08:16 [build] output: "static"
23:08:16 [build] mode: "static"
23:08:16 [build] directory: /Users/ivitskiy/Projects/Evidaxis/web/dist/
23:08:16 [build] Collecting build info...
23:08:16 [build] ✓ Completed in 253ms.
23:08:17 [build] Building static entrypoints...
[sentry-vite-plugin] Info: Sending telemetry data on issues and performance to Sentry. To disable telemetry, set `options.telemetry` to `false`.
[sentry-vite-plugin] Warning: No auth token provided. Will not create release. Please set the `authToken` option. You can find information on how to generate a Sentry auth token here: https://docs.sentry.io/api/auth/
[sentry-vite-plugin] Warning: No auth token provided. Will not upload source maps. Please set the `authToken` option. You can find information on how to generate a Sentry auth token here: https://docs.sentry.io/api/auth/
23:08:21 [vite] ✓ built in 4.16s
23:08:21 [build] ✓ Completed in 4.42s.

 building client (vite) 
[sentry-vite-plugin] Info: Sending telemetry data on issues and performance to Sentry. To disable telemetry, set `options.telemetry` to `false`.
23:08:21 [vite] transforming...
23:08:23 [vite] ✓ 328 modules transformed.
23:08:23 [vite] rendering chunks...
[sentry-vite-plugin] Warning: No auth token provided. Will not create release. Please set the `authToken` option. You can find information on how to generate a Sentry auth token here: https://docs.sentry.io/api/auth/
23:08:23 [vite] computing gzip size...
23:08:23 [vite] dist/_astro/page.MOPsTsAT.js  85.79 kB │ gzip: 29.26 kB │ map: 463.11 kB
[sentry-vite-plugin] Warning: No auth token provided. Will not upload source maps. Please set the `authToken` option. You can find information on how to generate a Sentry auth token here: https://docs.sentry.io/api/auth/
23:08:23 [vite] ✓ built in 1.59s

 generating static routes 
23:08:23 ▶ src/pages/about/index.astro
23:08:23   └─ /about/index.html (+163ms) 
23:08:24 λ src/pages/ai/cohorts/[cohort]/[asset].csv.ts
23:08:24   ├─ /ai/cohorts/unassigned-v1/values-9d18a826a3f1-b1.csv/ (+128ms) 
23:08:24   ├─ /ai/cohorts/unassigned-v1/values-66cffe06e8cb-b1.csv/ (+109ms) 
23:08:24   ├─ /ai/cohorts/unassigned-v1/values-46cf326e7985-b1.csv/ (+185ms) 
23:08:24   ├─ /ai/cohorts/unassigned-v1/values-515920e4ea3f-b1.csv/ (+57ms) 
23:08:24   ├─ /ai/cohorts/unassigned-v1/values-0a7b1714d0ad-b1.csv/ (+136ms) 
23:08:24   ├─ /ai/cohorts/unassigned-v1/values-fcfd3a7ccdcb-b1.csv/ (+180ms) 
23:08:25   ├─ /ai/cohorts/media-generation/values-8b04a522dda1-b1.csv/ (+39ms) 
23:08:25   ├─ /ai/cohorts/media-generation/values-f1f2495d518d-b1.csv/ (+216ms) 
23:08:25   ├─ /ai/cohorts/media-generation/values-7e6b5bcfba2a-b1.csv/ (+31ms) 
23:08:25   ├─ /ai/cohorts/media-generation/values-df540ea0d40d-b1.csv/ (+53ms) 
23:08:25   ├─ /ai/cohorts/media-generation/values-064bcdd1c2d3-b1.csv/ (+179ms) 
23:08:25   ├─ /ai/cohorts/media-generation/values-be624cbf9aec-b1.csv/ (+75ms) 
23:08:25   ├─ /ai/cohorts/media-generation/values-fe618519ff6a-b1.csv/ (+133ms) 
23:08:25   ├─ /ai/cohorts/media-generation/values-9d18a826a3f1-b1.csv/ (+7ms) 
23:08:25   ├─ /ai/cohorts/media-generation/values-66cffe06e8cb-b1.csv/ (+8ms) 
23:08:25   ├─ /ai/cohorts/media-generation/values-46cf326e7985-b1.csv/ (+7ms) 
23:08:25   ├─ /ai/cohorts/media-generation/values-515920e4ea3f-b1.csv/ (+9ms) 
23:08:25   ├─ /ai/cohorts/media-generation/values-0a7b1714d0ad-b1.csv/ (+7ms) 
23:08:25   ├─ /ai/cohorts/media-generation/values-fcfd3a7ccdcb-b1.csv/ (+9ms) 
23:08:25   ├─ /ai/cohorts/agent-frameworks/values-8b04a522dda1-b1.csv/ (+12ms) 
23:08:25   ├─ /ai/cohorts/agent-frameworks/values-f1f2495d518d-b1.csv/ (+9ms) 
23:08:25   ├─ /ai/cohorts/agent-frameworks/values-7e6b5bcfba2a-b1.csv/ (+7ms) 
23:08:25   ├─ /ai/cohorts/agent-frameworks/values-df540ea0d40d-b1.csv/ (+6ms) 
23:08:25   ├─ /ai/cohorts/agent-frameworks/values-064bcdd1c2d3-b1.csv/ (+3ms) 
23:08:25   ├─ /ai/cohorts/agent-frameworks/values-fe618519ff6a-b1.csv/ (+7ms) 
23:08:25   ├─ /ai/cohorts/agent-frameworks/values-035a72a81e59-b1.csv/ (+30ms) 
23:08:25   ├─ /ai/cohorts/agent-frameworks/values-9d18a826a3f1-b1.csv/ (+175ms) 
23:08:26   ├─ /ai/cohorts/agent-frameworks/values-66cffe06e8cb-b1.csv/ (+8ms) 
23:08:26   ├─ /ai/cohorts/agent-frameworks/values-46cf326e7985-b1.csv/ (+9ms) 
23:08:26   ├─ /ai/cohorts/agent-frameworks/values-515920e4ea3f-b1.csv/ (+17ms) 
23:08:26   ├─ /ai/cohorts/agent-frameworks/values-0a7b1714d0ad-b1.csv/ (+33ms) 
23:08:26   ├─ /ai/cohorts/agent-frameworks/values-fcfd3a7ccdcb-b1.csv/ (+7ms) 
23:08:26   ├─ /ai/cohorts/coding-agents/values-8b04a522dda1-b1.csv/ (+37ms) 
23:08:26   ├─ /ai/cohorts/coding-agents/values-f1f2495d518d-b1.csv/ (+19ms) 
23:08:26   ├─ /ai/cohorts/coding-agents/values-7e6b5bcfba2a-b1.csv/ (+27ms) 
23:08:26   ├─ /ai/cohorts/coding-agents/values-df540ea0d40d-b1.csv/ (+27ms) 
23:08:26   ├─ /ai/cohorts/coding-agents/values-064bcdd1c2d3-b1.csv/ (+10ms) 
23:08:26   ├─ /ai/cohorts/coding-agents/values-be624cbf9aec-b1.csv/ (+9ms) 
23:08:26   ├─ /ai/cohorts/coding-agents/values-fe618519ff6a-b1.csv/ (+45ms) 
23:08:26   ├─ /ai/cohorts/coding-agents/values-035a72a81e59-b1.csv/ (+22ms) 
23:08:26   ├─ /ai/cohorts/coding-agents/values-9d18a826a3f1-b1.csv/ (+8ms) 
23:08:26   ├─ /ai/cohorts/coding-agents/values-66cffe06e8cb-b1.csv/ (+12ms) 
23:08:26   ├─ /ai/cohorts/coding-agents/values-46cf326e7985-b1.csv/ (+17ms) 
23:08:26   ├─ /ai/cohorts/coding-agents/values-515920e4ea3f-b1.csv/ (+8ms) 
23:08:26   ├─ /ai/cohorts/coding-agents/values-0a7b1714d0ad-b1.csv/ (+7ms) 
23:08:26   ├─ /ai/cohorts/coding-agents/values-fcfd3a7ccdcb-b1.csv/ (+3ms) 
23:08:26   ├─ /ai/cohorts/media-generation/values-035a72a81e59-b1.csv/ (+13ms) 
23:08:26   ├─ /ai/cohorts/agent-frameworks/values-be624cbf9aec-b1.csv/ (+10ms) 
23:08:26   ├─ /ai/cohorts/post-training-alignment/values-f1f2495d518d-b1.csv/ (+11ms) 
23:08:26   ├─ /ai/cohorts/post-training-alignment/values-7e6b5bcfba2a-b1.csv/ (+37ms) 
23:08:26   ├─ /ai/cohorts/post-training-alignment/values-df540ea0d40d-b1.csv/ (+6ms) 
23:08:26   ├─ /ai/cohorts/post-training-alignment/values-064bcdd1c2d3-b1.csv/ (+5ms) 
23:08:26   ├─ /ai/cohorts/post-training-alignment/values-be624cbf9aec-b1.csv/ (+6ms) 
23:08:26   ├─ /ai/cohorts/post-training-alignment/values-fe618519ff6a-b1.csv/ (+5ms) 
23:08:26   ├─ /ai/cohorts/post-training-alignment/values-035a72a81e59-b1.csv/ (+5ms) 
23:08:26   ├─ /ai/cohorts/post-training-alignment/values-9d18a826a3f1-b1.csv/ (+6ms) 
23:08:26   ├─ /ai/cohorts/post-training-alignment/values-66cffe06e8cb-b1.csv/ (+10ms) 
23:08:26   ├─ /ai/cohorts/post-training-alignment/values-46cf326e7985-b1.csv/ (+4ms) 
23:08:26   ├─ /ai/cohorts/post-training-alignment/values-515920e4ea3f-b1.csv/ (+4ms) 
23:08:26   ├─ /ai/cohorts/post-training-alignment/values-0a7b1714d0ad-b1.csv/ (+3ms) 
23:08:26   ├─ /ai/cohorts/post-training-alignment/values-fcfd3a7ccdcb-b1.csv/ (+6ms) 
23:08:26   ├─ /ai/cohorts/multimodal-foundation-models/values-8b04a522dda1-b1.csv/ (+115ms) 
23:08:26   ├─ /ai/cohorts/multimodal-foundation-models/values-f1f2495d518d-b1.csv/ (+6ms) 
23:08:26   ├─ /ai/cohorts/multimodal-foundation-models/values-7e6b5bcfba2a-b1.csv/ (+5ms) 
23:08:26   ├─ /ai/cohorts/multimodal-foundation-models/values-df540ea0d40d-b1.csv/ (+28ms) 
23:08:26   ├─ /ai/cohorts/multimodal-foundation-models/values-064bcdd1c2d3-b1.csv/ (+6ms) 
23:08:26   ├─ /ai/cohorts/multimodal-foundation-models/values-be624cbf9aec-b1.csv/ (+5ms) 
23:08:26   ├─ /ai/cohorts/multimodal-foundation-models/values-fe618519ff6a-b1.csv/ (+4ms) 
23:08:26   ├─ /ai/cohorts/multimodal-foundation-models/values-035a72a81e59-b1.csv/ (+3ms) 
23:08:26   ├─ /ai/cohorts/multimodal-foundation-models/values-9d18a826a3f1-b1.csv/ (+7ms) 
23:08:26   ├─ /ai/cohorts/multimodal-foundation-models/values-66cffe06e8cb-b1.csv/ (+11ms) 
23:08:26   ├─ /ai/cohorts/multimodal-foundation-models/values-46cf326e7985-b1.csv/ (+6ms) 
23:08:26   ├─ /ai/cohorts/multimodal-foundation-models/values-515920e4ea3f-b1.csv/ (+6ms) 
23:08:26   ├─ /ai/cohorts/multimodal-foundation-models/values-0a7b1714d0ad-b1.csv/ (+3ms) 
23:08:26   ├─ /ai/cohorts/multimodal-foundation-models/values-fcfd3a7ccdcb-b1.csv/ (+5ms) 
23:08:26   ├─ /ai/cohorts/unassigned-v1/values-035a72a81e59-b1.csv/ (+4ms) 
23:08:26   ├─ /ai/cohorts/inference-serving/values-f1f2495d518d-b1.csv/ (+9ms) 
23:08:26   ├─ /ai/cohorts/inference-serving/values-7e6b5bcfba2a-b1.csv/ (+5ms) 
23:08:26   ├─ /ai/cohorts/inference-serving/values-df540ea0d40d-b1.csv/ (+6ms) 
23:08:26   ├─ /ai/cohorts/inference-serving/values-064bcdd1c2d3-b1.csv/ (+4ms) 
23:08:26   ├─ /ai/cohorts/inference-serving/values-be624cbf9aec-b1.csv/ (+4ms) 
23:08:26   ├─ /ai/cohorts/inference-serving/values-fe618519ff6a-b1.csv/ (+4ms) 
23:08:26   ├─ /ai/cohorts/inference-serving/values-035a72a81e59-b1.csv/ (+30ms) 
23:08:26   ├─ /ai/cohorts/inference-serving/values-66cffe06e8cb-b1.csv/ (+16ms) 
23:08:26   ├─ /ai/cohorts/inference-serving/values-46cf326e7985-b1.csv/ (+14ms) 
23:08:26   ├─ /ai/cohorts/inference-serving/values-515920e4ea3f-b1.csv/ (+5ms) 
23:08:26   ├─ /ai/cohorts/inference-serving/values-0a7b1714d0ad-b1.csv/ (+6ms) 
23:08:26   ├─ /ai/cohorts/inference-serving/values-fcfd3a7ccdcb-b1.csv/ (+5ms) 
23:08:26   ├─ /ai/cohorts/gui-agents/values-f1f2495d518d-b1.csv/ (+6ms) 
23:08:26   ├─ /ai/cohorts/gui-agents/values-7e6b5bcfba2a-b1.csv/ (+3ms) 
23:08:26   ├─ /ai/cohorts/gui-agents/values-df540ea0d40d-b1.csv/ (+5ms) 
23:08:26   ├─ /ai/cohorts/gui-agents/values-064bcdd1c2d3-b1.csv/ (+52ms) 
23:08:26   ├─ /ai/cohorts/gui-agents/values-be624cbf9aec-b1.csv/ (+41ms) 
23:08:26   ├─ /ai/cohorts/gui-agents/values-fe618519ff6a-b1.csv/ (+7ms) 
23:08:27   ├─ /ai/cohorts/gui-agents/values-035a72a81e59-b1.csv/ (+4ms) 
23:08:27   ├─ /ai/cohorts/gui-agents/values-9d18a826a3f1-b1.csv/ (+3ms) 
23:08:27   ├─ /ai/cohorts/gui-agents/values-66cffe06e8cb-b1.csv/ (+3ms) 
23:08:27   ├─ /ai/cohorts/gui-agents/values-46cf326e7985-b1.csv/ (+3ms) 
23:08:27   ├─ /ai/cohorts/gui-agents/values-515920e4ea3f-b1.csv/ (+3ms) 
23:08:27   ├─ /ai/cohorts/gui-agents/values-0a7b1714d0ad-b1.csv/ (+5ms) 
23:08:27   ├─ /ai/cohorts/gui-agents/values-fcfd3a7ccdcb-b1.csv/ (+4ms) 
23:08:27   ├─ /ai/cohorts/drug-discovery/values-90e607b982fa-b1.csv/ (+9ms) 
23:08:27   ├─ /ai/cohorts/ai-drug-discovery/values-8b04a522dda1-b1.csv/ (+7ms) 
23:08:27   ├─ /ai/cohorts/ai-drug-discovery/values-f1f2495d518d-b1.csv/ (+4ms) 
23:08:27   ├─ /ai/cohorts/ai-drug-discovery/values-7e6b5bcfba2a-b1.csv/ (+48ms) 
23:08:27   ├─ /ai/cohorts/ai-drug-discovery/values-df540ea0d40d-b1.csv/ (+17ms) 
23:08:27   ├─ /ai/cohorts/ai-drug-discovery/values-064bcdd1c2d3-b1.csv/ (+17ms) 
23:08:27   ├─ /ai/cohorts/ai-drug-discovery/values-be624cbf9aec-b1.csv/ (+13ms) 
23:08:27   ├─ /ai/cohorts/ai-drug-discovery/values-fe618519ff6a-b1.csv/ (+6ms) 
23:08:27   ├─ /ai/cohorts/ai-drug-discovery/values-035a72a81e59-b1.csv/ (+6ms) 
23:08:27   ├─ /ai/cohorts/ai-drug-discovery/values-9d18a826a3f1-b1.csv/ (+12ms) 
23:08:27   ├─ /ai/cohorts/ai-drug-discovery/values-66cffe06e8cb-b1.csv/ (+22ms) 
23:08:27   ├─ /ai/cohorts/ai-drug-discovery/values-46cf326e7985-b1.csv/ (+6ms) 
23:08:27   ├─ /ai/cohorts/ai-drug-discovery/values-515920e4ea3f-b1.csv/ (+20ms) 
23:08:27   ├─ /ai/cohorts/ai-drug-discovery/values-0a7b1714d0ad-b1.csv/ (+15ms) 
23:08:27   ├─ /ai/cohorts/ai-drug-discovery/values-fcfd3a7ccdcb-b1.csv/ (+7ms) 
23:08:27   ├─ /ai/cohorts/post-training-alignment/values-8b04a522dda1-b1.csv/ (+16ms) 
23:08:27   ├─ /ai/cohorts/embodied-ai/values-90e607b982fa-b1.csv/ (+5ms) 
23:08:27   ├─ /ai/cohorts/robotics-embodied/values-8b04a522dda1-b1.csv/ (+5ms) 
23:08:27   ├─ /ai/cohorts/robotics-embodied/values-f1f2495d518d-b1.csv/ (+4ms) 
23:08:27   ├─ /ai/cohorts/robotics-embodied/values-7e6b5bcfba2a-b1.csv/ (+4ms) 
23:08:27   ├─ /ai/cohorts/robotics-embodied/values-df540ea0d40d-b1.csv/ (+8ms) 
23:08:27   ├─ /ai/cohorts/robotics-embodied/values-064bcdd1c2d3-b1.csv/ (+16ms) 
23:08:27   ├─ /ai/cohorts/robotics-embodied/values-be624cbf9aec-b1.csv/ (+6ms) 
23:08:27   ├─ /ai/cohorts/robotics-embodied/values-fe618519ff6a-b1.csv/ (+12ms) 
23:08:27   ├─ /ai/cohorts/robotics-embodied/values-035a72a81e59-b1.csv/ (+24ms) 
23:08:27   ├─ /ai/cohorts/robotics-embodied/values-9d18a826a3f1-b1.csv/ (+23ms) 
23:08:27   ├─ /ai/cohorts/robotics-embodied/values-66cffe06e8cb-b1.csv/ (+29ms) 
23:08:27   ├─ /ai/cohorts/robotics-embodied/values-46cf326e7985-b1.csv/ (+52ms) 
23:08:27   ├─ /ai/cohorts/robotics-embodied/values-515920e4ea3f-b1.csv/ (+26ms) 
23:08:27   ├─ /ai/cohorts/robotics-embodied/values-0a7b1714d0ad-b1.csv/ (+49ms) 
23:08:27   ├─ /ai/cohorts/robotics-embodied/values-fcfd3a7ccdcb-b1.csv/ (+28ms) 
23:08:27   ├─ /ai/cohorts/inference-serving/values-9d18a826a3f1-b1.csv/ (+18ms) 
23:08:27   ├─ /ai/cohorts/inference-serving/values-8b04a522dda1-b1.csv/ (+9ms) 
23:08:27   └─ /ai/cohorts/coding-agents/values-90e607b982fa-b1.csv/ (+9ms) 
23:08:27 ▶ src/pages/ai/cohorts/[cohort]/index.astro
23:08:27   ├─ /ai/cohorts/robotics-embodied/index.html (+184ms) 
23:08:27   ├─ /ai/cohorts/ai-drug-discovery/index.html (+32ms) 
23:08:27   ├─ /ai/cohorts/coding-agents/index.html (+42ms) 
23:08:27   ├─ /ai/cohorts/agent-frameworks/index.html (+16ms) 
23:08:27   ├─ /ai/cohorts/gui-agents/index.html (+9ms) 
23:08:27   ├─ /ai/cohorts/inference-serving/index.html (+23ms) 
23:08:27   ├─ /ai/cohorts/post-training-alignment/index.html (+40ms) 
23:08:27   ├─ /ai/cohorts/multimodal-foundation-models/index.html (+35ms) 
23:08:28   ├─ /ai/cohorts/media-generation/index.html (+129ms) 
23:08:28   └─ /ai/cohorts/unassigned-v1/index.html (+25ms) 
23:08:28 ▶ src/pages/ai/cohorts/[cohort]/minutes/[week]/index.astro
23:08:28   ├─ /ai/cohorts/agent-frameworks/minutes/2026-W30/index.html (+7ms) 
23:08:28   ├─ /ai/cohorts/agent-frameworks/minutes/2026-W31/index.html (+2ms) 
23:08:28   ├─ /ai/cohorts/agent-frameworks/minutes/2026-W32/index.html (+1ms) 
23:08:28   ├─ /ai/cohorts/agent-frameworks/minutes/2026-W33/index.html (+8ms) 
23:08:28   ├─ /ai/cohorts/agent-frameworks/minutes/2026-W34/index.html (+13ms) 
23:08:28   ├─ /ai/cohorts/agent-frameworks/minutes/2026-W35/index.html (+9ms) 
23:08:28   ├─ /ai/cohorts/agent-frameworks/minutes/2026-W36/index.html (+11ms) 
23:08:28   ├─ /ai/cohorts/agent-frameworks/minutes/2026-W37/index.html (+7ms) 
23:08:28   ├─ /ai/cohorts/agent-frameworks/minutes/2026-W38/index.html (+4ms) 
23:08:28   ├─ /ai/cohorts/ai-drug-discovery/minutes/2026-W30/index.html (+4ms) 
23:08:28   ├─ /ai/cohorts/ai-drug-discovery/minutes/2026-W31/index.html (+1ms) 
23:08:28   ├─ /ai/cohorts/ai-drug-discovery/minutes/2026-W32/index.html (+1ms) 
23:08:28   ├─ /ai/cohorts/ai-drug-discovery/minutes/2026-W33/index.html (+2ms) 
23:08:28   ├─ /ai/cohorts/ai-drug-discovery/minutes/2026-W34/index.html (+1ms) 
23:08:28   ├─ /ai/cohorts/ai-drug-discovery/minutes/2026-W35/index.html (+60ms) 
23:08:28   ├─ /ai/cohorts/ai-drug-discovery/minutes/2026-W36/index.html (+6ms) 
23:08:28   ├─ /ai/cohorts/ai-drug-discovery/minutes/2026-W37/index.html (+4ms) 
23:08:28   ├─ /ai/cohorts/ai-drug-discovery/minutes/2026-W38/index.html (+2ms) 
23:08:28   ├─ /ai/cohorts/coding-agents/minutes/2026-W30/index.html (+7ms) 
23:08:28   ├─ /ai/cohorts/coding-agents/minutes/2026-W31/index.html (+2ms) 
23:08:28   ├─ /ai/cohorts/coding-agents/minutes/2026-W32/index.html (+1ms) 
23:08:28   ├─ /ai/cohorts/coding-agents/minutes/2026-W33/index.html (+1ms) 
23:08:28   ├─ /ai/cohorts/coding-agents/minutes/2026-W34/index.html (+2ms) 
23:08:28   ├─ /ai/cohorts/coding-agents/minutes/2026-W35/index.html (+2ms) 
23:08:28   ├─ /ai/cohorts/coding-agents/minutes/2026-W36/index.html (+1ms) 
23:08:28   ├─ /ai/cohorts/coding-agents/minutes/2026-W37/index.html (+2ms) 
23:08:28   ├─ /ai/cohorts/coding-agents/minutes/2026-W38/index.html (+7ms) 
23:08:28   ├─ /ai/cohorts/gui-agents/minutes/2026-W30/index.html (+5ms) 
23:08:28   ├─ /ai/cohorts/gui-agents/minutes/2026-W31/index.html (+7ms) 
23:08:28   ├─ /ai/cohorts/gui-agents/minutes/2026-W32/index.html (+3ms) 
23:08:28   ├─ /ai/cohorts/gui-agents/minutes/2026-W33/index.html (+15ms) 
23:08:28   ├─ /ai/cohorts/gui-agents/minutes/2026-W34/index.html (+6ms) 
23:08:28   ├─ /ai/cohorts/gui-agents/minutes/2026-W35/index.html (+7ms) 
23:08:28   ├─ /ai/cohorts/gui-agents/minutes/2026-W36/index.html (+10ms) 
23:08:28   ├─ /ai/cohorts/gui-agents/minutes/2026-W37/index.html (+3ms) 
23:08:28   ├─ /ai/cohorts/gui-agents/minutes/2026-W38/index.html (+14ms) 
23:08:28   ├─ /ai/cohorts/inference-serving/minutes/2026-W30/index.html (+13ms) 
23:08:28   ├─ /ai/cohorts/inference-serving/minutes/2026-W31/index.html (+4ms) 
23:08:28   ├─ /ai/cohorts/inference-serving/minutes/2026-W32/index.html (+2ms) 
23:08:28   ├─ /ai/cohorts/inference-serving/minutes/2026-W33/index.html (+5ms) 
23:08:28   ├─ /ai/cohorts/inference-serving/minutes/2026-W34/index.html (+8ms) 
23:08:28   ├─ /ai/cohorts/inference-serving/minutes/2026-W35/index.html (+5ms) 
23:08:28   ├─ /ai/cohorts/inference-serving/minutes/2026-W36/index.html (+3ms) 
23:08:28   ├─ /ai/cohorts/inference-serving/minutes/2026-W37/index.html (+3ms) 
23:08:28   ├─ /ai/cohorts/inference-serving/minutes/2026-W38/index.html (+5ms) 
23:08:28   ├─ /ai/cohorts/media-generation/minutes/2026-W30/index.html (+13ms) 
23:08:28   ├─ /ai/cohorts/media-generation/minutes/2026-W31/index.html (+30ms) 
23:08:28   ├─ /ai/cohorts/media-generation/minutes/2026-W32/index.html (+5ms) 
23:08:28   ├─ /ai/cohorts/media-generation/minutes/2026-W33/index.html (+2ms) 
23:08:28   ├─ /ai/cohorts/media-generation/minutes/2026-W34/index.html (+1ms) 
23:08:28   ├─ /ai/cohorts/media-generation/minutes/2026-W35/index.html (+1ms) 
23:08:28   ├─ /ai/cohorts/media-generation/minutes/2026-W36/index.html (+2ms) 
23:08:28   ├─ /ai/cohorts/media-generation/minutes/2026-W37/index.html (+2ms) 
23:08:28   ├─ /ai/cohorts/media-generation/minutes/2026-W38/index.html (+2ms) 
23:08:28   ├─ /ai/cohorts/multimodal-foundation-models/minutes/2026-W30/index.html (+4ms) 
23:08:28   ├─ /ai/cohorts/multimodal-foundation-models/minutes/2026-W31/index.html (+2ms) 
23:08:28   ├─ /ai/cohorts/multimodal-foundation-models/minutes/2026-W32/index.html (+2ms) 
23:08:28   ├─ /ai/cohorts/multimodal-foundation-models/minutes/2026-W33/index.html (+1ms) 
23:08:28   ├─ /ai/cohorts/multimodal-foundation-models/minutes/2026-W34/index.html (+1ms) 
23:08:28   ├─ /ai/cohorts/multimodal-foundation-models/minutes/2026-W35/index.html (+3ms) 
23:08:28   ├─ /ai/cohorts/multimodal-foundation-models/minutes/2026-W36/index.html (+3ms) 
23:08:28   ├─ /ai/cohorts/multimodal-foundation-models/minutes/2026-W37/index.html (+2ms) 
23:08:28   ├─ /ai/cohorts/multimodal-foundation-models/minutes/2026-W38/index.html (+1ms) 
23:08:28   ├─ /ai/cohorts/post-training-alignment/minutes/2026-W30/index.html (+4ms) 
23:08:28   ├─ /ai/cohorts/post-training-alignment/minutes/2026-W31/index.html (+4ms) 
23:08:28   ├─ /ai/cohorts/post-training-alignment/minutes/2026-W32/index.html (+5ms) 
23:08:28   ├─ /ai/cohorts/post-training-alignment/minutes/2026-W33/index.html (+2ms) 
23:08:28   ├─ /ai/cohorts/post-training-alignment/minutes/2026-W34/index.html (+5ms) 
23:08:28   ├─ /ai/cohorts/post-training-alignment/minutes/2026-W35/index.html (+5ms) 
23:08:28   ├─ /ai/cohorts/post-training-alignment/minutes/2026-W36/index.html (+33ms) 
23:08:28   ├─ /ai/cohorts/post-training-alignment/minutes/2026-W37/index.html (+4ms) 
23:08:28   ├─ /ai/cohorts/post-training-alignment/minutes/2026-W38/index.html (+5ms) 
23:08:28   ├─ /ai/cohorts/robotics-embodied/minutes/2026-W30/index.html (+9ms) 
23:08:28   ├─ /ai/cohorts/robotics-embodied/minutes/2026-W31/index.html (+1ms) 
23:08:28   ├─ /ai/cohorts/robotics-embodied/minutes/2026-W32/index.html (+2ms) 
23:08:28   ├─ /ai/cohorts/robotics-embodied/minutes/2026-W33/index.html (+3ms) 
23:08:28   ├─ /ai/cohorts/robotics-embodied/minutes/2026-W34/index.html (+2ms) 
23:08:28   ├─ /ai/cohorts/robotics-embodied/minutes/2026-W35/index.html (+3ms) 
23:08:28   ├─ /ai/cohorts/robotics-embodied/minutes/2026-W36/index.html (+3ms) 
23:08:28   ├─ /ai/cohorts/robotics-embodied/minutes/2026-W37/index.html (+1ms) 
23:08:28   ├─ /ai/cohorts/robotics-embodied/minutes/2026-W38/index.html (+3ms) 
23:08:28   ├─ /ai/cohorts/unassigned-v1/minutes/2026-W32/index.html (+1ms) 
23:08:28   ├─ /ai/cohorts/unassigned-v1/minutes/2026-W33/index.html (+2ms) 
23:08:28   ├─ /ai/cohorts/unassigned-v1/minutes/2026-W34/index.html (+3ms) 
23:08:28   ├─ /ai/cohorts/unassigned-v1/minutes/2026-W35/index.html (+1ms) 
23:08:28   ├─ /ai/cohorts/unassigned-v1/minutes/2026-W36/index.html (+6ms) 
23:08:28   ├─ /ai/cohorts/unassigned-v1/minutes/2026-W37/index.html (+8ms) 
23:08:28   └─ /ai/cohorts/unassigned-v1/minutes/2026-W38/index.html (+3ms) 
23:08:28 ▶ src/pages/ai/fields/[field]/index.astro
23:08:28   ├─ /ai/fields/robotics-embodied/index.html (+4ms) 
23:08:28   ├─ /ai/fields/ai-for-science/index.html (+1ms) 
23:08:28   ├─ /ai/fields/ai-agents/index.html (+1ms) 
23:08:28   ├─ /ai/fields/ai-infrastructure/index.html (+1ms) 
23:08:28   ├─ /ai/fields/foundation-models/index.html (+1ms) 
23:08:28   ├─ /ai/fields/multimodal-media/index.html (+1ms) 
23:08:28   └─ /ai/fields/unassigned/index.html (+1ms) 
23:08:28 λ src/pages/badge/[id]/[period].svg.ts
23:08:28   ├─ /badge/e_01E6T51Z5NE/2026-w38.svg/ (+4ms) 
23:08:28   ├─ /badge/e_03QFRGK7VQX/2026-w38.svg/ (+2ms) 
23:08:28   ├─ /badge/e_093XKS44M6Q/2026-w38.svg/ (+1ms) 
23:08:28   ├─ /badge/e_0E3Q2DQH0BA/2026-w38.svg/ (+1ms) 
23:08:28   ├─ /badge/e_0HWS8572QP9/2026-w38.svg/ (+1ms) 
23:08:28   ├─ /badge/e_0MXZ4HGH09F/2026-w38.svg/ (+1ms) 
23:08:28   ├─ /badge/e_0W3HYER2F5A/2026-w38.svg/ (+1ms) 
23:08:28   ├─ /badge/e_10DHTZ75A5K/2026-w38.svg/ (+1ms) 
23:08:28   ├─ /badge/e_126THNX952P/2026-w38.svg/ (+1ms) 
23:08:28   ├─ /badge/e_13NVVKJA2MM/2026-w38.svg/ (+1ms) 
23:08:28   ├─ /badge/e_15264R968MN/2026-w38.svg/ (+1ms) 
23:08:28   ├─ /badge/e_15DZEMC0CJY/2026-w38.svg/ (+1ms) 
23:08:28   ├─ /badge/e_1ER3NPA3Y77/2026-w38.svg/ (+1ms) 
23:08:28   ├─ /badge/e_1GSH6ZQHW7B/2026-w38.svg/ (+3ms) 
23:08:28   ├─ /badge/e_1M544BHSGGQ/2026-w38.svg/ (+13ms) 
23:08:28   ├─ /badge/e_1TMQEKAN7S6/2026-w38.svg/ (+6ms) 
23:08:28   ├─ /badge/e_1VQN3TQ2Z74/2026-w38.svg/ (+6ms) 
23:08:28   ├─ /badge/e_20N3FEGPDR2/2026-w38.svg/ (+15ms) 
23:08:28   ├─ /badge/e_261PEVXPG0B/2026-w38.svg/ (+3ms) 
23:08:28   ├─ /badge/e_26C836YXKF2/2026-w38.svg/ (+4ms) 
23:08:28   ├─ /badge/e_291FVHEKPA8/2026-w38.svg/ (+2ms) 
23:08:28   ├─ /badge/e_2CS7SM2993J/2026-w38.svg/ (+2ms) 
23:08:28   ├─ /badge/e_2JCAQ45XCSC/2026-w38.svg/ (+2ms) 
23:08:28   ├─ /badge/e_2S60RGNZHBS/2026-w38.svg/ (+2ms) 
23:08:28   ├─ /badge/e_2WFB2V4PNQV/2026-w38.svg/ (+6ms) 
23:08:28   ├─ /badge/e_2XFTYTGJT3Z/2026-w38.svg/ (+3ms) 
23:08:28   ├─ /badge/e_32V083BPAMA/2026-w38.svg/ (+1ms) 
23:08:28   ├─ /badge/e_357KR6Z8TFG/2026-w38.svg/ (+2ms) 
23:08:28   ├─ /badge/e_38NTPKDPKHA/2026-w38.svg/ (+2ms) 
23:08:28   ├─ /badge/e_3BYERQ8ZQ6D/2026-w38.svg/ (+2ms) 
23:08:28   ├─ /badge/e_3HZS2JPM2CR/2026-w38.svg/ (+2ms) 
23:08:28   ├─ /badge/e_3JZ11S1QS33/2026-w38.svg/ (+3ms) 
23:08:28   ├─ /badge/e_3K17NV4B0JF/2026-w38.svg/ (+2ms) 
23:08:28   ├─ /badge/e_3N3Q3YAWBCG/2026-w38.svg/ (+1ms) 
23:08:28   ├─ /badge/e_41T3C34FQFA/2026-w38.svg/ (+2ms) 
23:08:28   ├─ /badge/e_4249BQNHNVB/2026-w38.svg/ (+1ms) 
23:08:28   ├─ /badge/e_44E0GZ3MAKS/2026-w38.svg/ (+1ms) 
23:08:28   ├─ /badge/e_4A9TG2M8403/2026-w38.svg/ (+1ms) 
23:08:28   ├─ /badge/e_4P7EDPAWCY2/2026-w38.svg/ (+3ms) 
23:08:28   ├─ /badge/e_4VBT50A7VD2/2026-w38.svg/ (+3ms) 
23:08:28   ├─ /badge/e_52RJ4AYNG35/2026-w38.svg/ (+1ms) 
23:08:28   ├─ /badge/e_5AE2F3GDM57/2026-w38.svg/ (+1ms) 
23:08:28   ├─ /badge/e_5R5PKZN9WTY/2026-w38.svg/ (+1ms) 
23:08:28   ├─ /badge/e_5VB3GYJAWRC/2026-w38.svg/ (+2ms) 
23:08:28   ├─ /badge/e_5WYRYN5H1XY/2026-w38.svg/ (+1ms) 
23:08:28   ├─ /badge/e_607VJ9XWYRJ/2026-w38.svg/ (+1ms) 
23:08:28   ├─ /badge/e_61BHW1YYH5J/2026-w38.svg/ (+1ms) 
23:08:28   ├─ /badge/e_6Y1JB29DYJA/2026-w38.svg/ (+3ms) 
23:08:28   ├─ /badge/e_75QG3RMAHC9/2026-w38.svg/ (+4ms) 
23:08:28   ├─ /badge/e_77AC6K7XEWB/2026-w38.svg/ (+3ms) 
23:08:28   ├─ /badge/e_7JW04Q252D6/2026-w38.svg/ (+2ms) 
23:08:28   ├─ /badge/e_7X1NF3PMZZM/2026-w38.svg/ (+3ms) 
23:08:28   ├─ /badge/e_7ZJR0NT1B6H/2026-w38.svg/ (+3ms) 
23:08:28   ├─ /badge/e_824XAJ5ETWG/2026-w38.svg/ (+1ms) 
23:08:28   ├─ /badge/e_88YAM3PXK4S/2026-w38.svg/ (+2ms) 
23:08:28   ├─ /badge/e_8A2A58V55P6/2026-w38.svg/ (+2ms) 
23:08:28   ├─ /badge/e_8AWARYZ7WP6/2026-w38.svg/ (+2ms) 
23:08:28   ├─ /badge/e_8HVZ2FE02WG/2026-w38.svg/ (+2ms) 
23:08:28   ├─ /badge/e_8N97348DQ66/2026-w38.svg/ (+1ms) 
23:08:28   ├─ /badge/e_8V2DZWR8HPM/2026-w38.svg/ (+6ms) 
23:08:28   ├─ /badge/e_92WR5N03859/2026-w38.svg/ (+1ms) 
23:08:28   ├─ /badge/e_97SYW64PA3G/2026-w38.svg/ (+5ms) 
23:08:28   ├─ /badge/e_9CDJXKFG3CJ/2026-w38.svg/ (+2ms) 
23:08:28   ├─ /badge/e_9FCQF6CJ5E1/2026-w38.svg/ (+1ms) 
23:08:28   ├─ /badge/e_9KAX3YVBMVS/2026-w38.svg/ (+6ms) 
23:08:28   ├─ /badge/e_9M90X0G4YD2/2026-w38.svg/ (+2ms) 
23:08:28   ├─ /badge/e_9SWWW2SWASG/2026-w38.svg/ (+5ms) 
23:08:28   ├─ /badge/e_9VD4D2XPK7H/2026-w38.svg/ (+7ms) 
23:08:28   ├─ /badge/e_9VRK70WNP96/2026-w38.svg/ (+2ms) 
23:08:28   ├─ /badge/e_9XES4XNNQCV/2026-w38.svg/ (+2ms) 
23:08:28   ├─ /badge/e_A4CCB1NFPZB/2026-w38.svg/ (+2ms) 
23:08:28   ├─ /badge/e_ADRWZ5YBESZ/2026-w38.svg/ (+1ms) 
23:08:28   ├─ /badge/e_ADT3TJHK8W8/2026-w38.svg/ (+3ms) 
23:08:28   ├─ /badge/e_AH0SJKJD25Z/2026-w38.svg/ (+21ms) 
23:08:28   ├─ /badge/e_AZ9YNR6FPQZ/2026-w38.svg/ (+5ms) 
23:08:28   ├─ /badge/e_AZADD2TBHKR/2026-w38.svg/ (+15ms) 
23:08:28   ├─ /badge/e_B10ZF25BFZT/2026-w38.svg/ (+3ms) 
23:08:28   ├─ /badge/e_B1Q69HZTTMA/2026-w38.svg/ (+4ms) 
23:08:28   ├─ /badge/e_B42PV7X9SGR/2026-w38.svg/ (+4ms) 
23:08:28   ├─ /badge/e_BQ6HA5A661Z/2026-w38.svg/ (+3ms) 
23:08:28   ├─ /badge/e_BRB68FCWQQ1/2026-w38.svg/ (+32ms) 
23:08:29   ├─ /badge/e_BRECTAWD0GT/2026-w38.svg/ (+11ms) 
23:08:29   ├─ /badge/e_BTT9Q5KW4YN/2026-w38.svg/ (+7ms) 
23:08:29   ├─ /badge/e_C6EM2RQNX2S/2026-w38.svg/ (+2ms) 
23:08:29   ├─ /badge/e_D029GAZTH3Z/2026-w37.svg/ (+3ms) 
23:08:29   ├─ /badge/e_D5HEA3Z5ZYZ/2026-w38.svg/ (+2ms) 
23:08:29   ├─ /badge/e_D81ZQF8BMQS/2026-w38.svg/ (+1ms) 
23:08:29   ├─ /badge/e_DAFJYGYBDKF/2026-w38.svg/ (+3ms) 
23:08:29   ├─ /badge/e_DHESXAYAQHW/2026-w38.svg/ (+1ms) 
23:08:29   ├─ /badge/e_DQT3XHMXA2C/2026-w38.svg/ (+1ms) 
23:08:29   ├─ /badge/e_DY4152Q1HEE/2026-w38.svg/ (+2ms) 
23:08:29   ├─ /badge/e_E1019DQAZKS/2026-w38.svg/ (+2ms) 
23:08:29   ├─ /badge/e_E2WEN8QV5Q5/2026-w38.svg/ (+1ms) 
23:08:29   ├─ /badge/e_EDRGN5GQHSE/2026-w38.svg/ (+1ms) 
23:08:29   ├─ /badge/e_EDX1R1KVT3X/2026-w38.svg/ (+1ms) 
23:08:29   ├─ /badge/e_EF7QKB37YJK/2026-w38.svg/ (+2ms) 
23:08:29   ├─ /badge/e_EY620A0EAK9/2026-w38.svg/ (+4ms) 
23:08:29   ├─ /badge/e_F19ZE68DAS4/2026-w38.svg/ (+1ms) 
23:08:29   ├─ /badge/e_F7RJ7VXWPJ3/2026-w38.svg/ (+3ms) 
23:08:29   ├─ /badge/e_FJPV9XH9GPR/2026-w38.svg/ (+3ms) 
23:08:29   ├─ /badge/e_FTD4XD7DVG3/2026-w38.svg/ (+6ms) 
23:08:29   ├─ /badge/e_FWG4CE0H6WC/2026-w38.svg/ (+2ms) 
23:08:29   ├─ /badge/e_G2Q1BRT8GSR/2026-w38.svg/ (+5ms) 
23:08:29   ├─ /badge/e_G3RQ1T2X859/2026-w38.svg/ (+5ms) 
23:08:29   ├─ /badge/e_GFGYNAKFRW2/2026-w38.svg/ (+2ms) 
23:08:29   ├─ /badge/e_GP8J1E7TFDC/2026-w38.svg/ (+2ms) 
23:08:29   ├─ /badge/e_GQ2E6K86NWF/2026-w38.svg/ (+3ms) 
23:08:29   ├─ /badge/e_H6EVSN8Q85T/2026-w38.svg/ (+2ms) 
23:08:29   ├─ /badge/e_H6PPP8CA9RR/2026-w38.svg/ (+13ms) 
23:08:29   ├─ /badge/e_HAQNA853Q80/2026-w38.svg/ (+4ms) 
23:08:29   ├─ /badge/e_HPF1QZV0ZPX/2026-w38.svg/ (+1ms) 
23:08:29   ├─ /badge/e_HTQD84GES1K/2026-w38.svg/ (+1ms) 
23:08:29   ├─ /badge/e_J16JY8N155H/2026-w38.svg/ (+30ms) 
23:08:29   ├─ /badge/e_J32HBKYVHAT/2026-w38.svg/ (+11ms) 
23:08:29   ├─ /badge/e_J4DR3YCQCAN/2026-w38.svg/ (+1ms) 
23:08:29   ├─ /badge/e_J6GFPWGCTED/2026-w38.svg/ (+1ms) 
23:08:29   ├─ /badge/e_JA1TAYFFAHR/2026-w38.svg/ (+2ms) 
23:08:29   ├─ /badge/e_JBM5J6NVTF7/2026-w38.svg/ (+15ms) 
23:08:29   ├─ /badge/e_JJMQ9HG9Y99/2026-w38.svg/ (+2ms) 
23:08:29   ├─ /badge/e_JN83HWXP85Z/2026-w38.svg/ (+1ms) 
23:08:29   ├─ /badge/e_JPHG3Z9N56M/2026-w38.svg/ (+1ms) 
23:08:29   ├─ /badge/e_JPV9HP2D5X4/2026-w38.svg/ (+1ms) 
23:08:29   ├─ /badge/e_JR4RPDWKET0/2026-w38.svg/ (+1ms) 
23:08:29   ├─ /badge/e_JYFZ2CANJXT/2026-w38.svg/ (+2ms) 
23:08:29   ├─ /badge/e_JYS5BHD9SQG/2026-w38.svg/ (+1ms) 
23:08:29   ├─ /badge/e_KAKRS8DB7PY/2026-w38.svg/ (+0ms) 
23:08:29   ├─ /badge/e_KFRVE2CAS8W/2026-w38.svg/ (+1ms) 
23:08:29   ├─ /badge/e_KMM6CNTHW3C/2026-w38.svg/ (+0ms) 
23:08:29   ├─ /badge/e_KR3M8ESKAEW/2026-w38.svg/ (+1ms) 
23:08:29   ├─ /badge/e_KRDEF79H7GD/2026-w38.svg/ (+1ms) 
23:08:29   ├─ /badge/e_KZ3W52ZYP6H/2026-w38.svg/ (+0ms) 
23:08:29   ├─ /badge/e_M1E3ZT6VG3K/2026-w38.svg/ (+0ms) 
23:08:29   ├─ /badge/e_M4ZXRNVWZTH/2026-w38.svg/ (+0ms) 
23:08:29   ├─ /badge/e_M5SCCQPBZ89/2026-w38.svg/ (+1ms) 
23:08:29   ├─ /badge/e_M6GFCMQK7DQ/2026-w38.svg/ (+1ms) 
23:08:29   ├─ /badge/e_MB6DQ5PDDKH/2026-w38.svg/ (+1ms) 
23:08:29   ├─ /badge/e_MDD4QDWH205/2026-w38.svg/ (+1ms) 
23:08:29   ├─ /badge/e_MMGH765AVAA/2026-w38.svg/ (+8ms) 
23:08:29   ├─ /badge/e_MX90J81EYDE/2026-w38.svg/ (+1ms) 
23:08:29   ├─ /badge/e_MXJFHPMG9BH/2026-w38.svg/ (+12ms) 
23:08:29   ├─ /badge/e_N0ZEZQYXT6K/2026-w38.svg/ (+11ms) 
23:08:29   ├─ /badge/e_N2RFM19TP1D/2026-w38.svg/ (+9ms) 
23:08:29   ├─ /badge/e_N629H7DQD4K/2026-w38.svg/ (+10ms) 
23:08:29   ├─ /badge/e_N73RT0QZ0X4/2026-w37.svg/ (+17ms) 
23:08:29   ├─ /badge/e_NA2QKMK6XZM/2026-w38.svg/ (+15ms) 
23:08:29   ├─ /badge/e_NEH0J3ZF9KK/2026-w38.svg/ (+7ms) 
23:08:29   ├─ /badge/e_P4YGBAFMV94/2026-w38.svg/ (+11ms) 
23:08:29   ├─ /badge/e_P6TVM7W57M8/2026-w38.svg/ (+7ms) 
23:08:29   ├─ /badge/e_PCV8H6P7B04/2026-w38.svg/ (+2ms) 
23:08:29   ├─ /badge/e_PGN246ESKRS/2026-w38.svg/ (+1ms) 
23:08:29   ├─ /badge/e_PJKJBCHCEFY/2026-w38.svg/ (+1ms) 
23:08:29   ├─ /badge/e_PRCZN95ZV2R/2026-w38.svg/ (+3ms) 
23:08:29   ├─ /badge/e_Q4X4XZ13Y2W/2026-w38.svg/ (+2ms) 
23:08:29   ├─ /badge/e_QF7Y4CJ00Q4/2026-w38.svg/ (+1ms) 
23:08:29   ├─ /badge/e_QFECGB8X9W5/2026-w38.svg/ (+1ms) 
23:08:29   ├─ /badge/e_QHYA574DXDQ/2026-w38.svg/ (+1ms) 
23:08:29   ├─ /badge/e_QTVWFV6FJ2V/2026-w38.svg/ (+1ms) 
23:08:29   ├─ /badge/e_QV8QGGHJCSS/2026-w38.svg/ (+1ms) 
23:08:29   ├─ /badge/e_R2623KSCANW/2026-w38.svg/ (+1ms) 
23:08:29   ├─ /badge/e_R2KZCZM6TGV/2026-w38.svg/ (+2ms) 
23:08:29   ├─ /badge/e_R2TJDSZX29K/2026-w38.svg/ (+4ms) 
23:08:29   ├─ /badge/e_R2VJDA1P0WH/2026-w38.svg/ (+1ms) 
23:08:29   ├─ /badge/e_R372CCSVG44/2026-w38.svg/ (+1ms) 
23:08:29   ├─ /badge/e_RVCX5C4Z21K/2026-w38.svg/ (+1ms) 
23:08:29   ├─ /badge/e_S7DQ1QJCCMT/2026-w38.svg/ (+1ms) 
23:08:29   ├─ /badge/e_SFVE63D71XC/2026-w38.svg/ (+1ms) 
23:08:29   ├─ /badge/e_SNWV2DC244A/2026-w38.svg/ (+1ms) 
23:08:29   ├─ /badge/e_SV1CWRNS2SY/2026-w38.svg/ (+0ms) 
23:08:29   ├─ /badge/e_SV60T2QMXGE/2026-w38.svg/ (+1ms) 
23:08:29   ├─ /badge/e_SW0DQ4N81NG/2026-w38.svg/ (+1ms) 
23:08:29   ├─ /badge/e_TBARBJKAD2G/2026-w38.svg/ (+1ms) 
23:08:29   ├─ /badge/e_TEVNVWBZ8HJ/2026-w38.svg/ (+1ms) 
23:08:29   ├─ /badge/e_TEXN6TK2CRK/2026-w38.svg/ (+0ms) 
23:08:29   ├─ /badge/e_TP1WNE77VC5/2026-w38.svg/ (+1ms) 
23:08:29   ├─ /badge/e_TPZFR15XYF6/2026-w38.svg/ (+1ms) 
23:08:29   ├─ /badge/e_TRJN6D7V12H/2026-w38.svg/ (+1ms) 
23:08:29   ├─ /badge/e_TV0JWZEFEAQ/2026-w38.svg/ (+2ms) 
23:08:29   ├─ /badge/e_V05C8HCBBV2/2026-w38.svg/ (+5ms) 
23:08:29   ├─ /badge/e_V42GXYWY24C/2026-w38.svg/ (+30ms) 
23:08:29   ├─ /badge/e_V5N4GT09S49/2026-w38.svg/ (+2ms) 
23:08:29   ├─ /badge/e_V7MSNX3WC6J/2026-w38.svg/ (+1ms) 
23:08:29   ├─ /badge/e_V9ERGE3E0B4/2026-w38.svg/ (+1ms) 
23:08:29   ├─ /badge/e_VBBNJDDB0DA/2026-w38.svg/ (+1ms) 
23:08:29   ├─ /badge/e_VECQ6B2X7TX/2026-w38.svg/ (+2ms) 
23:08:29   ├─ /badge/e_VMQ8QRRDWVS/2026-w38.svg/ (+1ms) 
23:08:29   ├─ /badge/e_VVAJB7D0NQX/2026-w38.svg/ (+1ms) 
23:08:29   ├─ /badge/e_VYZ3F276TRB/2026-w38.svg/ (+1ms) 
23:08:29   ├─ /badge/e_W2REDH3NZ0S/2026-w38.svg/ (+1ms) 
23:08:29   ├─ /badge/e_W4SFE6Q23VK/2026-w38.svg/ (+1ms) 
23:08:29   ├─ /badge/e_W8KZKY27BTN/2026-w38.svg/ (+4ms) 
23:08:29   ├─ /badge/e_WPZ5QHX33YZ/2026-w38.svg/ (+1ms) 
23:08:29   ├─ /badge/e_WXA7918Y925/2026-w38.svg/ (+1ms) 
23:08:29   ├─ /badge/e_WZ8PH0FEW8B/2026-w38.svg/ (+2ms) 
23:08:29   ├─ /badge/e_X33782S1M13/2026-w38.svg/ (+4ms) 
23:08:29   ├─ /badge/e_X3P6ZMFQBQQ/2026-w38.svg/ (+12ms) 
23:08:29   ├─ /badge/e_X9JA7ZTD6TF/2026-w38.svg/ (+1ms) 
23:08:29   ├─ /badge/e_XTW34V97F7V/2026-w38.svg/ (+1ms) 
23:08:29   ├─ /badge/e_XTYDTXK7PNY/2026-w38.svg/ (+1ms) 
23:08:29   ├─ /badge/e_Y0KW8KTAF72/2026-w38.svg/ (+0ms) 
23:08:29   ├─ /badge/e_Y1AFX93KTS7/2026-w38.svg/ (+1ms) 
23:08:29   ├─ /badge/e_Y31RBTP1VWD/2026-w38.svg/ (+1ms) 
23:08:29   ├─ /badge/e_Y3CPRHKVF8H/2026-w38.svg/ (+1ms) 
23:08:29   ├─ /badge/e_Y3HMWAG1BQZ/2026-w38.svg/ (+1ms) 
23:08:29   ├─ /badge/e_Y8674BRJCH9/2026-w38.svg/ (+1ms) 
23:08:29   ├─ /badge/e_Y92940K5ESN/2026-w38.svg/ (+1ms) 
23:08:29   ├─ /badge/e_YHPJ8ZXSSQ4/2026-w38.svg/ (+0ms) 
23:08:29   ├─ /badge/e_YTYXW2BB5AP/2026-w38.svg/ (+0ms) 
23:08:29   ├─ /badge/e_Z5PD7ZHKYWB/2026-w38.svg/ (+0ms) 
23:08:29   ├─ /badge/e_Z7YDNC4F139/2026-w38.svg/ (+0ms) 
23:08:29   ├─ /badge/e_Z9WRNDMF5MT/2026-w38.svg/ (+0ms) 
23:08:29   ├─ /badge/e_ZQ2MJNFAEZS/2026-w38.svg/ (+0ms) 
23:08:29   ├─ /badge/e_ZRK10CYRA5W/2026-w38.svg/ (+1ms) 
23:08:29   ├─ /badge/e_ZTAQY2693CR/2026-w38.svg/ (+0ms) 
23:08:29   └─ /badge/e_ZV3H84Q13C1/2026-w38.svg/ (+0ms) 
23:08:29 λ src/pages/charts/e/[id]/[asset].svg.ts
23:08:35   ├─ /charts/e/e_01E6T51Z5NE/commits-9d18a826a3f1-b1.svg/ (+27ms) 
23:08:35   ├─ /charts/e/e_01E6T51Z5NE/heatmap-9d18a826a3f1-b1.svg/ (+8ms) 
23:08:35   ├─ /charts/e/e_01E6T51Z5NE/backfill-9d18a826a3f1-b1.svg/ (+1ms) 
23:08:35   ├─ /charts/e/e_01E6T51Z5NE/niche-9d18a826a3f1-b1.svg/ (+1ms) 
23:08:35   ├─ /charts/e/e_01E6T51Z5NE/changes-9d18a826a3f1-b1.svg/ (+2ms) 
23:08:35   ├─ /charts/e/e_01E6T51Z5NE/commits-66cffe06e8cb-b1.svg/ (+1ms) 
23:08:35   ├─ /charts/e/e_01E6T51Z5NE/heatmap-66cffe06e8cb-b1.svg/ (+2ms) 
23:08:35   ├─ /charts/e/e_01E6T51Z5NE/backfill-66cffe06e8cb-b1.svg/ (+1ms) 
23:08:35   ├─ /charts/e/e_01E6T51Z5NE/niche-66cffe06e8cb-b1.svg/ (+2ms) 
23:08:35   ├─ /charts/e/e_01E6T51Z5NE/changes-66cffe06e8cb-b1.svg/ (+5ms) 
23:08:35   ├─ /charts/e/e_01E6T51Z5NE/commits-46cf326e7985-b1.svg/ (+1ms) 
23:08:35   ├─ /charts/e/e_01E6T51Z5NE/heatmap-46cf326e7985-b1.svg/ (+1ms) 
23:08:35   ├─ /charts/e/e_01E6T51Z5NE/backfill-46cf326e7985-b1.svg/ (+1ms) 
23:08:35   ├─ /charts/e/e_01E6T51Z5NE/niche-46cf326e7985-b1.svg/ (+1ms) 
23:08:35   ├─ /charts/e/e_01E6T51Z5NE/changes-46cf326e7985-b1.svg/ (+0ms) 
23:08:35   ├─ /charts/e/e_01E6T51Z5NE/commits-515920e4ea3f-b1.svg/ (+1ms) 
23:08:35   ├─ /charts/e/e_01E6T51Z5NE/heatmap-515920e4ea3f-b1.svg/ (+1ms) 
23:08:35   ├─ /charts/e/e_01E6T51Z5NE/backfill-515920e4ea3f-b1.svg/ (+2ms) 
23:08:35   ├─ /charts/e/e_01E6T51Z5NE/niche-515920e4ea3f-b1.svg/ (+1ms) 
23:08:35   ├─ /charts/e/e_01E6T51Z5NE/changes-515920e4ea3f-b1.svg/ (+1ms) 
23:08:35   ├─ /charts/e/e_01E6T51Z5NE/commits-0a7b1714d0ad-b1.svg/ (+3ms) 
23:08:35   ├─ /charts/e/e_01E6T51Z5NE/heatmap-0a7b1714d0ad-b1.svg/ (+5ms) 
23:08:35   ├─ /charts/e/e_01E6T51Z5NE/backfill-0a7b1714d0ad-b1.svg/ (+4ms) 
23:08:35   ├─ /charts/e/e_01E6T51Z5NE/niche-0a7b1714d0ad-b1.svg/ (+1ms) 
23:08:35   ├─ /charts/e/e_01E6T51Z5NE/changes-0a7b1714d0ad-b1.svg/ (+1ms) 
23:08:35   ├─ /charts/e/e_01E6T51Z5NE/commits-fcfd3a7ccdcb-b1.svg/ (+1ms) 
23:08:35   ├─ /charts/e/e_01E6T51Z5NE/heatmap-fcfd3a7ccdcb-b1.svg/ (+1ms) 
23:08:35   ├─ /charts/e/e_01E6T51Z5NE/backfill-fcfd3a7ccdcb-b1.svg/ (+0ms) 
23:08:35   ├─ /charts/e/e_01E6T51Z5NE/niche-fcfd3a7ccdcb-b1.svg/ (+1ms) 
23:08:35   ├─ /charts/e/e_01E6T51Z5NE/changes-fcfd3a7ccdcb-b1.svg/ (+1ms) 
23:08:35   ├─ /charts/e/e_0W3HYER2F5A/commits-66cffe06e8cb-b1.svg/ (+20ms) 
23:08:35   ├─ /charts/e/e_0W3HYER2F5A/heatmap-66cffe06e8cb-b1.svg/ (+1ms) 
23:08:35   ├─ /charts/e/e_0W3HYER2F5A/niche-66cffe06e8cb-b1.svg/ (+5ms) 
23:08:35   ├─ /charts/e/e_0W3HYER2F5A/changes-66cffe06e8cb-b1.svg/ (+2ms) 
23:08:35   ├─ /charts/e/e_0W3HYER2F5A/commits-46cf326e7985-b1.svg/ (+4ms) 
23:08:35   ├─ /charts/e/e_0W3HYER2F5A/heatmap-46cf326e7985-b1.svg/ (+3ms) 
23:08:35   ├─ /charts/e/e_0W3HYER2F5A/niche-46cf326e7985-b1.svg/ (+2ms) 
23:08:35   ├─ /charts/e/e_0W3HYER2F5A/changes-46cf326e7985-b1.svg/ (+2ms) 
23:08:35   ├─ /charts/e/e_0W3HYER2F5A/commits-515920e4ea3f-b1.svg/ (+2ms) 
23:08:35   ├─ /charts/e/e_0W3HYER2F5A/heatmap-515920e4ea3f-b1.svg/ (+2ms) 
23:08:35   ├─ /charts/e/e_0W3HYER2F5A/niche-515920e4ea3f-b1.svg/ (+2ms) 
23:08:35   ├─ /charts/e/e_0W3HYER2F5A/changes-515920e4ea3f-b1.svg/ (+4ms) 
23:08:35   ├─ /charts/e/e_0W3HYER2F5A/commits-0a7b1714d0ad-b1.svg/ (+2ms) 
23:08:35   ├─ /charts/e/e_0W3HYER2F5A/heatmap-0a7b1714d0ad-b1.svg/ (+1ms) 
23:08:35   ├─ /charts/e/e_0W3HYER2F5A/niche-0a7b1714d0ad-b1.svg/ (+1ms) 
23:08:35   ├─ /charts/e/e_0W3HYER2F5A/changes-0a7b1714d0ad-b1.svg/ (+1ms) 
23:08:35   ├─ /charts/e/e_0W3HYER2F5A/commits-fcfd3a7ccdcb-b1.svg/ (+3ms) 
23:08:35   ├─ /charts/e/e_0W3HYER2F5A/heatmap-fcfd3a7ccdcb-b1.svg/ (+2ms) 
23:08:35   ├─ /charts/e/e_0W3HYER2F5A/niche-fcfd3a7ccdcb-b1.svg/ (+4ms) 
23:08:35   ├─ /charts/e/e_0W3HYER2F5A/changes-fcfd3a7ccdcb-b1.svg/ (+7ms) 
23:08:35   ├─ /charts/e/e_126THNX952P/commits-8b04a522dda1-b1.svg/ (+1ms) 
23:08:35   ├─ /charts/e/e_126THNX952P/heatmap-8b04a522dda1-b1.svg/ (+3ms) 
23:08:35   ├─ /charts/e/e_126THNX952P/backfill-8b04a522dda1-b1.svg/ (+5ms) 
23:08:35   ├─ /charts/e/e_126THNX952P/niche-8b04a522dda1-b1.svg/ (+5ms) 
23:08:35   ├─ /charts/e/e_126THNX952P/changes-8b04a522dda1-b1.svg/ (+3ms) 
23:08:35   ├─ /charts/e/e_126THNX952P/commits-f1f2495d518d-b1.svg/ (+11ms) 
23:08:35   ├─ /charts/e/e_126THNX952P/heatmap-f1f2495d518d-b1.svg/ (+1ms) 
23:08:35   ├─ /charts/e/e_126THNX952P/backfill-f1f2495d518d-b1.svg/ (+2ms) 
23:08:35   ├─ /charts/e/e_126THNX952P/niche-f1f2495d518d-b1.svg/ (+2ms) 
23:08:35   ├─ /charts/e/e_126THNX952P/changes-f1f2495d518d-b1.svg/ (+1ms) 
23:08:35   ├─ /charts/e/e_126THNX952P/commits-7e6b5bcfba2a-b1.svg/ (+16ms) 
23:08:35   ├─ /charts/e/e_126THNX952P/heatmap-7e6b5bcfba2a-b1.svg/ (+4ms) 
23:08:35   ├─ /charts/e/e_126THNX952P/backfill-7e6b5bcfba2a-b1.svg/ (+1ms) 
23:08:35   ├─ /charts/e/e_126THNX952P/niche-7e6b5bcfba2a-b1.svg/ (+6ms) 
23:08:35   ├─ /charts/e/e_126THNX952P/changes-7e6b5bcfba2a-b1.svg/ (+1ms) 
23:08:35   ├─ /charts/e/e_126THNX952P/commits-df540ea0d40d-b1.svg/ (+1ms) 
23:08:35   ├─ /charts/e/e_126THNX952P/heatmap-df540ea0d40d-b1.svg/ (+4ms) 
23:08:35   ├─ /charts/e/e_126THNX952P/backfill-df540ea0d40d-b1.svg/ (+2ms) 
23:08:35   ├─ /charts/e/e_126THNX952P/niche-df540ea0d40d-b1.svg/ (+7ms) 
23:08:35   ├─ /charts/e/e_126THNX952P/changes-df540ea0d40d-b1.svg/ (+7ms) 
23:08:35   ├─ /charts/e/e_126THNX952P/commits-064bcdd1c2d3-b1.svg/ (+5ms) 
23:08:35   ├─ /charts/e/e_126THNX952P/heatmap-064bcdd1c2d3-b1.svg/ (+10ms) 
23:08:35   ├─ /charts/e/e_126THNX952P/backfill-064bcdd1c2d3-b1.svg/ (+2ms) 
23:08:35   ├─ /charts/e/e_126THNX952P/niche-064bcdd1c2d3-b1.svg/ (+2ms) 
23:08:35   ├─ /charts/e/e_126THNX952P/changes-064bcdd1c2d3-b1.svg/ (+1ms) 
23:08:35   ├─ /charts/e/e_126THNX952P/commits-be624cbf9aec-b1.svg/ (+1ms) 
23:08:36   ├─ /charts/e/e_126THNX952P/heatmap-be624cbf9aec-b1.svg/ (+1ms) 
23:08:36   ├─ /charts/e/e_126THNX952P/backfill-be624cbf9aec-b1.svg/ (+1ms) 
23:08:36   ├─ /charts/e/e_126THNX952P/niche-be624cbf9aec-b1.svg/ (+1ms) 
23:08:36   ├─ /charts/e/e_126THNX952P/changes-be624cbf9aec-b1.svg/ (+1ms) 
23:08:36   ├─ /charts/e/e_126THNX952P/commits-fe618519ff6a-b1.svg/ (+1ms) 
23:08:36   ├─ /charts/e/e_126THNX952P/heatmap-fe618519ff6a-b1.svg/ (+1ms) 
23:08:36   ├─ /charts/e/e_126THNX952P/backfill-fe618519ff6a-b1.svg/ (+1ms) 
23:08:36   ├─ /charts/e/e_126THNX952P/niche-fe618519ff6a-b1.svg/ (+2ms) 
23:08:36   ├─ /charts/e/e_126THNX952P/changes-fe618519ff6a-b1.svg/ (+1ms) 
23:08:36   ├─ /charts/e/e_126THNX952P/commits-9d18a826a3f1-b1.svg/ (+1ms) 
23:08:36   ├─ /charts/e/e_126THNX952P/heatmap-9d18a826a3f1-b1.svg/ (+2ms) 
23:08:36   ├─ /charts/e/e_126THNX952P/backfill-9d18a826a3f1-b1.svg/ (+2ms) 
23:08:36   ├─ /charts/e/e_126THNX952P/niche-9d18a826a3f1-b1.svg/ (+2ms) 
23:08:36   ├─ /charts/e/e_126THNX952P/changes-9d18a826a3f1-b1.svg/ (+2ms) 
23:08:36   ├─ /charts/e/e_126THNX952P/commits-66cffe06e8cb-b1.svg/ (+1ms) 
23:08:36   ├─ /charts/e/e_126THNX952P/heatmap-66cffe06e8cb-b1.svg/ (+1ms) 
23:08:36   ├─ /charts/e/e_126THNX952P/backfill-66cffe06e8cb-b1.svg/ (+1ms) 
23:08:36   ├─ /charts/e/e_126THNX952P/niche-66cffe06e8cb-b1.svg/ (+1ms) 
23:08:36   ├─ /charts/e/e_126THNX952P/changes-66cffe06e8cb-b1.svg/ (+2ms) 
23:08:36   ├─ /charts/e/e_126THNX952P/commits-46cf326e7985-b1.svg/ (+1ms) 
23:08:36   ├─ /charts/e/e_126THNX952P/heatmap-46cf326e7985-b1.svg/ (+1ms) 
23:08:36   ├─ /charts/e/e_126THNX952P/backfill-46cf326e7985-b1.svg/ (+1ms) 
23:08:36   ├─ /charts/e/e_126THNX952P/niche-46cf326e7985-b1.svg/ (+1ms) 
23:08:36   ├─ /charts/e/e_126THNX952P/changes-46cf326e7985-b1.svg/ (+1ms) 
23:08:36   ├─ /charts/e/e_126THNX952P/commits-515920e4ea3f-b1.svg/ (+1ms) 
23:08:36   ├─ /charts/e/e_126THNX952P/heatmap-515920e4ea3f-b1.svg/ (+1ms) 
23:08:36   ├─ /charts/e/e_126THNX952P/backfill-515920e4ea3f-b1.svg/ (+1ms) 
23:08:36   ├─ /charts/e/e_126THNX952P/niche-515920e4ea3f-b1.svg/ (+1ms) 
23:08:36   ├─ /charts/e/e_126THNX952P/changes-515920e4ea3f-b1.svg/ (+0ms) 
23:08:36   ├─ /charts/e/e_126THNX952P/commits-0a7b1714d0ad-b1.svg/ (+3ms) 
23:08:36   ├─ /charts/e/e_126THNX952P/heatmap-0a7b1714d0ad-b1.svg/ (+2ms) 
23:08:36   ├─ /charts/e/e_126THNX952P/backfill-0a7b1714d0ad-b1.svg/ (+3ms) 
23:08:36   ├─ /charts/e/e_126THNX952P/niche-0a7b1714d0ad-b1.svg/ (+1ms) 
23:08:36   ├─ /charts/e/e_126THNX952P/changes-0a7b1714d0ad-b1.svg/ (+1ms) 
23:08:36   ├─ /charts/e/e_126THNX952P/commits-fcfd3a7ccdcb-b1.svg/ (+1ms) 
23:08:36   ├─ /charts/e/e_126THNX952P/heatmap-fcfd3a7ccdcb-b1.svg/ (+1ms) 
23:08:36   ├─ /charts/e/e_126THNX952P/backfill-fcfd3a7ccdcb-b1.svg/ (+5ms) 
23:08:36   ├─ /charts/e/e_126THNX952P/niche-fcfd3a7ccdcb-b1.svg/ (+2ms) 
23:08:36   ├─ /charts/e/e_126THNX952P/changes-fcfd3a7ccdcb-b1.svg/ (+1ms) 
23:08:36   ├─ /charts/e/e_13NVVKJA2MM/commits-8b04a522dda1-b1.svg/ (+1ms) 
23:08:36   ├─ /charts/e/e_13NVVKJA2MM/heatmap-8b04a522dda1-b1.svg/ (+37ms) 
23:08:36   ├─ /charts/e/e_13NVVKJA2MM/backfill-8b04a522dda1-b1.svg/ (+2ms) 
23:08:36   ├─ /charts/e/e_13NVVKJA2MM/niche-8b04a522dda1-b1.svg/ (+2ms) 
23:08:36   ├─ /charts/e/e_13NVVKJA2MM/changes-8b04a522dda1-b1.svg/ (+7ms) 
23:08:36   ├─ /charts/e/e_13NVVKJA2MM/commits-f1f2495d518d-b1.svg/ (+4ms) 
23:08:36   ├─ /charts/e/e_13NVVKJA2MM/heatmap-f1f2495d518d-b1.svg/ (+3ms) 
23:08:36   ├─ /charts/e/e_13NVVKJA2MM/backfill-f1f2495d518d-b1.svg/ (+2ms) 
23:08:36   ├─ /charts/e/e_13NVVKJA2MM/niche-f1f2495d518d-b1.svg/ (+1ms) 
23:08:36   ├─ /charts/e/e_13NVVKJA2MM/changes-f1f2495d518d-b1.svg/ (+1ms) 
23:08:36   ├─ /charts/e/e_13NVVKJA2MM/commits-f1f2495d518d-b1.svg/ (+2ms) 
23:08:36   ├─ /charts/e/e_13NVVKJA2MM/heatmap-f1f2495d518d-b1.svg/ (+2ms) 
23:08:36   ├─ /charts/e/e_13NVVKJA2MM/backfill-f1f2495d518d-b1.svg/ (+1ms) 
23:08:36   ├─ /charts/e/e_13NVVKJA2MM/niche-f1f2495d518d-b1.svg/ (+2ms) 
23:08:36   ├─ /charts/e/e_13NVVKJA2MM/changes-f1f2495d518d-b1.svg/ (+2ms) 
23:08:36   ├─ /charts/e/e_13NVVKJA2MM/commits-7e6b5bcfba2a-b1.svg/ (+1ms) 
23:08:36   ├─ /charts/e/e_13NVVKJA2MM/heatmap-7e6b5bcfba2a-b1.svg/ (+2ms) 
23:08:36   ├─ /charts/e/e_13NVVKJA2MM/daily-7e6b5bcfba2a-b1.svg/ (+1ms) 
23:08:36   ├─ /charts/e/e_13NVVKJA2MM/backfill-7e6b5bcfba2a-b1.svg/ (+1ms) 
23:08:36   ├─ /charts/e/e_13NVVKJA2MM/niche-7e6b5bcfba2a-b1.svg/ (+1ms) 
23:08:36   ├─ /charts/e/e_13NVVKJA2MM/changes-7e6b5bcfba2a-b1.svg/ (+2ms) 
23:08:36   ├─ /charts/e/e_13NVVKJA2MM/commits-df540ea0d40d-b1.svg/ (+4ms) 
23:08:36   ├─ /charts/e/e_13NVVKJA2MM/heatmap-df540ea0d40d-b1.svg/ (+2ms) 
23:08:36   ├─ /charts/e/e_13NVVKJA2MM/daily-df540ea0d40d-b1.svg/ (+1ms) 
23:08:36   ├─ /charts/e/e_13NVVKJA2MM/backfill-df540ea0d40d-b1.svg/ (+2ms) 
23:08:36   ├─ /charts/e/e_13NVVKJA2MM/niche-df540ea0d40d-b1.svg/ (+4ms) 
23:08:36   ├─ /charts/e/e_13NVVKJA2MM/changes-df540ea0d40d-b1.svg/ (+1ms) 
23:08:36   ├─ /charts/e/e_13NVVKJA2MM/commits-064bcdd1c2d3-b1.svg/ (+1ms) 
23:08:36   ├─ /charts/e/e_13NVVKJA2MM/heatmap-064bcdd1c2d3-b1.svg/ (+11ms) 
23:08:36   ├─ /charts/e/e_13NVVKJA2MM/daily-064bcdd1c2d3-b1.svg/ (+7ms) 
23:08:36   ├─ /charts/e/e_13NVVKJA2MM/backfill-064bcdd1c2d3-b1.svg/ (+23ms) 
23:08:36   ├─ /charts/e/e_13NVVKJA2MM/niche-064bcdd1c2d3-b1.svg/ (+23ms) 
23:08:36   ├─ /charts/e/e_13NVVKJA2MM/changes-064bcdd1c2d3-b1.svg/ (+0ms) 
23:08:36   ├─ /charts/e/e_13NVVKJA2MM/commits-fe618519ff6a-b1.svg/ (+2ms) 
23:08:36   ├─ /charts/e/e_13NVVKJA2MM/heatmap-fe618519ff6a-b1.svg/ (+2ms) 
23:08:36   ├─ /charts/e/e_13NVVKJA2MM/daily-fe618519ff6a-b1.svg/ (+4ms) 
23:08:36   ├─ /charts/e/e_13NVVKJA2MM/backfill-fe618519ff6a-b1.svg/ (+4ms) 
23:08:36   ├─ /charts/e/e_13NVVKJA2MM/niche-fe618519ff6a-b1.svg/ (+1ms) 
23:08:36   ├─ /charts/e/e_13NVVKJA2MM/changes-fe618519ff6a-b1.svg/ (+2ms) 
23:08:36   ├─ /charts/e/e_13NVVKJA2MM/commits-035a72a81e59-b1.svg/ (+3ms) 
23:08:36   ├─ /charts/e/e_13NVVKJA2MM/heatmap-035a72a81e59-b1.svg/ (+1ms) 
23:08:36   ├─ /charts/e/e_13NVVKJA2MM/daily-035a72a81e59-b1.svg/ (+1ms) 
23:08:36   ├─ /charts/e/e_13NVVKJA2MM/backfill-035a72a81e59-b1.svg/ (+1ms) 
23:08:36   ├─ /charts/e/e_13NVVKJA2MM/niche-035a72a81e59-b1.svg/ (+7ms) 
23:08:36   ├─ /charts/e/e_13NVVKJA2MM/changes-035a72a81e59-b1.svg/ (+5ms) 
23:08:36   ├─ /charts/e/e_13NVVKJA2MM/commits-9d18a826a3f1-b1.svg/ (+4ms) 
23:08:36   ├─ /charts/e/e_13NVVKJA2MM/heatmap-9d18a826a3f1-b1.svg/ (+2ms) 
23:08:36   ├─ /charts/e/e_13NVVKJA2MM/daily-9d18a826a3f1-b1.svg/ (+1ms) 
23:08:36   ├─ /charts/e/e_13NVVKJA2MM/backfill-9d18a826a3f1-b1.svg/ (+1ms) 
23:08:36   ├─ /charts/e/e_13NVVKJA2MM/niche-9d18a826a3f1-b1.svg/ (+2ms) 
23:08:36   ├─ /charts/e/e_13NVVKJA2MM/changes-9d18a826a3f1-b1.svg/ (+1ms) 
23:08:36   ├─ /charts/e/e_13NVVKJA2MM/commits-66cffe06e8cb-b1.svg/ (+1ms) 
23:08:36   ├─ /charts/e/e_13NVVKJA2MM/heatmap-66cffe06e8cb-b1.svg/ (+1ms) 
23:08:36   ├─ /charts/e/e_13NVVKJA2MM/daily-66cffe06e8cb-b1.svg/ (+0ms) 
23:08:36   ├─ /charts/e/e_13NVVKJA2MM/backfill-66cffe06e8cb-b1.svg/ (+3ms) 
23:08:36   ├─ /charts/e/e_13NVVKJA2MM/niche-66cffe06e8cb-b1.svg/ (+1ms) 
23:08:36   ├─ /charts/e/e_13NVVKJA2MM/changes-66cffe06e8cb-b1.svg/ (+1ms) 
23:08:36   ├─ /charts/e/e_13NVVKJA2MM/commits-46cf326e7985-b1.svg/ (+5ms) 
23:08:36   ├─ /charts/e/e_13NVVKJA2MM/heatmap-46cf326e7985-b1.svg/ (+2ms) 
23:08:36   ├─ /charts/e/e_13NVVKJA2MM/daily-46cf326e7985-b1.svg/ (+23ms) 
23:08:36   ├─ /charts/e/e_13NVVKJA2MM/backfill-46cf326e7985-b1.svg/ (+16ms) 
23:08:36   ├─ /charts/e/e_13NVVKJA2MM/niche-46cf326e7985-b1.svg/ (+8ms) 
23:08:36   ├─ /charts/e/e_13NVVKJA2MM/changes-46cf326e7985-b1.svg/ (+14ms) 
23:08:36   ├─ /charts/e/e_13NVVKJA2MM/commits-515920e4ea3f-b1.svg/ (+12ms) 
23:08:36   ├─ /charts/e/e_13NVVKJA2MM/heatmap-515920e4ea3f-b1.svg/ (+10ms) 
23:08:36   ├─ /charts/e/e_13NVVKJA2MM/daily-515920e4ea3f-b1.svg/ (+14ms) 
23:08:36   ├─ /charts/e/e_13NVVKJA2MM/backfill-515920e4ea3f-b1.svg/ (+14ms) 
23:08:36   ├─ /charts/e/e_13NVVKJA2MM/niche-515920e4ea3f-b1.svg/ (+12ms) 
23:08:36   ├─ /charts/e/e_13NVVKJA2MM/changes-515920e4ea3f-b1.svg/ (+16ms) 
23:08:36   ├─ /charts/e/e_13NVVKJA2MM/commits-0a7b1714d0ad-b1.svg/ (+2ms) 
23:08:36   ├─ /charts/e/e_13NVVKJA2MM/heatmap-0a7b1714d0ad-b1.svg/ (+1ms) 
23:08:36   ├─ /charts/e/e_13NVVKJA2MM/daily-0a7b1714d0ad-b1.svg/ (+0ms) 
23:08:36   ├─ /charts/e/e_13NVVKJA2MM/backfill-0a7b1714d0ad-b1.svg/ (+1ms) 
23:08:36   ├─ /charts/e/e_13NVVKJA2MM/niche-0a7b1714d0ad-b1.svg/ (+2ms) 
23:08:36   ├─ /charts/e/e_13NVVKJA2MM/changes-0a7b1714d0ad-b1.svg/ (+15ms) 
23:08:36   ├─ /charts/e/e_13NVVKJA2MM/commits-fcfd3a7ccdcb-b1.svg/ (+2ms) 
23:08:36   ├─ /charts/e/e_13NVVKJA2MM/heatmap-fcfd3a7ccdcb-b1.svg/ (+1ms) 
23:08:36   ├─ /charts/e/e_13NVVKJA2MM/dependents-fcfd3a7ccdcb-b1.svg/ (+1ms) 
23:08:36   ├─ /charts/e/e_13NVVKJA2MM/daily-fcfd3a7ccdcb-b1.svg/ (+1ms) 
23:08:36   ├─ /charts/e/e_13NVVKJA2MM/backfill-fcfd3a7ccdcb-b1.svg/ (+1ms) 
23:08:36   ├─ /charts/e/e_13NVVKJA2MM/niche-fcfd3a7ccdcb-b1.svg/ (+1ms) 
23:08:36   ├─ /charts/e/e_13NVVKJA2MM/changes-fcfd3a7ccdcb-b1.svg/ (+0ms) 
23:08:36   ├─ /charts/e/e_15DZEMC0CJY/commits-66cffe06e8cb-b1.svg/ (+1ms) 
23:08:36   ├─ /charts/e/e_15DZEMC0CJY/heatmap-66cffe06e8cb-b1.svg/ (+0ms) 
23:08:36   ├─ /charts/e/e_15DZEMC0CJY/backfill-66cffe06e8cb-b1.svg/ (+2ms) 
23:08:36   ├─ /charts/e/e_15DZEMC0CJY/niche-66cffe06e8cb-b1.svg/ (+2ms) 
23:08:36   ├─ /charts/e/e_15DZEMC0CJY/changes-66cffe06e8cb-b1.svg/ (+2ms) 
23:08:36   ├─ /charts/e/e_15DZEMC0CJY/commits-46cf326e7985-b1.svg/ (+1ms) 
23:08:36   ├─ /charts/e/e_15DZEMC0CJY/heatmap-46cf326e7985-b1.svg/ (+1ms) 
23:08:36   ├─ /charts/e/e_15DZEMC0CJY/backfill-46cf326e7985-b1.svg/ (+2ms) 
23:08:36   ├─ /charts/e/e_15DZEMC0CJY/niche-46cf326e7985-b1.svg/ (+2ms) 
23:08:36   ├─ /charts/e/e_15DZEMC0CJY/changes-46cf326e7985-b1.svg/ (+19ms) 
23:08:36   ├─ /charts/e/e_15DZEMC0CJY/commits-515920e4ea3f-b1.svg/ (+13ms) 
23:08:36   ├─ /charts/e/e_15DZEMC0CJY/heatmap-515920e4ea3f-b1.svg/ (+9ms) 
23:08:36   ├─ /charts/e/e_15DZEMC0CJY/backfill-515920e4ea3f-b1.svg/ (+1ms) 
23:08:36   ├─ /charts/e/e_15DZEMC0CJY/niche-515920e4ea3f-b1.svg/ (+1ms) 
23:08:36   ├─ /charts/e/e_15DZEMC0CJY/changes-515920e4ea3f-b1.svg/ (+2ms) 
23:08:36   ├─ /charts/e/e_15DZEMC0CJY/commits-0a7b1714d0ad-b1.svg/ (+1ms) 
23:08:36   ├─ /charts/e/e_15DZEMC0CJY/heatmap-0a7b1714d0ad-b1.svg/ (+2ms) 
23:08:36   ├─ /charts/e/e_15DZEMC0CJY/backfill-0a7b1714d0ad-b1.svg/ (+3ms) 
23:08:36   ├─ /charts/e/e_15DZEMC0CJY/niche-0a7b1714d0ad-b1.svg/ (+1ms) 
23:08:36   ├─ /charts/e/e_15DZEMC0CJY/changes-0a7b1714d0ad-b1.svg/ (+0ms) 
23:08:36   ├─ /charts/e/e_15DZEMC0CJY/commits-fcfd3a7ccdcb-b1.svg/ (+0ms) 
23:08:36   ├─ /charts/e/e_15DZEMC0CJY/heatmap-fcfd3a7ccdcb-b1.svg/ (+0ms) 
23:08:36   ├─ /charts/e/e_15DZEMC0CJY/backfill-fcfd3a7ccdcb-b1.svg/ (+8ms) 
23:08:36   ├─ /charts/e/e_15DZEMC0CJY/niche-fcfd3a7ccdcb-b1.svg/ (+6ms) 
23:08:36   ├─ /charts/e/e_15DZEMC0CJY/changes-fcfd3a7ccdcb-b1.svg/ (+1ms) 
23:08:36   ├─ /charts/e/e_1TMQEKAN7S6/commits-8b04a522dda1-b1.svg/ (+0ms) 
23:08:36   ├─ /charts/e/e_1TMQEKAN7S6/heatmap-8b04a522dda1-b1.svg/ (+2ms) 
23:08:36   ├─ /charts/e/e_1TMQEKAN7S6/backfill-8b04a522dda1-b1.svg/ (+2ms) 
23:08:36   ├─ /charts/e/e_1TMQEKAN7S6/niche-8b04a522dda1-b1.svg/ (+6ms) 
23:08:36   ├─ /charts/e/e_1TMQEKAN7S6/changes-8b04a522dda1-b1.svg/ (+2ms) 
23:08:36   ├─ /charts/e/e_1TMQEKAN7S6/commits-f1f2495d518d-b1.svg/ (+1ms) 
23:08:36   ├─ /charts/e/e_1TMQEKAN7S6/heatmap-f1f2495d518d-b1.svg/ (+0ms) 
23:08:36   ├─ /charts/e/e_1TMQEKAN7S6/backfill-f1f2495d518d-b1.svg/ (+0ms) 
23:08:36   ├─ /charts/e/e_1TMQEKAN7S6/niche-f1f2495d518d-b1.svg/ (+0ms) 
23:08:36   ├─ /charts/e/e_1TMQEKAN7S6/changes-f1f2495d518d-b1.svg/ (+1ms) 
23:08:36   ├─ /charts/e/e_1TMQEKAN7S6/commits-f1f2495d518d-b1.svg/ (+2ms) 
23:08:36   ├─ /charts/e/e_1TMQEKAN7S6/heatmap-f1f2495d518d-b1.svg/ (+1ms) 
23:08:36   ├─ /charts/e/e_1TMQEKAN7S6/backfill-f1f2495d518d-b1.svg/ (+1ms) 
23:08:36   ├─ /charts/e/e_1TMQEKAN7S6/niche-f1f2495d518d-b1.svg/ (+1ms) 
23:08:36   ├─ /charts/e/e_1TMQEKAN7S6/changes-f1f2495d518d-b1.svg/ (+0ms) 
23:08:36   ├─ /charts/e/e_1TMQEKAN7S6/commits-7e6b5bcfba2a-b1.svg/ (+0ms) 
23:08:36   ├─ /charts/e/e_1TMQEKAN7S6/heatmap-7e6b5bcfba2a-b1.svg/ (+1ms) 
23:08:36   ├─ /charts/e/e_1TMQEKAN7S6/backfill-7e6b5bcfba2a-b1.svg/ (+1ms) 
23:08:36   ├─ /charts/e/e_1TMQEKAN7S6/niche-7e6b5bcfba2a-b1.svg/ (+1ms) 
23:08:36   ├─ /charts/e/e_1TMQEKAN7S6/changes-7e6b5bcfba2a-b1.svg/ (+3ms) 
23:08:36   ├─ /charts/e/e_1TMQEKAN7S6/commits-df540ea0d40d-b1.svg/ (+2ms) 
23:08:36   ├─ /charts/e/e_1TMQEKAN7S6/heatmap-df540ea0d40d-b1.svg/ (+1ms) 
23:08:36   ├─ /charts/e/e_1TMQEKAN7S6/backfill-df540ea0d40d-b1.svg/ (+0ms) 
23:08:36   ├─ /charts/e/e_1TMQEKAN7S6/niche-df540ea0d40d-b1.svg/ (+3ms) 
23:08:36   ├─ /charts/e/e_1TMQEKAN7S6/changes-df540ea0d40d-b1.svg/ (+4ms) 
23:08:36   ├─ /charts/e/e_1TMQEKAN7S6/commits-064bcdd1c2d3-b1.svg/ (+1ms) 
23:08:36   ├─ /charts/e/e_1TMQEKAN7S6/heatmap-064bcdd1c2d3-b1.svg/ (+1ms) 
23:08:36   ├─ /charts/e/e_1TMQEKAN7S6/backfill-064bcdd1c2d3-b1.svg/ (+3ms) 
23:08:36   ├─ /charts/e/e_1TMQEKAN7S6/niche-064bcdd1c2d3-b1.svg/ (+1ms) 
23:08:36   ├─ /charts/e/e_1TMQEKAN7S6/changes-064bcdd1c2d3-b1.svg/ (+2ms) 
23:08:36   ├─ /charts/e/e_1TMQEKAN7S6/commits-be624cbf9aec-b1.svg/ (+19ms) 
23:08:36   ├─ /charts/e/e_1TMQEKAN7S6/heatmap-be624cbf9aec-b1.svg/ (+1ms) 
23:08:36   ├─ /charts/e/e_1TMQEKAN7S6/backfill-be624cbf9aec-b1.svg/ (+2ms) 
23:08:36   ├─ /charts/e/e_1TMQEKAN7S6/niche-be624cbf9aec-b1.svg/ (+2ms) 
23:08:36   ├─ /charts/e/e_1TMQEKAN7S6/changes-be624cbf9aec-b1.svg/ (+1ms) 
23:08:36   ├─ /charts/e/e_1TMQEKAN7S6/commits-fe618519ff6a-b1.svg/ (+1ms) 
23:08:36   ├─ /charts/e/e_1TMQEKAN7S6/heatmap-fe618519ff6a-b1.svg/ (+1ms) 
23:08:36   ├─ /charts/e/e_1TMQEKAN7S6/backfill-fe618519ff6a-b1.svg/ (+0ms) 
23:08:36   ├─ /charts/e/e_1TMQEKAN7S6/niche-fe618519ff6a-b1.svg/ (+0ms) 
23:08:36   ├─ /charts/e/e_1TMQEKAN7S6/changes-fe618519ff6a-b1.svg/ (+0ms) 
23:08:36   ├─ /charts/e/e_1TMQEKAN7S6/commits-035a72a81e59-b1.svg/ (+0ms) 
23:08:36   ├─ /charts/e/e_1TMQEKAN7S6/heatmap-035a72a81e59-b1.svg/ (+2ms) 
23:08:36   ├─ /charts/e/e_1TMQEKAN7S6/backfill-035a72a81e59-b1.svg/ (+2ms) 
23:08:36   ├─ /charts/e/e_1TMQEKAN7S6/niche-035a72a81e59-b1.svg/ (+1ms) 
23:08:36   ├─ /charts/e/e_1TMQEKAN7S6/changes-035a72a81e59-b1.svg/ (+2ms) 
23:08:36   ├─ /charts/e/e_1TMQEKAN7S6/commits-9d18a826a3f1-b1.svg/ (+1ms) 
23:08:36   ├─ /charts/e/e_1TMQEKAN7S6/heatmap-9d18a826a3f1-b1.svg/ (+0ms) 
23:08:36   ├─ /charts/e/e_1TMQEKAN7S6/backfill-9d18a826a3f1-b1.svg/ (+1ms) 
23:08:36   ├─ /charts/e/e_1TMQEKAN7S6/niche-9d18a826a3f1-b1.svg/ (+0ms) 
23:08:36   ├─ /charts/e/e_1TMQEKAN7S6/changes-9d18a826a3f1-b1.svg/ (+0ms) 
23:08:36   ├─ /charts/e/e_1TMQEKAN7S6/commits-66cffe06e8cb-b1.svg/ (+0ms) 
23:08:36   ├─ /charts/e/e_1TMQEKAN7S6/heatmap-66cffe06e8cb-b1.svg/ (+0ms) 
23:08:36   ├─ /charts/e/e_1TMQEKAN7S6/backfill-66cffe06e8cb-b1.svg/ (+0ms) 
23:08:36   ├─ /charts/e/e_1TMQEKAN7S6/niche-66cffe06e8cb-b1.svg/ (+0ms) 
23:08:36   ├─ /charts/e/e_1TMQEKAN7S6/changes-66cffe06e8cb-b1.svg/ (+1ms) 
23:08:36   ├─ /charts/e/e_1TMQEKAN7S6/commits-46cf326e7985-b1.svg/ (+0ms) 
23:08:36   ├─ /charts/e/e_1TMQEKAN7S6/heatmap-46cf326e7985-b1.svg/ (+0ms) 
23:08:36   ├─ /charts/e/e_1TMQEKAN7S6/backfill-46cf326e7985-b1.svg/ (+0ms) 
23:08:36   ├─ /charts/e/e_1TMQEKAN7S6/niche-46cf326e7985-b1.svg/ (+1ms) 
23:08:36   ├─ /charts/e/e_1TMQEKAN7S6/changes-46cf326e7985-b1.svg/ (+0ms) 
23:08:36   ├─ /charts/e/e_1TMQEKAN7S6/commits-515920e4ea3f-b1.svg/ (+1ms) 
23:08:36   ├─ /charts/e/e_1TMQEKAN7S6/heatmap-515920e4ea3f-b1.svg/ (+1ms) 
23:08:36   ├─ /charts/e/e_1TMQEKAN7S6/backfill-515920e4ea3f-b1.svg/ (+1ms) 
23:08:36   ├─ /charts/e/e_1TMQEKAN7S6/niche-515920e4ea3f-b1.svg/ (+0ms) 
23:08:36   ├─ /charts/e/e_1TMQEKAN7S6/changes-515920e4ea3f-b1.svg/ (+0ms) 
23:08:36   ├─ /charts/e/e_1TMQEKAN7S6/commits-0a7b1714d0ad-b1.svg/ (+1ms) 
23:08:36   ├─ /charts/e/e_1TMQEKAN7S6/heatmap-0a7b1714d0ad-b1.svg/ (+1ms) 
23:08:36   ├─ /charts/e/e_1TMQEKAN7S6/backfill-0a7b1714d0ad-b1.svg/ (+0ms) 
23:08:36   ├─ /charts/e/e_1TMQEKAN7S6/niche-0a7b1714d0ad-b1.svg/ (+1ms) 
23:08:36   ├─ /charts/e/e_1TMQEKAN7S6/changes-0a7b1714d0ad-b1.svg/ (+0ms) 
23:08:36   ├─ /charts/e/e_1TMQEKAN7S6/commits-fcfd3a7ccdcb-b1.svg/ (+0ms) 
23:08:36   ├─ /charts/e/e_1TMQEKAN7S6/heatmap-fcfd3a7ccdcb-b1.svg/ (+0ms) 
23:08:36   ├─ /charts/e/e_1TMQEKAN7S6/backfill-fcfd3a7ccdcb-b1.svg/ (+0ms) 
23:08:36   ├─ /charts/e/e_1TMQEKAN7S6/niche-fcfd3a7ccdcb-b1.svg/ (+0ms) 
23:08:36   ├─ /charts/e/e_1TMQEKAN7S6/changes-fcfd3a7ccdcb-b1.svg/ (+0ms) 
23:08:36   ├─ /charts/e/e_1VQN3TQ2Z74/commits-515920e4ea3f-b1.svg/ (+0ms) 
23:08:36   ├─ /charts/e/e_1VQN3TQ2Z74/heatmap-515920e4ea3f-b1.svg/ (+0ms) 
23:08:36   ├─ /charts/e/e_1VQN3TQ2Z74/backfill-515920e4ea3f-b1.svg/ (+0ms) 
23:08:36   ├─ /charts/e/e_1VQN3TQ2Z74/niche-515920e4ea3f-b1.svg/ (+0ms) 
23:08:36   ├─ /charts/e/e_1VQN3TQ2Z74/changes-515920e4ea3f-b1.svg/ (+0ms) 
23:08:36   ├─ /charts/e/e_1VQN3TQ2Z74/commits-0a7b1714d0ad-b1.svg/ (+0ms) 
23:08:36   ├─ /charts/e/e_1VQN3TQ2Z74/heatmap-0a7b1714d0ad-b1.svg/ (+0ms) 
23:08:36   ├─ /charts/e/e_1VQN3TQ2Z74/backfill-0a7b1714d0ad-b1.svg/ (+0ms) 
23:08:36   ├─ /charts/e/e_1VQN3TQ2Z74/niche-0a7b1714d0ad-b1.svg/ (+0ms) 
23:08:36   ├─ /charts/e/e_1VQN3TQ2Z74/changes-0a7b1714d0ad-b1.svg/ (+0ms) 
23:08:36   ├─ /charts/e/e_1VQN3TQ2Z74/commits-fcfd3a7ccdcb-b1.svg/ (+0ms) 
23:08:36   ├─ /charts/e/e_1VQN3TQ2Z74/heatmap-fcfd3a7ccdcb-b1.svg/ (+0ms) 
23:08:36   ├─ /charts/e/e_1VQN3TQ2Z74/backfill-fcfd3a7ccdcb-b1.svg/ (+0ms) 
23:08:36   ├─ /charts/e/e_1VQN3TQ2Z74/niche-fcfd3a7ccdcb-b1.svg/ (+0ms) 
23:08:36   ├─ /charts/e/e_1VQN3TQ2Z74/changes-fcfd3a7ccdcb-b1.svg/ (+0ms) 
23:08:36   ├─ /charts/e/e_20N3FEGPDR2/commits-8b04a522dda1-b1.svg/ (+0ms) 
23:08:36   ├─ /charts/e/e_20N3FEGPDR2/heatmap-8b04a522dda1-b1.svg/ (+1ms) 
23:08:36   ├─ /charts/e/e_20N3FEGPDR2/niche-8b04a522dda1-b1.svg/ (+0ms) 
23:08:36   ├─ /charts/e/e_20N3FEGPDR2/changes-8b04a522dda1-b1.svg/ (+0ms) 
23:08:36   ├─ /charts/e/e_20N3FEGPDR2/commits-f1f2495d518d-b1.svg/ (+1ms) 
23:08:36   ├─ /charts/e/e_20N3FEGPDR2/heatmap-f1f2495d518d-b1.svg/ (+1ms) 
23:08:36   ├─ /charts/e/e_20N3FEGPDR2/niche-f1f2495d518d-b1.svg/ (+1ms) 
23:08:36   ├─ /charts/e/e_20N3FEGPDR2/changes-f1f2495d518d-b1.svg/ (+1ms) 
23:08:36   ├─ /charts/e/e_20N3FEGPDR2/commits-f1f2495d518d-b1.svg/ (+1ms) 
23:08:36   ├─ /charts/e/e_20N3FEGPDR2/heatmap-f1f2495d518d-b1.svg/ (+0ms) 
23:08:36   ├─ /charts/e/e_20N3FEGPDR2/niche-f1f2495d518d-b1.svg/ (+0ms) 
23:08:36   ├─ /charts/e/e_20N3FEGPDR2/changes-f1f2495d518d-b1.svg/ (+1ms) 
23:08:36   ├─ /charts/e/e_20N3FEGPDR2/commits-df540ea0d40d-b1.svg/ (+0ms) 
23:08:36   ├─ /charts/e/e_20N3FEGPDR2/heatmap-df540ea0d40d-b1.svg/ (+1ms) 
23:08:36   ├─ /charts/e/e_20N3FEGPDR2/niche-df540ea0d40d-b1.svg/ (+1ms) 
23:08:36   ├─ /charts/e/e_20N3FEGPDR2/changes-df540ea0d40d-b1.svg/ (+1ms) 
23:08:36   ├─ /charts/e/e_20N3FEGPDR2/commits-064bcdd1c2d3-b1.svg/ (+7ms) 
23:08:36   ├─ /charts/e/e_20N3FEGPDR2/heatmap-064bcdd1c2d3-b1.svg/ (+2ms) 
23:08:36   ├─ /charts/e/e_20N3FEGPDR2/niche-064bcdd1c2d3-b1.svg/ (+1ms) 
23:08:36   ├─ /charts/e/e_20N3FEGPDR2/changes-064bcdd1c2d3-b1.svg/ (+2ms) 
23:08:36   ├─ /charts/e/e_20N3FEGPDR2/commits-be624cbf9aec-b1.svg/ (+1ms) 
23:08:36   ├─ /charts/e/e_20N3FEGPDR2/heatmap-be624cbf9aec-b1.svg/ (+0ms) 
23:08:36   ├─ /charts/e/e_20N3FEGPDR2/niche-be624cbf9aec-b1.svg/ (+0ms) 
23:08:36   ├─ /charts/e/e_20N3FEGPDR2/changes-be624cbf9aec-b1.svg/ (+0ms) 
23:08:36   ├─ /charts/e/e_20N3FEGPDR2/commits-fe618519ff6a-b1.svg/ (+1ms) 
23:08:36   ├─ /charts/e/e_20N3FEGPDR2/heatmap-fe618519ff6a-b1.svg/ (+0ms) 
23:08:36   ├─ /charts/e/e_20N3FEGPDR2/niche-fe618519ff6a-b1.svg/ (+0ms) 
23:08:36   ├─ /charts/e/e_20N3FEGPDR2/changes-fe618519ff6a-b1.svg/ (+1ms) 
23:08:36   ├─ /charts/e/e_20N3FEGPDR2/commits-035a72a81e59-b1.svg/ (+1ms) 
23:08:36   ├─ /charts/e/e_20N3FEGPDR2/heatmap-035a72a81e59-b1.svg/ (+1ms) 
23:08:36   ├─ /charts/e/e_20N3FEGPDR2/niche-035a72a81e59-b1.svg/ (+0ms) 
23:08:36   ├─ /charts/e/e_20N3FEGPDR2/changes-035a72a81e59-b1.svg/ (+0ms) 
23:08:36   ├─ /charts/e/e_20N3FEGPDR2/commits-9d18a826a3f1-b1.svg/ (+2ms) 
23:08:36   ├─ /charts/e/e_20N3FEGPDR2/heatmap-9d18a826a3f1-b1.svg/ (+0ms) 
23:08:36   ├─ /charts/e/e_20N3FEGPDR2/niche-9d18a826a3f1-b1.svg/ (+0ms) 
23:08:36   ├─ /charts/e/e_20N3FEGPDR2/changes-9d18a826a3f1-b1.svg/ (+2ms) 
23:08:36   ├─ /charts/e/e_20N3FEGPDR2/commits-66cffe06e8cb-b1.svg/ (+1ms) 
23:08:36   ├─ /charts/e/e_20N3FEGPDR2/heatmap-66cffe06e8cb-b1.svg/ (+0ms) 
23:08:36   ├─ /charts/e/e_20N3FEGPDR2/niche-66cffe06e8cb-b1.svg/ (+1ms) 
23:08:36   ├─ /charts/e/e_20N3FEGPDR2/changes-66cffe06e8cb-b1.svg/ (+1ms) 
23:08:36   ├─ /charts/e/e_20N3FEGPDR2/commits-46cf326e7985-b1.svg/ (+1ms) 
23:08:36   ├─ /charts/e/e_20N3FEGPDR2/heatmap-46cf326e7985-b1.svg/ (+1ms) 
23:08:36   ├─ /charts/e/e_20N3FEGPDR2/niche-46cf326e7985-b1.svg/ (+0ms) 
23:08:36   ├─ /charts/e/e_20N3FEGPDR2/changes-46cf326e7985-b1.svg/ (+0ms) 
23:08:36   ├─ /charts/e/e_20N3FEGPDR2/commits-515920e4ea3f-b1.svg/ (+0ms) 
23:08:36   ├─ /charts/e/e_20N3FEGPDR2/heatmap-515920e4ea3f-b1.svg/ (+0ms) 
23:08:36   ├─ /charts/e/e_20N3FEGPDR2/niche-515920e4ea3f-b1.svg/ (+2ms) 
23:08:36   ├─ /charts/e/e_20N3FEGPDR2/changes-515920e4ea3f-b1.svg/ (+2ms) 
23:08:36   ├─ /charts/e/e_20N3FEGPDR2/commits-0a7b1714d0ad-b1.svg/ (+1ms) 
23:08:36   ├─ /charts/e/e_20N3FEGPDR2/heatmap-0a7b1714d0ad-b1.svg/ (+1ms) 
23:08:36   ├─ /charts/e/e_20N3FEGPDR2/niche-0a7b1714d0ad-b1.svg/ (+1ms) 
23:08:36   ├─ /charts/e/e_20N3FEGPDR2/changes-0a7b1714d0ad-b1.svg/ (+1ms) 
23:08:36   ├─ /charts/e/e_20N3FEGPDR2/commits-fcfd3a7ccdcb-b1.svg/ (+1ms) 
23:08:36   ├─ /charts/e/e_20N3FEGPDR2/heatmap-fcfd3a7ccdcb-b1.svg/ (+3ms) 
23:08:36   ├─ /charts/e/e_20N3FEGPDR2/niche-fcfd3a7ccdcb-b1.svg/ (+1ms) 
23:08:36   ├─ /charts/e/e_20N3FEGPDR2/changes-fcfd3a7ccdcb-b1.svg/ (+10ms) 
23:08:36   ├─ /charts/e/e_291FVHEKPA8/commits-66cffe06e8cb-b1.svg/ (+3ms) 
23:08:36   ├─ /charts/e/e_291FVHEKPA8/heatmap-66cffe06e8cb-b1.svg/ (+2ms) 
23:08:36   ├─ /charts/e/e_291FVHEKPA8/backfill-66cffe06e8cb-b1.svg/ (+3ms) 
23:08:36   ├─ /charts/e/e_291FVHEKPA8/niche-66cffe06e8cb-b1.svg/ (+1ms) 
23:08:36   ├─ /charts/e/e_291FVHEKPA8/changes-66cffe06e8cb-b1.svg/ (+3ms) 
23:08:36   ├─ /charts/e/e_291FVHEKPA8/commits-46cf326e7985-b1.svg/ (+2ms) 
23:08:36   ├─ /charts/e/e_291FVHEKPA8/heatmap-46cf326e7985-b1.svg/ (+2ms) 
23:08:36   ├─ /charts/e/e_291FVHEKPA8/daily-46cf326e7985-b1.svg/ (+1ms) 
23:08:36   ├─ /charts/e/e_291FVHEKPA8/backfill-46cf326e7985-b1.svg/ (+1ms) 
23:08:36   ├─ /charts/e/e_291FVHEKPA8/niche-46cf326e7985-b1.svg/ (+1ms) 
23:08:36   ├─ /charts/e/e_291FVHEKPA8/changes-46cf326e7985-b1.svg/ (+1ms) 
23:08:36   ├─ /charts/e/e_291FVHEKPA8/commits-515920e4ea3f-b1.svg/ (+4ms) 
23:08:36   ├─ /charts/e/e_291FVHEKPA8/heatmap-515920e4ea3f-b1.svg/ (+2ms) 
23:08:36   ├─ /charts/e/e_291FVHEKPA8/daily-515920e4ea3f-b1.svg/ (+2ms) 
23:08:36   ├─ /charts/e/e_291FVHEKPA8/backfill-515920e4ea3f-b1.svg/ (+1ms) 
23:08:36   ├─ /charts/e/e_291FVHEKPA8/niche-515920e4ea3f-b1.svg/ (+1ms) 
23:08:36   ├─ /charts/e/e_291FVHEKPA8/changes-515920e4ea3f-b1.svg/ (+2ms) 
23:08:36   ├─ /charts/e/e_291FVHEKPA8/commits-0a7b1714d0ad-b1.svg/ (+6ms) 
23:08:36   ├─ /charts/e/e_291FVHEKPA8/heatmap-0a7b1714d0ad-b1.svg/ (+2ms) 
23:08:36   ├─ /charts/e/e_291FVHEKPA8/daily-0a7b1714d0ad-b1.svg/ (+1ms) 
23:08:36   ├─ /charts/e/e_291FVHEKPA8/backfill-0a7b1714d0ad-b1.svg/ (+1ms) 
23:08:36   ├─ /charts/e/e_291FVHEKPA8/niche-0a7b1714d0ad-b1.svg/ (+1ms) 
23:08:36   ├─ /charts/e/e_291FVHEKPA8/changes-0a7b1714d0ad-b1.svg/ (+3ms) 
23:08:36   ├─ /charts/e/e_291FVHEKPA8/commits-fcfd3a7ccdcb-b1.svg/ (+11ms) 
23:08:36   ├─ /charts/e/e_291FVHEKPA8/heatmap-fcfd3a7ccdcb-b1.svg/ (+5ms) 
23:08:36   ├─ /charts/e/e_291FVHEKPA8/daily-fcfd3a7ccdcb-b1.svg/ (+26ms) 
23:08:36   ├─ /charts/e/e_291FVHEKPA8/backfill-fcfd3a7ccdcb-b1.svg/ (+1ms) 
23:08:36   ├─ /charts/e/e_291FVHEKPA8/niche-fcfd3a7ccdcb-b1.svg/ (+2ms) 
23:08:36   ├─ /charts/e/e_291FVHEKPA8/changes-fcfd3a7ccdcb-b1.svg/ (+3ms) 
23:08:36   ├─ /charts/e/e_2CS7SM2993J/commits-8b04a522dda1-b1.svg/ (+3ms) 
23:08:36   ├─ /charts/e/e_2CS7SM2993J/heatmap-8b04a522dda1-b1.svg/ (+1ms) 
23:08:36   ├─ /charts/e/e_2CS7SM2993J/backfill-8b04a522dda1-b1.svg/ (+1ms) 
23:08:36   ├─ /charts/e/e_2CS7SM2993J/niche-8b04a522dda1-b1.svg/ (+1ms) 
23:08:36   ├─ /charts/e/e_2CS7SM2993J/changes-8b04a522dda1-b1.svg/ (+2ms) 
23:08:36   ├─ /charts/e/e_2CS7SM2993J/commits-f1f2495d518d-b1.svg/ (+11ms) 
23:08:36   ├─ /charts/e/e_2CS7SM2993J/heatmap-f1f2495d518d-b1.svg/ (+11ms) 
23:08:36   ├─ /charts/e/e_2CS7SM2993J/backfill-f1f2495d518d-b1.svg/ (+3ms) 
23:08:36   ├─ /charts/e/e_2CS7SM2993J/niche-f1f2495d518d-b1.svg/ (+2ms) 
23:08:36   ├─ /charts/e/e_2CS7SM2993J/changes-f1f2495d518d-b1.svg/ (+5ms) 
23:08:36   ├─ /charts/e/e_2CS7SM2993J/commits-f1f2495d518d-b1.svg/ (+5ms) 
23:08:36   ├─ /charts/e/e_2CS7SM2993J/heatmap-f1f2495d518d-b1.svg/ (+9ms) 
23:08:36   ├─ /charts/e/e_2CS7SM2993J/backfill-f1f2495d518d-b1.svg/ (+10ms) 
23:08:36   ├─ /charts/e/e_2CS7SM2993J/niche-f1f2495d518d-b1.svg/ (+6ms) 
23:08:36   ├─ /charts/e/e_2CS7SM2993J/changes-f1f2495d518d-b1.svg/ (+6ms) 
23:08:36   ├─ /charts/e/e_2CS7SM2993J/commits-7e6b5bcfba2a-b1.svg/ (+3ms) 
23:08:36   ├─ /charts/e/e_2CS7SM2993J/heatmap-7e6b5bcfba2a-b1.svg/ (+3ms) 
23:08:36   ├─ /charts/e/e_2CS7SM2993J/backfill-7e6b5bcfba2a-b1.svg/ (+5ms) 
23:08:36   ├─ /charts/e/e_2CS7SM2993J/niche-7e6b5bcfba2a-b1.svg/ (+3ms) 
23:08:36   ├─ /charts/e/e_2CS7SM2993J/changes-7e6b5bcfba2a-b1.svg/ (+3ms) 
23:08:36   ├─ /charts/e/e_2CS7SM2993J/commits-df540ea0d40d-b1.svg/ (+3ms) 
23:08:36   ├─ /charts/e/e_2CS7SM2993J/heatmap-df540ea0d40d-b1.svg/ (+2ms) 
23:08:36   ├─ /charts/e/e_2CS7SM2993J/backfill-df540ea0d40d-b1.svg/ (+2ms) 
23:08:36   ├─ /charts/e/e_2CS7SM2993J/niche-df540ea0d40d-b1.svg/ (+2ms) 
23:08:36   ├─ /charts/e/e_2CS7SM2993J/changes-df540ea0d40d-b1.svg/ (+1ms) 
23:08:36   ├─ /charts/e/e_2CS7SM2993J/commits-064bcdd1c2d3-b1.svg/ (+2ms) 
23:08:36   ├─ /charts/e/e_2CS7SM2993J/heatmap-064bcdd1c2d3-b1.svg/ (+2ms) 
23:08:36   ├─ /charts/e/e_2CS7SM2993J/daily-064bcdd1c2d3-b1.svg/ (+5ms) 
23:08:36   ├─ /charts/e/e_2CS7SM2993J/backfill-064bcdd1c2d3-b1.svg/ (+4ms) 
23:08:36   ├─ /charts/e/e_2CS7SM2993J/niche-064bcdd1c2d3-b1.svg/ (+2ms) 
23:08:36   ├─ /charts/e/e_2CS7SM2993J/changes-064bcdd1c2d3-b1.svg/ (+2ms) 
23:08:36   ├─ /charts/e/e_2CS7SM2993J/commits-be624cbf9aec-b1.svg/ (+3ms) 
23:08:36   ├─ /charts/e/e_2CS7SM2993J/heatmap-be624cbf9aec-b1.svg/ (+7ms) 
23:08:36   ├─ /charts/e/e_2CS7SM2993J/daily-be624cbf9aec-b1.svg/ (+1ms) 
23:08:36   ├─ /charts/e/e_2CS7SM2993J/backfill-be624cbf9aec-b1.svg/ (+1ms) 
23:08:36   ├─ /charts/e/e_2CS7SM2993J/niche-be624cbf9aec-b1.svg/ (+3ms) 
23:08:36   ├─ /charts/e/e_2CS7SM2993J/changes-be624cbf9aec-b1.svg/ (+1ms) 
23:08:36   ├─ /charts/e/e_2CS7SM2993J/commits-fe618519ff6a-b1.svg/ (+3ms) 
23:08:36   ├─ /charts/e/e_2CS7SM2993J/heatmap-fe618519ff6a-b1.svg/ (+6ms) 
23:08:36   ├─ /charts/e/e_2CS7SM2993J/daily-fe618519ff6a-b1.svg/ (+5ms) 
23:08:36   ├─ /charts/e/e_2CS7SM2993J/backfill-fe618519ff6a-b1.svg/ (+22ms) 
23:08:36   ├─ /charts/e/e_2CS7SM2993J/niche-fe618519ff6a-b1.svg/ (+4ms) 
23:08:36   ├─ /charts/e/e_2CS7SM2993J/changes-fe618519ff6a-b1.svg/ (+7ms) 
23:08:36   ├─ /charts/e/e_2CS7SM2993J/commits-035a72a81e59-b1.svg/ (+11ms) 
23:08:36   ├─ /charts/e/e_2CS7SM2993J/heatmap-035a72a81e59-b1.svg/ (+2ms) 
23:08:36   ├─ /charts/e/e_2CS7SM2993J/daily-035a72a81e59-b1.svg/ (+1ms) 
23:08:36   ├─ /charts/e/e_2CS7SM2993J/backfill-035a72a81e59-b1.svg/ (+1ms) 
23:08:36   ├─ /charts/e/e_2CS7SM2993J/niche-035a72a81e59-b1.svg/ (+2ms) 
23:08:36   ├─ /charts/e/e_2CS7SM2993J/changes-035a72a81e59-b1.svg/ (+4ms) 
23:08:36   ├─ /charts/e/e_2CS7SM2993J/commits-9d18a826a3f1-b1.svg/ (+1ms) 
23:08:36   ├─ /charts/e/e_2CS7SM2993J/heatmap-9d18a826a3f1-b1.svg/ (+4ms) 
23:08:36   ├─ /charts/e/e_2CS7SM2993J/daily-9d18a826a3f1-b1.svg/ (+2ms) 
23:08:36   ├─ /charts/e/e_2CS7SM2993J/backfill-9d18a826a3f1-b1.svg/ (+2ms) 
23:08:36   ├─ /charts/e/e_2CS7SM2993J/niche-9d18a826a3f1-b1.svg/ (+4ms) 
23:08:37   ├─ /charts/e/e_2CS7SM2993J/changes-9d18a826a3f1-b1.svg/ (+3ms) 
23:08:37   ├─ /charts/e/e_2CS7SM2993J/commits-66cffe06e8cb-b1.svg/ (+4ms) 
23:08:37   ├─ /charts/e/e_2CS7SM2993J/heatmap-66cffe06e8cb-b1.svg/ (+5ms) 
23:08:37   ├─ /charts/e/e_2CS7SM2993J/daily-66cffe06e8cb-b1.svg/ (+8ms) 
23:08:37   ├─ /charts/e/e_2CS7SM2993J/backfill-66cffe06e8cb-b1.svg/ (+4ms) 
23:08:37   ├─ /charts/e/e_2CS7SM2993J/niche-66cffe06e8cb-b1.svg/ (+3ms) 
23:08:37   ├─ /charts/e/e_2CS7SM2993J/changes-66cffe06e8cb-b1.svg/ (+6ms) 
23:08:37   ├─ /charts/e/e_2CS7SM2993J/commits-46cf326e7985-b1.svg/ (+2ms) 
23:08:37   ├─ /charts/e/e_2CS7SM2993J/heatmap-46cf326e7985-b1.svg/ (+8ms) 
23:08:37   ├─ /charts/e/e_2CS7SM2993J/daily-46cf326e7985-b1.svg/ (+6ms) 
23:08:37   ├─ /charts/e/e_2CS7SM2993J/backfill-46cf326e7985-b1.svg/ (+1ms) 
23:08:37   ├─ /charts/e/e_2CS7SM2993J/niche-46cf326e7985-b1.svg/ (+6ms) 
23:08:37   ├─ /charts/e/e_2CS7SM2993J/changes-46cf326e7985-b1.svg/ (+6ms) 
23:08:37   ├─ /charts/e/e_2CS7SM2993J/commits-515920e4ea3f-b1.svg/ (+40ms) 
23:08:37   ├─ /charts/e/e_2CS7SM2993J/heatmap-515920e4ea3f-b1.svg/ (+14ms) 
23:08:37   ├─ /charts/e/e_2CS7SM2993J/daily-515920e4ea3f-b1.svg/ (+6ms) 
23:08:37   ├─ /charts/e/e_2CS7SM2993J/backfill-515920e4ea3f-b1.svg/ (+6ms) 
23:08:37   ├─ /charts/e/e_2CS7SM2993J/niche-515920e4ea3f-b1.svg/ (+6ms) 
23:08:37   ├─ /charts/e/e_2CS7SM2993J/changes-515920e4ea3f-b1.svg/ (+4ms) 
23:08:37   ├─ /charts/e/e_2CS7SM2993J/commits-0a7b1714d0ad-b1.svg/ (+3ms) 
23:08:37   ├─ /charts/e/e_2CS7SM2993J/heatmap-0a7b1714d0ad-b1.svg/ (+9ms) 
23:08:37   ├─ /charts/e/e_2CS7SM2993J/daily-0a7b1714d0ad-b1.svg/ (+8ms) 
23:08:37   ├─ /charts/e/e_2CS7SM2993J/backfill-0a7b1714d0ad-b1.svg/ (+3ms) 
23:08:37   ├─ /charts/e/e_2CS7SM2993J/niche-0a7b1714d0ad-b1.svg/ (+1ms) 
23:08:37   ├─ /charts/e/e_2CS7SM2993J/changes-0a7b1714d0ad-b1.svg/ (+4ms) 
23:08:37   ├─ /charts/e/e_2CS7SM2993J/commits-fcfd3a7ccdcb-b1.svg/ (+6ms) 
23:08:37   ├─ /charts/e/e_2CS7SM2993J/heatmap-fcfd3a7ccdcb-b1.svg/ (+2ms) 
23:08:37   ├─ /charts/e/e_2CS7SM2993J/dependents-fcfd3a7ccdcb-b1.svg/ (+3ms) 
23:08:37   ├─ /charts/e/e_2CS7SM2993J/daily-fcfd3a7ccdcb-b1.svg/ (+4ms) 
23:08:37   ├─ /charts/e/e_2CS7SM2993J/backfill-fcfd3a7ccdcb-b1.svg/ (+4ms) 
23:08:37   ├─ /charts/e/e_2CS7SM2993J/niche-fcfd3a7ccdcb-b1.svg/ (+4ms) 
23:08:37   ├─ /charts/e/e_2CS7SM2993J/changes-fcfd3a7ccdcb-b1.svg/ (+39ms) 
23:08:37   ├─ /charts/e/e_2JCAQ45XCSC/commits-515920e4ea3f-b1.svg/ (+6ms) 
23:08:37   ├─ /charts/e/e_2JCAQ45XCSC/heatmap-515920e4ea3f-b1.svg/ (+2ms) 
23:08:37   ├─ /charts/e/e_2JCAQ45XCSC/backfill-515920e4ea3f-b1.svg/ (+1ms) 
23:08:37   ├─ /charts/e/e_2JCAQ45XCSC/niche-515920e4ea3f-b1.svg/ (+5ms) 
23:08:37   ├─ /charts/e/e_2JCAQ45XCSC/changes-515920e4ea3f-b1.svg/ (+8ms) 
23:08:37   ├─ /charts/e/e_2JCAQ45XCSC/commits-0a7b1714d0ad-b1.svg/ (+13ms) 
23:08:37   ├─ /charts/e/e_2JCAQ45XCSC/heatmap-0a7b1714d0ad-b1.svg/ (+8ms) 
23:08:37   ├─ /charts/e/e_2JCAQ45XCSC/backfill-0a7b1714d0ad-b1.svg/ (+6ms) 
23:08:37   ├─ /charts/e/e_2JCAQ45XCSC/niche-0a7b1714d0ad-b1.svg/ (+4ms) 
23:08:37   ├─ /charts/e/e_2JCAQ45XCSC/changes-0a7b1714d0ad-b1.svg/ (+3ms) 
23:08:37   ├─ /charts/e/e_2JCAQ45XCSC/commits-fcfd3a7ccdcb-b1.svg/ (+2ms) 
23:08:37   ├─ /charts/e/e_2JCAQ45XCSC/heatmap-fcfd3a7ccdcb-b1.svg/ (+1ms) 
23:08:37   ├─ /charts/e/e_2JCAQ45XCSC/backfill-fcfd3a7ccdcb-b1.svg/ (+2ms) 
23:08:37   ├─ /charts/e/e_2JCAQ45XCSC/niche-fcfd3a7ccdcb-b1.svg/ (+3ms) 
23:08:37   ├─ /charts/e/e_2JCAQ45XCSC/changes-fcfd3a7ccdcb-b1.svg/ (+2ms) 
23:08:37   ├─ /charts/e/e_32V083BPAMA/commits-0a7b1714d0ad-b1.svg/ (+4ms) 
23:08:37   ├─ /charts/e/e_32V083BPAMA/heatmap-0a7b1714d0ad-b1.svg/ (+3ms) 
23:08:37   ├─ /charts/e/e_32V083BPAMA/niche-0a7b1714d0ad-b1.svg/ (+1ms) 
23:08:37   ├─ /charts/e/e_32V083BPAMA/changes-0a7b1714d0ad-b1.svg/ (+1ms) 
23:08:37   ├─ /charts/e/e_32V083BPAMA/commits-fcfd3a7ccdcb-b1.svg/ (+1ms) 
23:08:37   ├─ /charts/e/e_32V083BPAMA/heatmap-fcfd3a7ccdcb-b1.svg/ (+1ms) 
23:08:37   ├─ /charts/e/e_32V083BPAMA/niche-fcfd3a7ccdcb-b1.svg/ (+2ms) 
23:08:37   ├─ /charts/e/e_32V083BPAMA/changes-fcfd3a7ccdcb-b1.svg/ (+1ms) 
23:08:37   ├─ /charts/e/e_357KR6Z8TFG/commits-f1f2495d518d-b1.svg/ (+2ms) 
23:08:37   ├─ /charts/e/e_357KR6Z8TFG/heatmap-f1f2495d518d-b1.svg/ (+2ms) 
23:08:37   ├─ /charts/e/e_357KR6Z8TFG/backfill-f1f2495d518d-b1.svg/ (+2ms) 
23:08:37   ├─ /charts/e/e_357KR6Z8TFG/niche-f1f2495d518d-b1.svg/ (+4ms) 
23:08:37   ├─ /charts/e/e_357KR6Z8TFG/changes-f1f2495d518d-b1.svg/ (+4ms) 
23:08:37   ├─ /charts/e/e_357KR6Z8TFG/commits-f1f2495d518d-b1.svg/ (+2ms) 
23:08:37   ├─ /charts/e/e_357KR6Z8TFG/heatmap-f1f2495d518d-b1.svg/ (+2ms) 
23:08:37   ├─ /charts/e/e_357KR6Z8TFG/backfill-f1f2495d518d-b1.svg/ (+1ms) 
23:08:37   ├─ /charts/e/e_357KR6Z8TFG/niche-f1f2495d518d-b1.svg/ (+1ms) 
23:08:37   ├─ /charts/e/e_357KR6Z8TFG/changes-f1f2495d518d-b1.svg/ (+1ms) 
23:08:37   ├─ /charts/e/e_357KR6Z8TFG/commits-7e6b5bcfba2a-b1.svg/ (+2ms) 
23:08:37   ├─ /charts/e/e_357KR6Z8TFG/heatmap-7e6b5bcfba2a-b1.svg/ (+3ms) 
23:08:37   ├─ /charts/e/e_357KR6Z8TFG/backfill-7e6b5bcfba2a-b1.svg/ (+1ms) 
23:08:37   ├─ /charts/e/e_357KR6Z8TFG/niche-7e6b5bcfba2a-b1.svg/ (+2ms) 
23:08:37   ├─ /charts/e/e_357KR6Z8TFG/changes-7e6b5bcfba2a-b1.svg/ (+2ms) 
23:08:37   ├─ /charts/e/e_357KR6Z8TFG/commits-df540ea0d40d-b1.svg/ (+1ms) 
23:08:37   ├─ /charts/e/e_357KR6Z8TFG/heatmap-df540ea0d40d-b1.svg/ (+2ms) 
23:08:37   ├─ /charts/e/e_357KR6Z8TFG/backfill-df540ea0d40d-b1.svg/ (+1ms) 
23:08:37   ├─ /charts/e/e_357KR6Z8TFG/niche-df540ea0d40d-b1.svg/ (+1ms) 
23:08:37   ├─ /charts/e/e_357KR6Z8TFG/changes-df540ea0d40d-b1.svg/ (+4ms) 
23:08:37   ├─ /charts/e/e_357KR6Z8TFG/commits-064bcdd1c2d3-b1.svg/ (+4ms) 
23:08:37   ├─ /charts/e/e_357KR6Z8TFG/heatmap-064bcdd1c2d3-b1.svg/ (+1ms) 
23:08:37   ├─ /charts/e/e_357KR6Z8TFG/backfill-064bcdd1c2d3-b1.svg/ (+2ms) 
23:08:37   ├─ /charts/e/e_357KR6Z8TFG/niche-064bcdd1c2d3-b1.svg/ (+1ms) 
23:08:37   ├─ /charts/e/e_357KR6Z8TFG/changes-064bcdd1c2d3-b1.svg/ (+2ms) 
23:08:37   ├─ /charts/e/e_357KR6Z8TFG/commits-be624cbf9aec-b1.svg/ (+1ms) 
23:08:37   ├─ /charts/e/e_357KR6Z8TFG/heatmap-be624cbf9aec-b1.svg/ (+2ms) 
23:08:37   ├─ /charts/e/e_357KR6Z8TFG/backfill-be624cbf9aec-b1.svg/ (+2ms) 
23:08:37   ├─ /charts/e/e_357KR6Z8TFG/niche-be624cbf9aec-b1.svg/ (+3ms) 
23:08:37   ├─ /charts/e/e_357KR6Z8TFG/changes-be624cbf9aec-b1.svg/ (+1ms) 
23:08:37   ├─ /charts/e/e_357KR6Z8TFG/commits-fe618519ff6a-b1.svg/ (+3ms) 
23:08:37   ├─ /charts/e/e_357KR6Z8TFG/heatmap-fe618519ff6a-b1.svg/ (+6ms) 
23:08:37   ├─ /charts/e/e_357KR6Z8TFG/backfill-fe618519ff6a-b1.svg/ (+2ms) 
23:08:37   ├─ /charts/e/e_357KR6Z8TFG/niche-fe618519ff6a-b1.svg/ (+1ms) 
23:08:37   ├─ /charts/e/e_357KR6Z8TFG/changes-fe618519ff6a-b1.svg/ (+4ms) 
23:08:37   ├─ /charts/e/e_357KR6Z8TFG/commits-035a72a81e59-b1.svg/ (+3ms) 
23:08:37   ├─ /charts/e/e_357KR6Z8TFG/heatmap-035a72a81e59-b1.svg/ (+5ms) 
23:08:37   ├─ /charts/e/e_357KR6Z8TFG/backfill-035a72a81e59-b1.svg/ (+7ms) 
23:08:37   ├─ /charts/e/e_357KR6Z8TFG/niche-035a72a81e59-b1.svg/ (+8ms) 
23:08:37   ├─ /charts/e/e_357KR6Z8TFG/changes-035a72a81e59-b1.svg/ (+7ms) 
23:08:37   ├─ /charts/e/e_357KR6Z8TFG/commits-9d18a826a3f1-b1.svg/ (+128ms) 
23:08:37   ├─ /charts/e/e_357KR6Z8TFG/heatmap-9d18a826a3f1-b1.svg/ (+2ms) 
23:08:37   ├─ /charts/e/e_357KR6Z8TFG/backfill-9d18a826a3f1-b1.svg/ (+1ms) 
23:08:37   ├─ /charts/e/e_357KR6Z8TFG/niche-9d18a826a3f1-b1.svg/ (+0ms) 
23:08:37   ├─ /charts/e/e_357KR6Z8TFG/changes-9d18a826a3f1-b1.svg/ (+1ms) 
23:08:37   ├─ /charts/e/e_357KR6Z8TFG/commits-66cffe06e8cb-b1.svg/ (+1ms) 
23:08:37   ├─ /charts/e/e_357KR6Z8TFG/heatmap-66cffe06e8cb-b1.svg/ (+1ms) 
23:08:37   ├─ /charts/e/e_357KR6Z8TFG/backfill-66cffe06e8cb-b1.svg/ (+4ms) 
23:08:37   ├─ /charts/e/e_357KR6Z8TFG/niche-66cffe06e8cb-b1.svg/ (+1ms) 
23:08:37   ├─ /charts/e/e_357KR6Z8TFG/changes-66cffe06e8cb-b1.svg/ (+1ms) 
23:08:37   ├─ /charts/e/e_357KR6Z8TFG/commits-46cf326e7985-b1.svg/ (+4ms) 
23:08:37   ├─ /charts/e/e_357KR6Z8TFG/heatmap-46cf326e7985-b1.svg/ (+2ms) 
23:08:37   ├─ /charts/e/e_357KR6Z8TFG/backfill-46cf326e7985-b1.svg/ (+5ms) 
23:08:37   ├─ /charts/e/e_357KR6Z8TFG/niche-46cf326e7985-b1.svg/ (+2ms) 
23:08:37   ├─ /charts/e/e_357KR6Z8TFG/changes-46cf326e7985-b1.svg/ (+1ms) 
23:08:37   ├─ /charts/e/e_357KR6Z8TFG/commits-515920e4ea3f-b1.svg/ (+1ms) 
23:08:37   ├─ /charts/e/e_357KR6Z8TFG/heatmap-515920e4ea3f-b1.svg/ (+1ms) 
23:08:37   ├─ /charts/e/e_357KR6Z8TFG/backfill-515920e4ea3f-b1.svg/ (+2ms) 
23:08:37   ├─ /charts/e/e_357KR6Z8TFG/niche-515920e4ea3f-b1.svg/ (+3ms) 
23:08:37   ├─ /charts/e/e_357KR6Z8TFG/changes-515920e4ea3f-b1.svg/ (+3ms) 
23:08:37   ├─ /charts/e/e_357KR6Z8TFG/commits-0a7b1714d0ad-b1.svg/ (+2ms) 
23:08:37   ├─ /charts/e/e_357KR6Z8TFG/heatmap-0a7b1714d0ad-b1.svg/ (+2ms) 
23:08:37   ├─ /charts/e/e_357KR6Z8TFG/backfill-0a7b1714d0ad-b1.svg/ (+2ms) 
23:08:37   ├─ /charts/e/e_357KR6Z8TFG/niche-0a7b1714d0ad-b1.svg/ (+1ms) 
23:08:37   ├─ /charts/e/e_357KR6Z8TFG/changes-0a7b1714d0ad-b1.svg/ (+2ms) 
23:08:37   ├─ /charts/e/e_357KR6Z8TFG/commits-fcfd3a7ccdcb-b1.svg/ (+2ms) 
23:08:37   ├─ /charts/e/e_357KR6Z8TFG/heatmap-fcfd3a7ccdcb-b1.svg/ (+10ms) 
23:08:37   ├─ /charts/e/e_357KR6Z8TFG/backfill-fcfd3a7ccdcb-b1.svg/ (+3ms) 
23:08:37   ├─ /charts/e/e_357KR6Z8TFG/niche-fcfd3a7ccdcb-b1.svg/ (+8ms) 
23:08:37   ├─ /charts/e/e_357KR6Z8TFG/changes-fcfd3a7ccdcb-b1.svg/ (+2ms) 
23:08:37   ├─ /charts/e/e_38NTPKDPKHA/commits-46cf326e7985-b1.svg/ (+4ms) 
23:08:37   ├─ /charts/e/e_38NTPKDPKHA/heatmap-46cf326e7985-b1.svg/ (+2ms) 
23:08:37   ├─ /charts/e/e_38NTPKDPKHA/backfill-46cf326e7985-b1.svg/ (+1ms) 
23:08:37   ├─ /charts/e/e_38NTPKDPKHA/niche-46cf326e7985-b1.svg/ (+1ms) 
23:08:37   ├─ /charts/e/e_38NTPKDPKHA/changes-46cf326e7985-b1.svg/ (+3ms) 
23:08:37   ├─ /charts/e/e_38NTPKDPKHA/commits-515920e4ea3f-b1.svg/ (+3ms) 
23:08:37   ├─ /charts/e/e_38NTPKDPKHA/heatmap-515920e4ea3f-b1.svg/ (+1ms) 
23:08:37   ├─ /charts/e/e_38NTPKDPKHA/backfill-515920e4ea3f-b1.svg/ (+4ms) 
23:08:37   ├─ /charts/e/e_38NTPKDPKHA/niche-515920e4ea3f-b1.svg/ (+8ms) 
23:08:37   ├─ /charts/e/e_38NTPKDPKHA/changes-515920e4ea3f-b1.svg/ (+4ms) 
23:08:37   ├─ /charts/e/e_38NTPKDPKHA/commits-0a7b1714d0ad-b1.svg/ (+11ms) 
23:08:37   ├─ /charts/e/e_38NTPKDPKHA/heatmap-0a7b1714d0ad-b1.svg/ (+1ms) 
23:08:37   ├─ /charts/e/e_38NTPKDPKHA/backfill-0a7b1714d0ad-b1.svg/ (+3ms) 
23:08:37   ├─ /charts/e/e_38NTPKDPKHA/niche-0a7b1714d0ad-b1.svg/ (+4ms) 
23:08:37   ├─ /charts/e/e_38NTPKDPKHA/changes-0a7b1714d0ad-b1.svg/ (+35ms) 
23:08:37   ├─ /charts/e/e_38NTPKDPKHA/commits-fcfd3a7ccdcb-b1.svg/ (+8ms) 
23:08:37   ├─ /charts/e/e_38NTPKDPKHA/heatmap-fcfd3a7ccdcb-b1.svg/ (+2ms) 
23:08:37   ├─ /charts/e/e_38NTPKDPKHA/backfill-fcfd3a7ccdcb-b1.svg/ (+1ms) 
23:08:37   ├─ /charts/e/e_38NTPKDPKHA/niche-fcfd3a7ccdcb-b1.svg/ (+13ms) 
23:08:37   ├─ /charts/e/e_38NTPKDPKHA/changes-fcfd3a7ccdcb-b1.svg/ (+8ms) 
23:08:37   ├─ /charts/e/e_3HZS2JPM2CR/commits-8b04a522dda1-b1.svg/ (+2ms) 
23:08:37   ├─ /charts/e/e_3HZS2JPM2CR/heatmap-8b04a522dda1-b1.svg/ (+2ms) 
23:08:37   ├─ /charts/e/e_3HZS2JPM2CR/backfill-8b04a522dda1-b1.svg/ (+0ms) 
23:08:37   ├─ /charts/e/e_3HZS2JPM2CR/niche-8b04a522dda1-b1.svg/ (+9ms) 
23:08:37   ├─ /charts/e/e_3HZS2JPM2CR/changes-8b04a522dda1-b1.svg/ (+1ms) 
23:08:37   ├─ /charts/e/e_3HZS2JPM2CR/commits-f1f2495d518d-b1.svg/ (+1ms) 
23:08:37   ├─ /charts/e/e_3HZS2JPM2CR/heatmap-f1f2495d518d-b1.svg/ (+1ms) 
23:08:37   ├─ /charts/e/e_3HZS2JPM2CR/backfill-f1f2495d518d-b1.svg/ (+1ms) 
23:08:37   ├─ /charts/e/e_3HZS2JPM2CR/niche-f1f2495d518d-b1.svg/ (+2ms) 
23:08:37   ├─ /charts/e/e_3HZS2JPM2CR/changes-f1f2495d518d-b1.svg/ (+1ms) 
23:08:37   ├─ /charts/e/e_3HZS2JPM2CR/commits-f1f2495d518d-b1.svg/ (+1ms) 
23:08:37   ├─ /charts/e/e_3HZS2JPM2CR/heatmap-f1f2495d518d-b1.svg/ (+1ms) 
23:08:37   ├─ /charts/e/e_3HZS2JPM2CR/backfill-f1f2495d518d-b1.svg/ (+1ms) 
23:08:37   ├─ /charts/e/e_3HZS2JPM2CR/niche-f1f2495d518d-b1.svg/ (+1ms) 
23:08:37   ├─ /charts/e/e_3HZS2JPM2CR/changes-f1f2495d518d-b1.svg/ (+1ms) 
23:08:37   ├─ /charts/e/e_3HZS2JPM2CR/commits-7e6b5bcfba2a-b1.svg/ (+2ms) 
23:08:37   ├─ /charts/e/e_3HZS2JPM2CR/heatmap-7e6b5bcfba2a-b1.svg/ (+1ms) 
23:08:37   ├─ /charts/e/e_3HZS2JPM2CR/backfill-7e6b5bcfba2a-b1.svg/ (+1ms) 
23:08:37   ├─ /charts/e/e_3HZS2JPM2CR/niche-7e6b5bcfba2a-b1.svg/ (+0ms) 
23:08:37   ├─ /charts/e/e_3HZS2JPM2CR/changes-7e6b5bcfba2a-b1.svg/ (+7ms) 
23:08:37   ├─ /charts/e/e_3HZS2JPM2CR/commits-df540ea0d40d-b1.svg/ (+3ms) 
23:08:37   ├─ /charts/e/e_3HZS2JPM2CR/heatmap-df540ea0d40d-b1.svg/ (+1ms) 
23:08:37   ├─ /charts/e/e_3HZS2JPM2CR/backfill-df540ea0d40d-b1.svg/ (+1ms) 
23:08:37   ├─ /charts/e/e_3HZS2JPM2CR/niche-df540ea0d40d-b1.svg/ (+1ms) 
23:08:37   ├─ /charts/e/e_3HZS2JPM2CR/changes-df540ea0d40d-b1.svg/ (+0ms) 
23:08:37   ├─ /charts/e/e_3HZS2JPM2CR/commits-064bcdd1c2d3-b1.svg/ (+1ms) 
23:08:37   ├─ /charts/e/e_3HZS2JPM2CR/heatmap-064bcdd1c2d3-b1.svg/ (+1ms) 
23:08:37   ├─ /charts/e/e_3HZS2JPM2CR/backfill-064bcdd1c2d3-b1.svg/ (+1ms) 
23:08:37   ├─ /charts/e/e_3HZS2JPM2CR/niche-064bcdd1c2d3-b1.svg/ (+0ms) 
23:08:37   ├─ /charts/e/e_3HZS2JPM2CR/changes-064bcdd1c2d3-b1.svg/ (+0ms) 
23:08:37   ├─ /charts/e/e_3HZS2JPM2CR/commits-be624cbf9aec-b1.svg/ (+0ms) 
23:08:37   ├─ /charts/e/e_3HZS2JPM2CR/heatmap-be624cbf9aec-b1.svg/ (+2ms) 
23:08:37   ├─ /charts/e/e_3HZS2JPM2CR/backfill-be624cbf9aec-b1.svg/ (+2ms) 
23:08:37   ├─ /charts/e/e_3HZS2JPM2CR/niche-be624cbf9aec-b1.svg/ (+1ms) 
23:08:37   ├─ /charts/e/e_3HZS2JPM2CR/changes-be624cbf9aec-b1.svg/ (+0ms) 
23:08:37   ├─ /charts/e/e_3HZS2JPM2CR/commits-fe618519ff6a-b1.svg/ (+0ms) 
23:08:37   ├─ /charts/e/e_3HZS2JPM2CR/heatmap-fe618519ff6a-b1.svg/ (+0ms) 
23:08:37   ├─ /charts/e/e_3HZS2JPM2CR/backfill-fe618519ff6a-b1.svg/ (+2ms) 
23:08:37   ├─ /charts/e/e_3HZS2JPM2CR/niche-fe618519ff6a-b1.svg/ (+1ms) 
23:08:37   ├─ /charts/e/e_3HZS2JPM2CR/changes-fe618519ff6a-b1.svg/ (+1ms) 
23:08:37   ├─ /charts/e/e_3HZS2JPM2CR/commits-035a72a81e59-b1.svg/ (+4ms) 
23:08:37   ├─ /charts/e/e_3HZS2JPM2CR/heatmap-035a72a81e59-b1.svg/ (+1ms) 
23:08:37   ├─ /charts/e/e_3HZS2JPM2CR/backfill-035a72a81e59-b1.svg/ (+6ms) 
23:08:37   ├─ /charts/e/e_3HZS2JPM2CR/niche-035a72a81e59-b1.svg/ (+7ms) 
23:08:37   ├─ /charts/e/e_3HZS2JPM2CR/changes-035a72a81e59-b1.svg/ (+1ms) 
23:08:37   ├─ /charts/e/e_3HZS2JPM2CR/commits-46cf326e7985-b1.svg/ (+1ms) 
23:08:37   ├─ /charts/e/e_3HZS2JPM2CR/heatmap-46cf326e7985-b1.svg/ (+0ms) 
23:08:37   ├─ /charts/e/e_3HZS2JPM2CR/backfill-46cf326e7985-b1.svg/ (+1ms) 
23:08:37   ├─ /charts/e/e_3HZS2JPM2CR/niche-46cf326e7985-b1.svg/ (+1ms) 
23:08:37   ├─ /charts/e/e_3HZS2JPM2CR/changes-46cf326e7985-b1.svg/ (+3ms) 
23:08:37   ├─ /charts/e/e_3HZS2JPM2CR/commits-515920e4ea3f-b1.svg/ (+2ms) 
23:08:37   ├─ /charts/e/e_3HZS2JPM2CR/heatmap-515920e4ea3f-b1.svg/ (+1ms) 
23:08:37   ├─ /charts/e/e_3HZS2JPM2CR/backfill-515920e4ea3f-b1.svg/ (+1ms) 
23:08:37   ├─ /charts/e/e_3HZS2JPM2CR/niche-515920e4ea3f-b1.svg/ (+0ms) 
23:08:37   ├─ /charts/e/e_3HZS2JPM2CR/changes-515920e4ea3f-b1.svg/ (+1ms) 
23:08:37   ├─ /charts/e/e_3HZS2JPM2CR/commits-0a7b1714d0ad-b1.svg/ (+0ms) 
23:08:37   ├─ /charts/e/e_3HZS2JPM2CR/heatmap-0a7b1714d0ad-b1.svg/ (+0ms) 
23:08:37   ├─ /charts/e/e_3HZS2JPM2CR/backfill-0a7b1714d0ad-b1.svg/ (+1ms) 
23:08:37   ├─ /charts/e/e_3HZS2JPM2CR/niche-0a7b1714d0ad-b1.svg/ (+0ms) 
23:08:37   ├─ /charts/e/e_3HZS2JPM2CR/changes-0a7b1714d0ad-b1.svg/ (+0ms) 
23:08:37   ├─ /charts/e/e_3HZS2JPM2CR/commits-fcfd3a7ccdcb-b1.svg/ (+1ms) 
23:08:37   ├─ /charts/e/e_3HZS2JPM2CR/heatmap-fcfd3a7ccdcb-b1.svg/ (+0ms) 
23:08:37   ├─ /charts/e/e_3HZS2JPM2CR/dependents-fcfd3a7ccdcb-b1.svg/ (+1ms) 
23:08:37   ├─ /charts/e/e_3HZS2JPM2CR/backfill-fcfd3a7ccdcb-b1.svg/ (+0ms) 
23:08:37   ├─ /charts/e/e_3HZS2JPM2CR/niche-fcfd3a7ccdcb-b1.svg/ (+1ms) 
23:08:37   ├─ /charts/e/e_3HZS2JPM2CR/changes-fcfd3a7ccdcb-b1.svg/ (+1ms) 
23:08:37   ├─ /charts/e/e_3N3Q3YAWBCG/commits-46cf326e7985-b1.svg/ (+1ms) 
23:08:37   ├─ /charts/e/e_3N3Q3YAWBCG/heatmap-46cf326e7985-b1.svg/ (+0ms) 
23:08:37   ├─ /charts/e/e_3N3Q3YAWBCG/backfill-46cf326e7985-b1.svg/ (+0ms) 
23:08:37   ├─ /charts/e/e_3N3Q3YAWBCG/niche-46cf326e7985-b1.svg/ (+0ms) 
23:08:37   ├─ /charts/e/e_3N3Q3YAWBCG/changes-46cf326e7985-b1.svg/ (+0ms) 
23:08:37   ├─ /charts/e/e_3N3Q3YAWBCG/commits-515920e4ea3f-b1.svg/ (+1ms) 
23:08:37   ├─ /charts/e/e_3N3Q3YAWBCG/heatmap-515920e4ea3f-b1.svg/ (+1ms) 
23:08:37   ├─ /charts/e/e_3N3Q3YAWBCG/backfill-515920e4ea3f-b1.svg/ (+0ms) 
23:08:37   ├─ /charts/e/e_3N3Q3YAWBCG/niche-515920e4ea3f-b1.svg/ (+1ms) 
23:08:37   ├─ /charts/e/e_3N3Q3YAWBCG/changes-515920e4ea3f-b1.svg/ (+0ms) 
23:08:37   ├─ /charts/e/e_3N3Q3YAWBCG/commits-0a7b1714d0ad-b1.svg/ (+1ms) 
23:08:37   ├─ /charts/e/e_3N3Q3YAWBCG/heatmap-0a7b1714d0ad-b1.svg/ (+1ms) 
23:08:37   ├─ /charts/e/e_3N3Q3YAWBCG/backfill-0a7b1714d0ad-b1.svg/ (+1ms) 
23:08:37   ├─ /charts/e/e_3N3Q3YAWBCG/niche-0a7b1714d0ad-b1.svg/ (+1ms) 
23:08:37   ├─ /charts/e/e_3N3Q3YAWBCG/changes-0a7b1714d0ad-b1.svg/ (+1ms) 
23:08:37   ├─ /charts/e/e_3N3Q3YAWBCG/commits-fcfd3a7ccdcb-b1.svg/ (+1ms) 
23:08:37   ├─ /charts/e/e_3N3Q3YAWBCG/heatmap-fcfd3a7ccdcb-b1.svg/ (+0ms) 
23:08:37   ├─ /charts/e/e_3N3Q3YAWBCG/backfill-fcfd3a7ccdcb-b1.svg/ (+0ms) 
23:08:37   ├─ /charts/e/e_3N3Q3YAWBCG/niche-fcfd3a7ccdcb-b1.svg/ (+0ms) 
23:08:37   ├─ /charts/e/e_3N3Q3YAWBCG/changes-fcfd3a7ccdcb-b1.svg/ (+1ms) 
23:08:37   ├─ /charts/e/e_41T3C34FQFA/commits-8b04a522dda1-b1.svg/ (+1ms) 
23:08:37   ├─ /charts/e/e_41T3C34FQFA/heatmap-8b04a522dda1-b1.svg/ (+1ms) 
23:08:37   ├─ /charts/e/e_41T3C34FQFA/niche-8b04a522dda1-b1.svg/ (+0ms) 
23:08:37   ├─ /charts/e/e_41T3C34FQFA/changes-8b04a522dda1-b1.svg/ (+0ms) 
23:08:37   ├─ /charts/e/e_41T3C34FQFA/commits-f1f2495d518d-b1.svg/ (+1ms) 
23:08:37   ├─ /charts/e/e_41T3C34FQFA/heatmap-f1f2495d518d-b1.svg/ (+1ms) 
23:08:37   ├─ /charts/e/e_41T3C34FQFA/niche-f1f2495d518d-b1.svg/ (+1ms) 
23:08:37   ├─ /charts/e/e_41T3C34FQFA/changes-f1f2495d518d-b1.svg/ (+0ms) 
23:08:37   ├─ /charts/e/e_41T3C34FQFA/commits-f1f2495d518d-b1.svg/ (+0ms) 
23:08:37   ├─ /charts/e/e_41T3C34FQFA/heatmap-f1f2495d518d-b1.svg/ (+0ms) 
23:08:37   ├─ /charts/e/e_41T3C34FQFA/niche-f1f2495d518d-b1.svg/ (+0ms) 
23:08:37   ├─ /charts/e/e_41T3C34FQFA/changes-f1f2495d518d-b1.svg/ (+0ms) 
23:08:37   ├─ /charts/e/e_41T3C34FQFA/commits-7e6b5bcfba2a-b1.svg/ (+2ms) 
23:08:37   ├─ /charts/e/e_41T3C34FQFA/heatmap-7e6b5bcfba2a-b1.svg/ (+1ms) 
23:08:37   ├─ /charts/e/e_41T3C34FQFA/citations-7e6b5bcfba2a-b1.svg/ (+2ms) 
23:08:37   ├─ /charts/e/e_41T3C34FQFA/niche-7e6b5bcfba2a-b1.svg/ (+1ms) 
23:08:37   ├─ /charts/e/e_41T3C34FQFA/changes-7e6b5bcfba2a-b1.svg/ (+0ms) 
23:08:37   ├─ /charts/e/e_41T3C34FQFA/commits-df540ea0d40d-b1.svg/ (+7ms) 
23:08:37   ├─ /charts/e/e_41T3C34FQFA/heatmap-df540ea0d40d-b1.svg/ (+1ms) 
23:08:37   ├─ /charts/e/e_41T3C34FQFA/citations-df540ea0d40d-b1.svg/ (+1ms) 
23:08:37   ├─ /charts/e/e_41T3C34FQFA/niche-df540ea0d40d-b1.svg/ (+1ms) 
23:08:37   ├─ /charts/e/e_41T3C34FQFA/changes-df540ea0d40d-b1.svg/ (+1ms) 
23:08:37   ├─ /charts/e/e_41T3C34FQFA/commits-064bcdd1c2d3-b1.svg/ (+0ms) 
23:08:37   ├─ /charts/e/e_41T3C34FQFA/heatmap-064bcdd1c2d3-b1.svg/ (+0ms) 
23:08:37   ├─ /charts/e/e_41T3C34FQFA/citations-064bcdd1c2d3-b1.svg/ (+1ms) 
23:08:37   ├─ /charts/e/e_41T3C34FQFA/niche-064bcdd1c2d3-b1.svg/ (+0ms) 
23:08:37   ├─ /charts/e/e_41T3C34FQFA/changes-064bcdd1c2d3-b1.svg/ (+0ms) 
23:08:37   ├─ /charts/e/e_41T3C34FQFA/commits-be624cbf9aec-b1.svg/ (+0ms) 
23:08:37   ├─ /charts/e/e_41T3C34FQFA/heatmap-be624cbf9aec-b1.svg/ (+0ms) 
23:08:37   ├─ /charts/e/e_41T3C34FQFA/citations-be624cbf9aec-b1.svg/ (+0ms) 
23:08:37   ├─ /charts/e/e_41T3C34FQFA/niche-be624cbf9aec-b1.svg/ (+0ms) 
23:08:37   ├─ /charts/e/e_41T3C34FQFA/changes-be624cbf9aec-b1.svg/ (+0ms) 
23:08:37   ├─ /charts/e/e_41T3C34FQFA/commits-fe618519ff6a-b1.svg/ (+0ms) 
23:08:37   ├─ /charts/e/e_41T3C34FQFA/heatmap-fe618519ff6a-b1.svg/ (+0ms) 
23:08:37   ├─ /charts/e/e_41T3C34FQFA/citations-fe618519ff6a-b1.svg/ (+0ms) 
23:08:37   ├─ /charts/e/e_41T3C34FQFA/niche-fe618519ff6a-b1.svg/ (+0ms) 
23:08:37   ├─ /charts/e/e_41T3C34FQFA/changes-fe618519ff6a-b1.svg/ (+0ms) 
23:08:37   ├─ /charts/e/e_41T3C34FQFA/commits-035a72a81e59-b1.svg/ (+1ms) 
23:08:37   ├─ /charts/e/e_41T3C34FQFA/heatmap-035a72a81e59-b1.svg/ (+0ms) 
23:08:37   ├─ /charts/e/e_41T3C34FQFA/citations-035a72a81e59-b1.svg/ (+0ms) 
23:08:37   ├─ /charts/e/e_41T3C34FQFA/niche-035a72a81e59-b1.svg/ (+1ms) 
23:08:37   ├─ /charts/e/e_41T3C34FQFA/changes-035a72a81e59-b1.svg/ (+2ms) 
23:08:37   ├─ /charts/e/e_41T3C34FQFA/commits-9d18a826a3f1-b1.svg/ (+2ms) 
23:08:37   ├─ /charts/e/e_41T3C34FQFA/heatmap-9d18a826a3f1-b1.svg/ (+1ms) 
23:08:37   ├─ /charts/e/e_41T3C34FQFA/citations-9d18a826a3f1-b1.svg/ (+1ms) 
23:08:37   ├─ /charts/e/e_41T3C34FQFA/niche-9d18a826a3f1-b1.svg/ (+0ms) 
23:08:37   ├─ /charts/e/e_41T3C34FQFA/changes-9d18a826a3f1-b1.svg/ (+0ms) 
23:08:37   ├─ /charts/e/e_41T3C34FQFA/commits-66cffe06e8cb-b1.svg/ (+0ms) 
23:08:37   ├─ /charts/e/e_41T3C34FQFA/heatmap-66cffe06e8cb-b1.svg/ (+0ms) 
23:08:37   ├─ /charts/e/e_41T3C34FQFA/citations-66cffe06e8cb-b1.svg/ (+1ms) 
23:08:37   ├─ /charts/e/e_41T3C34FQFA/niche-66cffe06e8cb-b1.svg/ (+0ms) 
23:08:37   ├─ /charts/e/e_41T3C34FQFA/changes-66cffe06e8cb-b1.svg/ (+0ms) 
23:08:37   ├─ /charts/e/e_41T3C34FQFA/commits-46cf326e7985-b1.svg/ (+0ms) 
23:08:37   ├─ /charts/e/e_41T3C34FQFA/heatmap-46cf326e7985-b1.svg/ (+0ms) 
23:08:37   ├─ /charts/e/e_41T3C34FQFA/citations-46cf326e7985-b1.svg/ (+1ms) 
23:08:37   ├─ /charts/e/e_41T3C34FQFA/niche-46cf326e7985-b1.svg/ (+0ms) 
23:08:37   ├─ /charts/e/e_41T3C34FQFA/changes-46cf326e7985-b1.svg/ (+0ms) 
23:08:37   ├─ /charts/e/e_41T3C34FQFA/commits-515920e4ea3f-b1.svg/ (+0ms) 
23:08:37   ├─ /charts/e/e_41T3C34FQFA/heatmap-515920e4ea3f-b1.svg/ (+0ms) 
23:08:37   ├─ /charts/e/e_41T3C34FQFA/citations-515920e4ea3f-b1.svg/ (+0ms) 
23:08:37   ├─ /charts/e/e_41T3C34FQFA/niche-515920e4ea3f-b1.svg/ (+0ms) 
23:08:37   ├─ /charts/e/e_41T3C34FQFA/changes-515920e4ea3f-b1.svg/ (+0ms) 
23:08:37   ├─ /charts/e/e_41T3C34FQFA/commits-0a7b1714d0ad-b1.svg/ (+2ms) 
23:08:37   ├─ /charts/e/e_41T3C34FQFA/heatmap-0a7b1714d0ad-b1.svg/ (+1ms) 
23:08:37   ├─ /charts/e/e_41T3C34FQFA/citations-0a7b1714d0ad-b1.svg/ (+0ms) 
23:08:37   ├─ /charts/e/e_41T3C34FQFA/niche-0a7b1714d0ad-b1.svg/ (+0ms) 
23:08:37   ├─ /charts/e/e_41T3C34FQFA/changes-0a7b1714d0ad-b1.svg/ (+0ms) 
23:08:37   ├─ /charts/e/e_41T3C34FQFA/commits-fcfd3a7ccdcb-b1.svg/ (+0ms) 
23:08:37   ├─ /charts/e/e_41T3C34FQFA/heatmap-fcfd3a7ccdcb-b1.svg/ (+2ms) 
23:08:37   ├─ /charts/e/e_41T3C34FQFA/citations-fcfd3a7ccdcb-b1.svg/ (+0ms) 
23:08:37   ├─ /charts/e/e_41T3C34FQFA/niche-fcfd3a7ccdcb-b1.svg/ (+0ms) 
23:08:37   ├─ /charts/e/e_41T3C34FQFA/changes-fcfd3a7ccdcb-b1.svg/ (+1ms) 
23:08:37   ├─ /charts/e/e_4P7EDPAWCY2/commits-8b04a522dda1-b1.svg/ (+2ms) 
23:08:37   ├─ /charts/e/e_4P7EDPAWCY2/heatmap-8b04a522dda1-b1.svg/ (+1ms) 
23:08:37   ├─ /charts/e/e_4P7EDPAWCY2/backfill-8b04a522dda1-b1.svg/ (+1ms) 
23:08:37   ├─ /charts/e/e_4P7EDPAWCY2/niche-8b04a522dda1-b1.svg/ (+1ms) 
23:08:37   ├─ /charts/e/e_4P7EDPAWCY2/changes-8b04a522dda1-b1.svg/ (+0ms) 
23:08:37   ├─ /charts/e/e_4P7EDPAWCY2/commits-f1f2495d518d-b1.svg/ (+0ms) 
23:08:37   ├─ /charts/e/e_4P7EDPAWCY2/heatmap-f1f2495d518d-b1.svg/ (+0ms) 
23:08:37   ├─ /charts/e/e_4P7EDPAWCY2/backfill-f1f2495d518d-b1.svg/ (+3ms) 
23:08:37   ├─ /charts/e/e_4P7EDPAWCY2/niche-f1f2495d518d-b1.svg/ (+1ms) 
23:08:37   ├─ /charts/e/e_4P7EDPAWCY2/changes-f1f2495d518d-b1.svg/ (+1ms) 
23:08:37   ├─ /charts/e/e_4P7EDPAWCY2/commits-f1f2495d518d-b1.svg/ (+0ms) 
23:08:37   ├─ /charts/e/e_4P7EDPAWCY2/heatmap-f1f2495d518d-b1.svg/ (+0ms) 
23:08:37   ├─ /charts/e/e_4P7EDPAWCY2/backfill-f1f2495d518d-b1.svg/ (+1ms) 
23:08:37   ├─ /charts/e/e_4P7EDPAWCY2/niche-f1f2495d518d-b1.svg/ (+0ms) 
23:08:37   ├─ /charts/e/e_4P7EDPAWCY2/changes-f1f2495d518d-b1.svg/ (+1ms) 
23:08:37   ├─ /charts/e/e_4P7EDPAWCY2/commits-7e6b5bcfba2a-b1.svg/ (+1ms) 
23:08:37   ├─ /charts/e/e_4P7EDPAWCY2/heatmap-7e6b5bcfba2a-b1.svg/ (+0ms) 
23:08:37   ├─ /charts/e/e_4P7EDPAWCY2/backfill-7e6b5bcfba2a-b1.svg/ (+0ms) 
23:08:37   ├─ /charts/e/e_4P7EDPAWCY2/niche-7e6b5bcfba2a-b1.svg/ (+0ms) 
23:08:37   ├─ /charts/e/e_4P7EDPAWCY2/changes-7e6b5bcfba2a-b1.svg/ (+0ms) 
23:08:37   ├─ /charts/e/e_4P7EDPAWCY2/commits-df540ea0d40d-b1.svg/ (+0ms) 
23:08:37   ├─ /charts/e/e_4P7EDPAWCY2/heatmap-df540ea0d40d-b1.svg/ (+0ms) 
23:08:37   ├─ /charts/e/e_4P7EDPAWCY2/backfill-df540ea0d40d-b1.svg/ (+0ms) 
23:08:37   ├─ /charts/e/e_4P7EDPAWCY2/niche-df540ea0d40d-b1.svg/ (+0ms) 
23:08:37   ├─ /charts/e/e_4P7EDPAWCY2/changes-df540ea0d40d-b1.svg/ (+0ms) 
23:08:37   ├─ /charts/e/e_4P7EDPAWCY2/commits-064bcdd1c2d3-b1.svg/ (+0ms) 
23:08:37   ├─ /charts/e/e_4P7EDPAWCY2/heatmap-064bcdd1c2d3-b1.svg/ (+0ms) 
23:08:37   ├─ /charts/e/e_4P7EDPAWCY2/backfill-064bcdd1c2d3-b1.svg/ (+0ms) 
23:08:37   ├─ /charts/e/e_4P7EDPAWCY2/niche-064bcdd1c2d3-b1.svg/ (+0ms) 
23:08:37   ├─ /charts/e/e_4P7EDPAWCY2/changes-064bcdd1c2d3-b1.svg/ (+0ms) 
23:08:37   ├─ /charts/e/e_4P7EDPAWCY2/commits-be624cbf9aec-b1.svg/ (+0ms) 
23:08:37   ├─ /charts/e/e_4P7EDPAWCY2/heatmap-be624cbf9aec-b1.svg/ (+1ms) 
23:08:37   ├─ /charts/e/e_4P7EDPAWCY2/backfill-be624cbf9aec-b1.svg/ (+3ms) 
23:08:37   ├─ /charts/e/e_4P7EDPAWCY2/niche-be624cbf9aec-b1.svg/ (+1ms) 
23:08:37   ├─ /charts/e/e_4P7EDPAWCY2/changes-be624cbf9aec-b1.svg/ (+1ms) 
23:08:37   ├─ /charts/e/e_4P7EDPAWCY2/commits-fe618519ff6a-b1.svg/ (+2ms) 
23:08:37   ├─ /charts/e/e_4P7EDPAWCY2/heatmap-fe618519ff6a-b1.svg/ (+1ms) 
23:08:37   ├─ /charts/e/e_4P7EDPAWCY2/backfill-fe618519ff6a-b1.svg/ (+1ms) 
23:08:37   ├─ /charts/e/e_4P7EDPAWCY2/niche-fe618519ff6a-b1.svg/ (+1ms) 
23:08:37   ├─ /charts/e/e_4P7EDPAWCY2/changes-fe618519ff6a-b1.svg/ (+0ms) 
23:08:37   ├─ /charts/e/e_4P7EDPAWCY2/commits-035a72a81e59-b1.svg/ (+1ms) 
23:08:37   ├─ /charts/e/e_4P7EDPAWCY2/heatmap-035a72a81e59-b1.svg/ (+1ms) 
23:08:37   ├─ /charts/e/e_4P7EDPAWCY2/backfill-035a72a81e59-b1.svg/ (+0ms) 
23:08:37   ├─ /charts/e/e_4P7EDPAWCY2/niche-035a72a81e59-b1.svg/ (+1ms) 
23:08:37   ├─ /charts/e/e_4P7EDPAWCY2/changes-035a72a81e59-b1.svg/ (+0ms) 
23:08:37   ├─ /charts/e/e_4P7EDPAWCY2/commits-9d18a826a3f1-b1.svg/ (+1ms) 
23:08:37   ├─ /charts/e/e_4P7EDPAWCY2/heatmap-9d18a826a3f1-b1.svg/ (+0ms) 
23:08:37   ├─ /charts/e/e_4P7EDPAWCY2/backfill-9d18a826a3f1-b1.svg/ (+0ms) 
23:08:37   ├─ /charts/e/e_4P7EDPAWCY2/niche-9d18a826a3f1-b1.svg/ (+0ms) 
23:08:37   ├─ /charts/e/e_4P7EDPAWCY2/changes-9d18a826a3f1-b1.svg/ (+0ms) 
23:08:37   ├─ /charts/e/e_4P7EDPAWCY2/commits-66cffe06e8cb-b1.svg/ (+1ms) 
23:08:37   ├─ /charts/e/e_4P7EDPAWCY2/heatmap-66cffe06e8cb-b1.svg/ (+0ms) 
23:08:37   ├─ /charts/e/e_4P7EDPAWCY2/backfill-66cffe06e8cb-b1.svg/ (+0ms) 
23:08:37   ├─ /charts/e/e_4P7EDPAWCY2/niche-66cffe06e8cb-b1.svg/ (+0ms) 
23:08:37   ├─ /charts/e/e_4P7EDPAWCY2/changes-66cffe06e8cb-b1.svg/ (+0ms) 
23:08:37   ├─ /charts/e/e_4P7EDPAWCY2/commits-46cf326e7985-b1.svg/ (+0ms) 
23:08:37   ├─ /charts/e/e_4P7EDPAWCY2/heatmap-46cf326e7985-b1.svg/ (+1ms) 
23:08:37   ├─ /charts/e/e_4P7EDPAWCY2/backfill-46cf326e7985-b1.svg/ (+0ms) 
23:08:37   ├─ /charts/e/e_4P7EDPAWCY2/niche-46cf326e7985-b1.svg/ (+0ms) 
23:08:37   ├─ /charts/e/e_4P7EDPAWCY2/changes-46cf326e7985-b1.svg/ (+0ms) 
23:08:37   ├─ /charts/e/e_4P7EDPAWCY2/commits-515920e4ea3f-b1.svg/ (+1ms) 
23:08:37   ├─ /charts/e/e_4P7EDPAWCY2/heatmap-515920e4ea3f-b1.svg/ (+0ms) 
23:08:37   ├─ /charts/e/e_4P7EDPAWCY2/backfill-515920e4ea3f-b1.svg/ (+0ms) 
23:08:37   ├─ /charts/e/e_4P7EDPAWCY2/niche-515920e4ea3f-b1.svg/ (+0ms) 
23:08:37   ├─ /charts/e/e_4P7EDPAWCY2/changes-515920e4ea3f-b1.svg/ (+0ms) 
23:08:37   ├─ /charts/e/e_4P7EDPAWCY2/commits-0a7b1714d0ad-b1.svg/ (+0ms) 
23:08:37   ├─ /charts/e/e_4P7EDPAWCY2/heatmap-0a7b1714d0ad-b1.svg/ (+0ms) 
23:08:37   ├─ /charts/e/e_4P7EDPAWCY2/backfill-0a7b1714d0ad-b1.svg/ (+1ms) 
23:08:37   ├─ /charts/e/e_4P7EDPAWCY2/niche-0a7b1714d0ad-b1.svg/ (+1ms) 
23:08:37   ├─ /charts/e/e_4P7EDPAWCY2/changes-0a7b1714d0ad-b1.svg/ (+0ms) 
23:08:37   ├─ /charts/e/e_4P7EDPAWCY2/commits-fcfd3a7ccdcb-b1.svg/ (+0ms) 
23:08:37   ├─ /charts/e/e_4P7EDPAWCY2/heatmap-fcfd3a7ccdcb-b1.svg/ (+1ms) 
23:08:37   ├─ /charts/e/e_4P7EDPAWCY2/dependents-fcfd3a7ccdcb-b1.svg/ (+0ms) 
23:08:37   ├─ /charts/e/e_4P7EDPAWCY2/backfill-fcfd3a7ccdcb-b1.svg/ (+1ms) 
23:08:37   ├─ /charts/e/e_4P7EDPAWCY2/niche-fcfd3a7ccdcb-b1.svg/ (+1ms) 
23:08:37   ├─ /charts/e/e_4P7EDPAWCY2/changes-fcfd3a7ccdcb-b1.svg/ (+2ms) 
23:08:37   ├─ /charts/e/e_4VBT50A7VD2/commits-9d18a826a3f1-b1.svg/ (+3ms) 
23:08:37   ├─ /charts/e/e_4VBT50A7VD2/heatmap-9d18a826a3f1-b1.svg/ (+1ms) 
23:08:37   ├─ /charts/e/e_4VBT50A7VD2/backfill-9d18a826a3f1-b1.svg/ (+1ms) 
23:08:37   ├─ /charts/e/e_4VBT50A7VD2/niche-9d18a826a3f1-b1.svg/ (+3ms) 
23:08:37   ├─ /charts/e/e_4VBT50A7VD2/changes-9d18a826a3f1-b1.svg/ (+1ms) 
23:08:37   ├─ /charts/e/e_4VBT50A7VD2/commits-46cf326e7985-b1.svg/ (+1ms) 
23:08:37   ├─ /charts/e/e_4VBT50A7VD2/heatmap-46cf326e7985-b1.svg/ (+1ms) 
23:08:37   ├─ /charts/e/e_4VBT50A7VD2/daily-46cf326e7985-b1.svg/ (+0ms) 
23:08:37   ├─ /charts/e/e_4VBT50A7VD2/backfill-46cf326e7985-b1.svg/ (+6ms) 
23:08:37   ├─ /charts/e/e_4VBT50A7VD2/niche-46cf326e7985-b1.svg/ (+22ms) 
23:08:37   ├─ /charts/e/e_4VBT50A7VD2/changes-46cf326e7985-b1.svg/ (+1ms) 
23:08:37   ├─ /charts/e/e_4VBT50A7VD2/commits-515920e4ea3f-b1.svg/ (+1ms) 
23:08:37   ├─ /charts/e/e_4VBT50A7VD2/heatmap-515920e4ea3f-b1.svg/ (+1ms) 
23:08:37   ├─ /charts/e/e_4VBT50A7VD2/daily-515920e4ea3f-b1.svg/ (+1ms) 
23:08:37   ├─ /charts/e/e_4VBT50A7VD2/backfill-515920e4ea3f-b1.svg/ (+1ms) 
23:08:37   ├─ /charts/e/e_4VBT50A7VD2/niche-515920e4ea3f-b1.svg/ (+1ms) 
23:08:37   ├─ /charts/e/e_4VBT50A7VD2/changes-515920e4ea3f-b1.svg/ (+0ms) 
23:08:37   ├─ /charts/e/e_4VBT50A7VD2/commits-0a7b1714d0ad-b1.svg/ (+0ms) 
23:08:37   ├─ /charts/e/e_4VBT50A7VD2/heatmap-0a7b1714d0ad-b1.svg/ (+0ms) 
23:08:37   ├─ /charts/e/e_4VBT50A7VD2/daily-0a7b1714d0ad-b1.svg/ (+1ms) 
23:08:37   ├─ /charts/e/e_4VBT50A7VD2/backfill-0a7b1714d0ad-b1.svg/ (+1ms) 
23:08:37   ├─ /charts/e/e_4VBT50A7VD2/niche-0a7b1714d0ad-b1.svg/ (+1ms) 
23:08:37   ├─ /charts/e/e_4VBT50A7VD2/changes-0a7b1714d0ad-b1.svg/ (+1ms) 
23:08:37   ├─ /charts/e/e_4VBT50A7VD2/commits-fcfd3a7ccdcb-b1.svg/ (+1ms) 
23:08:37   ├─ /charts/e/e_4VBT50A7VD2/heatmap-fcfd3a7ccdcb-b1.svg/ (+1ms) 
23:08:37   ├─ /charts/e/e_4VBT50A7VD2/daily-fcfd3a7ccdcb-b1.svg/ (+0ms) 
23:08:37   ├─ /charts/e/e_4VBT50A7VD2/backfill-fcfd3a7ccdcb-b1.svg/ (+0ms) 
23:08:37   ├─ /charts/e/e_4VBT50A7VD2/niche-fcfd3a7ccdcb-b1.svg/ (+3ms) 
23:08:37   ├─ /charts/e/e_4VBT50A7VD2/changes-fcfd3a7ccdcb-b1.svg/ (+2ms) 
23:08:37   ├─ /charts/e/e_5R5PKZN9WTY/commits-8b04a522dda1-b1.svg/ (+3ms) 
23:08:38   ├─ /charts/e/e_5R5PKZN9WTY/heatmap-8b04a522dda1-b1.svg/ (+1ms) 
23:08:38   ├─ /charts/e/e_5R5PKZN9WTY/backfill-8b04a522dda1-b1.svg/ (+2ms) 
23:08:38   ├─ /charts/e/e_5R5PKZN9WTY/niche-8b04a522dda1-b1.svg/ (+1ms) 
23:08:38   ├─ /charts/e/e_5R5PKZN9WTY/changes-8b04a522dda1-b1.svg/ (+2ms) 
23:08:38   ├─ /charts/e/e_5R5PKZN9WTY/commits-f1f2495d518d-b1.svg/ (+1ms) 
23:08:38   ├─ /charts/e/e_5R5PKZN9WTY/heatmap-f1f2495d518d-b1.svg/ (+1ms) 
23:08:38   ├─ /charts/e/e_5R5PKZN9WTY/backfill-f1f2495d518d-b1.svg/ (+0ms) 
23:08:38   ├─ /charts/e/e_5R5PKZN9WTY/niche-f1f2495d518d-b1.svg/ (+1ms) 
23:08:38   ├─ /charts/e/e_5R5PKZN9WTY/changes-f1f2495d518d-b1.svg/ (+2ms) 
23:08:38   ├─ /charts/e/e_5R5PKZN9WTY/commits-f1f2495d518d-b1.svg/ (+1ms) 
23:08:38   ├─ /charts/e/e_5R5PKZN9WTY/heatmap-f1f2495d518d-b1.svg/ (+0ms) 
23:08:38   ├─ /charts/e/e_5R5PKZN9WTY/backfill-f1f2495d518d-b1.svg/ (+0ms) 
23:08:38   ├─ /charts/e/e_5R5PKZN9WTY/niche-f1f2495d518d-b1.svg/ (+0ms) 
23:08:38   ├─ /charts/e/e_5R5PKZN9WTY/changes-f1f2495d518d-b1.svg/ (+1ms) 
23:08:38   ├─ /charts/e/e_5R5PKZN9WTY/commits-7e6b5bcfba2a-b1.svg/ (+4ms) 
23:08:38   ├─ /charts/e/e_5R5PKZN9WTY/heatmap-7e6b5bcfba2a-b1.svg/ (+2ms) 
23:08:38   ├─ /charts/e/e_5R5PKZN9WTY/backfill-7e6b5bcfba2a-b1.svg/ (+2ms) 
23:08:38   ├─ /charts/e/e_5R5PKZN9WTY/niche-7e6b5bcfba2a-b1.svg/ (+7ms) 
23:08:38   ├─ /charts/e/e_5R5PKZN9WTY/changes-7e6b5bcfba2a-b1.svg/ (+2ms) 
23:08:38   ├─ /charts/e/e_5R5PKZN9WTY/commits-df540ea0d40d-b1.svg/ (+0ms) 
23:08:38   ├─ /charts/e/e_5R5PKZN9WTY/heatmap-df540ea0d40d-b1.svg/ (+0ms) 
23:08:38   ├─ /charts/e/e_5R5PKZN9WTY/backfill-df540ea0d40d-b1.svg/ (+0ms) 
23:08:38   ├─ /charts/e/e_5R5PKZN9WTY/niche-df540ea0d40d-b1.svg/ (+0ms) 
23:08:38   ├─ /charts/e/e_5R5PKZN9WTY/changes-df540ea0d40d-b1.svg/ (+0ms) 
23:08:38   ├─ /charts/e/e_5R5PKZN9WTY/commits-064bcdd1c2d3-b1.svg/ (+0ms) 
23:08:38   ├─ /charts/e/e_5R5PKZN9WTY/heatmap-064bcdd1c2d3-b1.svg/ (+0ms) 
23:08:38   ├─ /charts/e/e_5R5PKZN9WTY/backfill-064bcdd1c2d3-b1.svg/ (+2ms) 
23:08:38   ├─ /charts/e/e_5R5PKZN9WTY/niche-064bcdd1c2d3-b1.svg/ (+0ms) 
23:08:38   ├─ /charts/e/e_5R5PKZN9WTY/changes-064bcdd1c2d3-b1.svg/ (+0ms) 
23:08:38   ├─ /charts/e/e_5R5PKZN9WTY/commits-be624cbf9aec-b1.svg/ (+6ms) 
23:08:38   ├─ /charts/e/e_5R5PKZN9WTY/heatmap-be624cbf9aec-b1.svg/ (+2ms) 
23:08:38   ├─ /charts/e/e_5R5PKZN9WTY/backfill-be624cbf9aec-b1.svg/ (+1ms) 
23:08:38   ├─ /charts/e/e_5R5PKZN9WTY/niche-be624cbf9aec-b1.svg/ (+1ms) 
23:08:38   ├─ /charts/e/e_5R5PKZN9WTY/changes-be624cbf9aec-b1.svg/ (+8ms) 
23:08:38   ├─ /charts/e/e_5R5PKZN9WTY/commits-fe618519ff6a-b1.svg/ (+22ms) 
23:08:38   ├─ /charts/e/e_5R5PKZN9WTY/heatmap-fe618519ff6a-b1.svg/ (+4ms) 
23:08:38   ├─ /charts/e/e_5R5PKZN9WTY/backfill-fe618519ff6a-b1.svg/ (+1ms) 
23:08:38   ├─ /charts/e/e_5R5PKZN9WTY/niche-fe618519ff6a-b1.svg/ (+1ms) 
23:08:38   ├─ /charts/e/e_5R5PKZN9WTY/changes-fe618519ff6a-b1.svg/ (+2ms) 
23:08:38   ├─ /charts/e/e_5R5PKZN9WTY/commits-035a72a81e59-b1.svg/ (+1ms) 
23:08:38   ├─ /charts/e/e_5R5PKZN9WTY/heatmap-035a72a81e59-b1.svg/ (+1ms) 
23:08:38   ├─ /charts/e/e_5R5PKZN9WTY/backfill-035a72a81e59-b1.svg/ (+3ms) 
23:08:38   ├─ /charts/e/e_5R5PKZN9WTY/niche-035a72a81e59-b1.svg/ (+1ms) 
23:08:38   ├─ /charts/e/e_5R5PKZN9WTY/changes-035a72a81e59-b1.svg/ (+2ms) 
23:08:38   ├─ /charts/e/e_5R5PKZN9WTY/commits-9d18a826a3f1-b1.svg/ (+2ms) 
23:08:38   ├─ /charts/e/e_5R5PKZN9WTY/heatmap-9d18a826a3f1-b1.svg/ (+4ms) 
23:08:38   ├─ /charts/e/e_5R5PKZN9WTY/backfill-9d18a826a3f1-b1.svg/ (+1ms) 
23:08:38   ├─ /charts/e/e_5R5PKZN9WTY/niche-9d18a826a3f1-b1.svg/ (+2ms) 
23:08:38   ├─ /charts/e/e_5R5PKZN9WTY/changes-9d18a826a3f1-b1.svg/ (+1ms) 
23:08:38   ├─ /charts/e/e_5R5PKZN9WTY/commits-66cffe06e8cb-b1.svg/ (+2ms) 
23:08:38   ├─ /charts/e/e_5R5PKZN9WTY/heatmap-66cffe06e8cb-b1.svg/ (+4ms) 
23:08:38   ├─ /charts/e/e_5R5PKZN9WTY/backfill-66cffe06e8cb-b1.svg/ (+1ms) 
23:08:38   ├─ /charts/e/e_5R5PKZN9WTY/niche-66cffe06e8cb-b1.svg/ (+3ms) 
23:08:38   ├─ /charts/e/e_5R5PKZN9WTY/changes-66cffe06e8cb-b1.svg/ (+1ms) 
23:08:38   ├─ /charts/e/e_5R5PKZN9WTY/commits-46cf326e7985-b1.svg/ (+2ms) 
23:08:38   ├─ /charts/e/e_5R5PKZN9WTY/heatmap-46cf326e7985-b1.svg/ (+1ms) 
23:08:38   ├─ /charts/e/e_5R5PKZN9WTY/backfill-46cf326e7985-b1.svg/ (+2ms) 
23:08:38   ├─ /charts/e/e_5R5PKZN9WTY/niche-46cf326e7985-b1.svg/ (+1ms) 
23:08:38   ├─ /charts/e/e_5R5PKZN9WTY/changes-46cf326e7985-b1.svg/ (+2ms) 
23:08:38   ├─ /charts/e/e_5R5PKZN9WTY/commits-515920e4ea3f-b1.svg/ (+1ms) 
23:08:38   ├─ /charts/e/e_5R5PKZN9WTY/heatmap-515920e4ea3f-b1.svg/ (+4ms) 
23:08:38   ├─ /charts/e/e_5R5PKZN9WTY/backfill-515920e4ea3f-b1.svg/ (+9ms) 
23:08:38   ├─ /charts/e/e_5R5PKZN9WTY/niche-515920e4ea3f-b1.svg/ (+1ms) 
23:08:38   ├─ /charts/e/e_5R5PKZN9WTY/changes-515920e4ea3f-b1.svg/ (+1ms) 
23:08:38   ├─ /charts/e/e_5R5PKZN9WTY/commits-0a7b1714d0ad-b1.svg/ (+2ms) 
23:08:38   ├─ /charts/e/e_5R5PKZN9WTY/heatmap-0a7b1714d0ad-b1.svg/ (+4ms) 
23:08:38   ├─ /charts/e/e_5R5PKZN9WTY/backfill-0a7b1714d0ad-b1.svg/ (+3ms) 
23:08:38   ├─ /charts/e/e_5R5PKZN9WTY/niche-0a7b1714d0ad-b1.svg/ (+2ms) 
23:08:38   ├─ /charts/e/e_5R5PKZN9WTY/changes-0a7b1714d0ad-b1.svg/ (+1ms) 
23:08:38   ├─ /charts/e/e_5R5PKZN9WTY/commits-fcfd3a7ccdcb-b1.svg/ (+4ms) 
23:08:38   ├─ /charts/e/e_5R5PKZN9WTY/heatmap-fcfd3a7ccdcb-b1.svg/ (+1ms) 
23:08:38   ├─ /charts/e/e_5R5PKZN9WTY/backfill-fcfd3a7ccdcb-b1.svg/ (+3ms) 
23:08:38   ├─ /charts/e/e_5R5PKZN9WTY/niche-fcfd3a7ccdcb-b1.svg/ (+1ms) 
23:08:38   ├─ /charts/e/e_5R5PKZN9WTY/changes-fcfd3a7ccdcb-b1.svg/ (+2ms) 
23:08:38   ├─ /charts/e/e_5VB3GYJAWRC/commits-9d18a826a3f1-b1.svg/ (+1ms) 
23:08:38   ├─ /charts/e/e_5VB3GYJAWRC/heatmap-9d18a826a3f1-b1.svg/ (+1ms) 
23:08:38   ├─ /charts/e/e_5VB3GYJAWRC/backfill-9d18a826a3f1-b1.svg/ (+2ms) 
23:08:38   ├─ /charts/e/e_5VB3GYJAWRC/niche-9d18a826a3f1-b1.svg/ (+3ms) 
23:08:38   ├─ /charts/e/e_5VB3GYJAWRC/changes-9d18a826a3f1-b1.svg/ (+2ms) 
23:08:38   ├─ /charts/e/e_5VB3GYJAWRC/commits-66cffe06e8cb-b1.svg/ (+1ms) 
23:08:38   ├─ /charts/e/e_5VB3GYJAWRC/heatmap-66cffe06e8cb-b1.svg/ (+1ms) 
23:08:38   ├─ /charts/e/e_5VB3GYJAWRC/daily-66cffe06e8cb-b1.svg/ (+1ms) 
23:08:38   ├─ /charts/e/e_5VB3GYJAWRC/backfill-66cffe06e8cb-b1.svg/ (+1ms) 
23:08:38   ├─ /charts/e/e_5VB3GYJAWRC/niche-66cffe06e8cb-b1.svg/ (+2ms) 
23:08:38   ├─ /charts/e/e_5VB3GYJAWRC/changes-66cffe06e8cb-b1.svg/ (+1ms) 
23:08:38   ├─ /charts/e/e_5VB3GYJAWRC/commits-46cf326e7985-b1.svg/ (+1ms) 
23:08:38   ├─ /charts/e/e_5VB3GYJAWRC/heatmap-46cf326e7985-b1.svg/ (+1ms) 
23:08:38   ├─ /charts/e/e_5VB3GYJAWRC/daily-46cf326e7985-b1.svg/ (+1ms) 
23:08:38   ├─ /charts/e/e_5VB3GYJAWRC/backfill-46cf326e7985-b1.svg/ (+1ms) 
23:08:38   ├─ /charts/e/e_5VB3GYJAWRC/niche-46cf326e7985-b1.svg/ (+2ms) 
23:08:38   ├─ /charts/e/e_5VB3GYJAWRC/changes-46cf326e7985-b1.svg/ (+3ms) 
23:08:38   ├─ /charts/e/e_5VB3GYJAWRC/commits-515920e4ea3f-b1.svg/ (+3ms) 
23:08:38   ├─ /charts/e/e_5VB3GYJAWRC/heatmap-515920e4ea3f-b1.svg/ (+1ms) 
23:08:38   ├─ /charts/e/e_5VB3GYJAWRC/daily-515920e4ea3f-b1.svg/ (+1ms) 
23:08:38   ├─ /charts/e/e_5VB3GYJAWRC/backfill-515920e4ea3f-b1.svg/ (+1ms) 
23:08:38   ├─ /charts/e/e_5VB3GYJAWRC/niche-515920e4ea3f-b1.svg/ (+4ms) 
23:08:38   ├─ /charts/e/e_5VB3GYJAWRC/changes-515920e4ea3f-b1.svg/ (+9ms) 
23:08:38   ├─ /charts/e/e_5VB3GYJAWRC/commits-0a7b1714d0ad-b1.svg/ (+4ms) 
23:08:38   ├─ /charts/e/e_5VB3GYJAWRC/heatmap-0a7b1714d0ad-b1.svg/ (+7ms) 
23:08:38   ├─ /charts/e/e_5VB3GYJAWRC/daily-0a7b1714d0ad-b1.svg/ (+2ms) 
23:08:38   ├─ /charts/e/e_5VB3GYJAWRC/backfill-0a7b1714d0ad-b1.svg/ (+0ms) 
23:08:38   ├─ /charts/e/e_5VB3GYJAWRC/niche-0a7b1714d0ad-b1.svg/ (+3ms) 
23:08:38   ├─ /charts/e/e_5VB3GYJAWRC/changes-0a7b1714d0ad-b1.svg/ (+1ms) 
23:08:38   ├─ /charts/e/e_5VB3GYJAWRC/commits-fcfd3a7ccdcb-b1.svg/ (+1ms) 
23:08:38   ├─ /charts/e/e_5VB3GYJAWRC/heatmap-fcfd3a7ccdcb-b1.svg/ (+2ms) 
23:08:38   ├─ /charts/e/e_5VB3GYJAWRC/daily-fcfd3a7ccdcb-b1.svg/ (+2ms) 
23:08:38   ├─ /charts/e/e_5VB3GYJAWRC/backfill-fcfd3a7ccdcb-b1.svg/ (+3ms) 
23:08:38   ├─ /charts/e/e_5VB3GYJAWRC/niche-fcfd3a7ccdcb-b1.svg/ (+1ms) 
23:08:38   ├─ /charts/e/e_5VB3GYJAWRC/changes-fcfd3a7ccdcb-b1.svg/ (+1ms) 
23:08:38   ├─ /charts/e/e_61BHW1YYH5J/commits-515920e4ea3f-b1.svg/ (+1ms) 
23:08:38   ├─ /charts/e/e_61BHW1YYH5J/heatmap-515920e4ea3f-b1.svg/ (+1ms) 
23:08:38   ├─ /charts/e/e_61BHW1YYH5J/niche-515920e4ea3f-b1.svg/ (+6ms) 
23:08:38   ├─ /charts/e/e_61BHW1YYH5J/changes-515920e4ea3f-b1.svg/ (+1ms) 
23:08:38   ├─ /charts/e/e_61BHW1YYH5J/commits-0a7b1714d0ad-b1.svg/ (+1ms) 
23:08:38   ├─ /charts/e/e_61BHW1YYH5J/heatmap-0a7b1714d0ad-b1.svg/ (+0ms) 
23:08:38   ├─ /charts/e/e_61BHW1YYH5J/daily-0a7b1714d0ad-b1.svg/ (+0ms) 
23:08:38   ├─ /charts/e/e_61BHW1YYH5J/niche-0a7b1714d0ad-b1.svg/ (+0ms) 
23:08:38   ├─ /charts/e/e_61BHW1YYH5J/changes-0a7b1714d0ad-b1.svg/ (+1ms) 
23:08:38   ├─ /charts/e/e_61BHW1YYH5J/commits-fcfd3a7ccdcb-b1.svg/ (+1ms) 
23:08:38   ├─ /charts/e/e_61BHW1YYH5J/heatmap-fcfd3a7ccdcb-b1.svg/ (+3ms) 
23:08:38   ├─ /charts/e/e_61BHW1YYH5J/daily-fcfd3a7ccdcb-b1.svg/ (+3ms) 
23:08:38   ├─ /charts/e/e_61BHW1YYH5J/niche-fcfd3a7ccdcb-b1.svg/ (+3ms) 
23:08:38   ├─ /charts/e/e_61BHW1YYH5J/changes-fcfd3a7ccdcb-b1.svg/ (+0ms) 
23:08:38   ├─ /charts/e/e_6Y1JB29DYJA/commits-66cffe06e8cb-b1.svg/ (+2ms) 
23:08:38   ├─ /charts/e/e_6Y1JB29DYJA/heatmap-66cffe06e8cb-b1.svg/ (+1ms) 
23:08:38   ├─ /charts/e/e_6Y1JB29DYJA/niche-66cffe06e8cb-b1.svg/ (+1ms) 
23:08:38   ├─ /charts/e/e_6Y1JB29DYJA/changes-66cffe06e8cb-b1.svg/ (+1ms) 
23:08:38   ├─ /charts/e/e_6Y1JB29DYJA/commits-46cf326e7985-b1.svg/ (+0ms) 
23:08:38   ├─ /charts/e/e_6Y1JB29DYJA/heatmap-46cf326e7985-b1.svg/ (+1ms) 
23:08:38   ├─ /charts/e/e_6Y1JB29DYJA/niche-46cf326e7985-b1.svg/ (+2ms) 
23:08:38   ├─ /charts/e/e_6Y1JB29DYJA/changes-46cf326e7985-b1.svg/ (+2ms) 
23:08:38   ├─ /charts/e/e_6Y1JB29DYJA/commits-515920e4ea3f-b1.svg/ (+1ms) 
23:08:38   ├─ /charts/e/e_6Y1JB29DYJA/heatmap-515920e4ea3f-b1.svg/ (+2ms) 
23:08:38   ├─ /charts/e/e_6Y1JB29DYJA/niche-515920e4ea3f-b1.svg/ (+1ms) 
23:08:38   ├─ /charts/e/e_6Y1JB29DYJA/changes-515920e4ea3f-b1.svg/ (+1ms) 
23:08:38   ├─ /charts/e/e_6Y1JB29DYJA/commits-0a7b1714d0ad-b1.svg/ (+1ms) 
23:08:38   ├─ /charts/e/e_6Y1JB29DYJA/heatmap-0a7b1714d0ad-b1.svg/ (+0ms) 
23:08:38   ├─ /charts/e/e_6Y1JB29DYJA/niche-0a7b1714d0ad-b1.svg/ (+1ms) 
23:08:38   ├─ /charts/e/e_6Y1JB29DYJA/changes-0a7b1714d0ad-b1.svg/ (+1ms) 
23:08:38   ├─ /charts/e/e_6Y1JB29DYJA/commits-fcfd3a7ccdcb-b1.svg/ (+2ms) 
23:08:38   ├─ /charts/e/e_6Y1JB29DYJA/heatmap-fcfd3a7ccdcb-b1.svg/ (+2ms) 
23:08:38   ├─ /charts/e/e_6Y1JB29DYJA/niche-fcfd3a7ccdcb-b1.svg/ (+3ms) 
23:08:38   ├─ /charts/e/e_6Y1JB29DYJA/changes-fcfd3a7ccdcb-b1.svg/ (+1ms) 
23:08:38   ├─ /charts/e/e_7JW04Q252D6/commits-035a72a81e59-b1.svg/ (+1ms) 
23:08:38   ├─ /charts/e/e_7JW04Q252D6/heatmap-035a72a81e59-b1.svg/ (+1ms) 
23:08:38   ├─ /charts/e/e_7JW04Q252D6/backfill-035a72a81e59-b1.svg/ (+1ms) 
23:08:38   ├─ /charts/e/e_7JW04Q252D6/niche-035a72a81e59-b1.svg/ (+1ms) 
23:08:38   ├─ /charts/e/e_7JW04Q252D6/changes-035a72a81e59-b1.svg/ (+1ms) 
23:08:38   ├─ /charts/e/e_7JW04Q252D6/commits-9d18a826a3f1-b1.svg/ (+0ms) 
23:08:38   ├─ /charts/e/e_7JW04Q252D6/heatmap-9d18a826a3f1-b1.svg/ (+0ms) 
23:08:38   ├─ /charts/e/e_7JW04Q252D6/backfill-9d18a826a3f1-b1.svg/ (+0ms) 
23:08:38   ├─ /charts/e/e_7JW04Q252D6/niche-9d18a826a3f1-b1.svg/ (+0ms) 
23:08:38   ├─ /charts/e/e_7JW04Q252D6/changes-9d18a826a3f1-b1.svg/ (+1ms) 
23:08:38   ├─ /charts/e/e_7JW04Q252D6/commits-66cffe06e8cb-b1.svg/ (+1ms) 
23:08:38   ├─ /charts/e/e_7JW04Q252D6/heatmap-66cffe06e8cb-b1.svg/ (+1ms) 
23:08:38   ├─ /charts/e/e_7JW04Q252D6/backfill-66cffe06e8cb-b1.svg/ (+1ms) 
23:08:38   ├─ /charts/e/e_7JW04Q252D6/niche-66cffe06e8cb-b1.svg/ (+0ms) 
23:08:38   ├─ /charts/e/e_7JW04Q252D6/changes-66cffe06e8cb-b1.svg/ (+0ms) 
23:08:38   ├─ /charts/e/e_7JW04Q252D6/commits-46cf326e7985-b1.svg/ (+0ms) 
23:08:38   ├─ /charts/e/e_7JW04Q252D6/heatmap-46cf326e7985-b1.svg/ (+1ms) 
23:08:38   ├─ /charts/e/e_7JW04Q252D6/backfill-46cf326e7985-b1.svg/ (+0ms) 
23:08:38   ├─ /charts/e/e_7JW04Q252D6/niche-46cf326e7985-b1.svg/ (+0ms) 
23:08:38   ├─ /charts/e/e_7JW04Q252D6/changes-46cf326e7985-b1.svg/ (+2ms) 
23:08:38   ├─ /charts/e/e_7JW04Q252D6/commits-515920e4ea3f-b1.svg/ (+1ms) 
23:08:38   ├─ /charts/e/e_7JW04Q252D6/heatmap-515920e4ea3f-b1.svg/ (+3ms) 
23:08:38   ├─ /charts/e/e_7JW04Q252D6/backfill-515920e4ea3f-b1.svg/ (+0ms) 
23:08:38   ├─ /charts/e/e_7JW04Q252D6/niche-515920e4ea3f-b1.svg/ (+1ms) 
23:08:38   ├─ /charts/e/e_7JW04Q252D6/changes-515920e4ea3f-b1.svg/ (+1ms) 
23:08:38   ├─ /charts/e/e_7JW04Q252D6/commits-0a7b1714d0ad-b1.svg/ (+1ms) 
23:08:38   ├─ /charts/e/e_7JW04Q252D6/heatmap-0a7b1714d0ad-b1.svg/ (+0ms) 
23:08:38   ├─ /charts/e/e_7JW04Q252D6/backfill-0a7b1714d0ad-b1.svg/ (+0ms) 
23:08:38   ├─ /charts/e/e_7JW04Q252D6/niche-0a7b1714d0ad-b1.svg/ (+1ms) 
23:08:38   ├─ /charts/e/e_7JW04Q252D6/changes-0a7b1714d0ad-b1.svg/ (+1ms) 
23:08:38   ├─ /charts/e/e_7JW04Q252D6/commits-fcfd3a7ccdcb-b1.svg/ (+1ms) 
23:08:38   ├─ /charts/e/e_7JW04Q252D6/heatmap-fcfd3a7ccdcb-b1.svg/ (+0ms) 
23:08:38   ├─ /charts/e/e_7JW04Q252D6/backfill-fcfd3a7ccdcb-b1.svg/ (+0ms) 
23:08:38   ├─ /charts/e/e_7JW04Q252D6/niche-fcfd3a7ccdcb-b1.svg/ (+0ms) 
23:08:38   ├─ /charts/e/e_7JW04Q252D6/changes-fcfd3a7ccdcb-b1.svg/ (+0ms) 
23:08:38   ├─ /charts/e/e_824XAJ5ETWG/commits-9d18a826a3f1-b1.svg/ (+0ms) 
23:08:38   ├─ /charts/e/e_824XAJ5ETWG/heatmap-9d18a826a3f1-b1.svg/ (+0ms) 
23:08:38   ├─ /charts/e/e_824XAJ5ETWG/niche-9d18a826a3f1-b1.svg/ (+0ms) 
23:08:38   ├─ /charts/e/e_824XAJ5ETWG/changes-9d18a826a3f1-b1.svg/ (+2ms) 
23:08:38   ├─ /charts/e/e_824XAJ5ETWG/commits-66cffe06e8cb-b1.svg/ (+1ms) 
23:08:38   ├─ /charts/e/e_824XAJ5ETWG/heatmap-66cffe06e8cb-b1.svg/ (+1ms) 
23:08:38   ├─ /charts/e/e_824XAJ5ETWG/niche-66cffe06e8cb-b1.svg/ (+2ms) 
23:08:38   ├─ /charts/e/e_824XAJ5ETWG/changes-66cffe06e8cb-b1.svg/ (+0ms) 
23:08:38   ├─ /charts/e/e_824XAJ5ETWG/commits-46cf326e7985-b1.svg/ (+3ms) 
23:08:38   ├─ /charts/e/e_824XAJ5ETWG/heatmap-46cf326e7985-b1.svg/ (+2ms) 
23:08:38   ├─ /charts/e/e_824XAJ5ETWG/niche-46cf326e7985-b1.svg/ (+1ms) 
23:08:38   ├─ /charts/e/e_824XAJ5ETWG/changes-46cf326e7985-b1.svg/ (+1ms) 
23:08:38   ├─ /charts/e/e_824XAJ5ETWG/commits-515920e4ea3f-b1.svg/ (+2ms) 
23:08:38   ├─ /charts/e/e_824XAJ5ETWG/heatmap-515920e4ea3f-b1.svg/ (+2ms) 
23:08:38   ├─ /charts/e/e_824XAJ5ETWG/niche-515920e4ea3f-b1.svg/ (+1ms) 
23:08:38   ├─ /charts/e/e_824XAJ5ETWG/changes-515920e4ea3f-b1.svg/ (+1ms) 
23:08:38   ├─ /charts/e/e_824XAJ5ETWG/commits-0a7b1714d0ad-b1.svg/ (+1ms) 
23:08:38   ├─ /charts/e/e_824XAJ5ETWG/heatmap-0a7b1714d0ad-b1.svg/ (+1ms) 
23:08:38   ├─ /charts/e/e_824XAJ5ETWG/niche-0a7b1714d0ad-b1.svg/ (+1ms) 
23:08:38   ├─ /charts/e/e_824XAJ5ETWG/changes-0a7b1714d0ad-b1.svg/ (+0ms) 
23:08:38   ├─ /charts/e/e_824XAJ5ETWG/commits-fcfd3a7ccdcb-b1.svg/ (+0ms) 
23:08:38   ├─ /charts/e/e_824XAJ5ETWG/heatmap-fcfd3a7ccdcb-b1.svg/ (+0ms) 
23:08:38   ├─ /charts/e/e_824XAJ5ETWG/niche-fcfd3a7ccdcb-b1.svg/ (+0ms) 
23:08:38   ├─ /charts/e/e_824XAJ5ETWG/changes-fcfd3a7ccdcb-b1.svg/ (+0ms) 
23:08:38   ├─ /charts/e/e_8A2A58V55P6/commits-f1f2495d518d-b1.svg/ (+0ms) 
23:08:38   ├─ /charts/e/e_8A2A58V55P6/heatmap-f1f2495d518d-b1.svg/ (+0ms) 
23:08:38   ├─ /charts/e/e_8A2A58V55P6/backfill-f1f2495d518d-b1.svg/ (+0ms) 
23:08:38   ├─ /charts/e/e_8A2A58V55P6/niche-f1f2495d518d-b1.svg/ (+0ms) 
23:08:38   ├─ /charts/e/e_8A2A58V55P6/changes-f1f2495d518d-b1.svg/ (+0ms) 
23:08:38   ├─ /charts/e/e_8A2A58V55P6/commits-f1f2495d518d-b1.svg/ (+0ms) 
23:08:38   ├─ /charts/e/e_8A2A58V55P6/heatmap-f1f2495d518d-b1.svg/ (+0ms) 
23:08:38   ├─ /charts/e/e_8A2A58V55P6/backfill-f1f2495d518d-b1.svg/ (+0ms) 
23:08:38   ├─ /charts/e/e_8A2A58V55P6/niche-f1f2495d518d-b1.svg/ (+0ms) 
23:08:38   ├─ /charts/e/e_8A2A58V55P6/changes-f1f2495d518d-b1.svg/ (+0ms) 
23:08:38   ├─ /charts/e/e_8A2A58V55P6/commits-7e6b5bcfba2a-b1.svg/ (+0ms) 
23:08:38   ├─ /charts/e/e_8A2A58V55P6/heatmap-7e6b5bcfba2a-b1.svg/ (+0ms) 
23:08:38   ├─ /charts/e/e_8A2A58V55P6/backfill-7e6b5bcfba2a-b1.svg/ (+1ms) 
23:08:38   ├─ /charts/e/e_8A2A58V55P6/niche-7e6b5bcfba2a-b1.svg/ (+0ms) 
23:08:38   ├─ /charts/e/e_8A2A58V55P6/changes-7e6b5bcfba2a-b1.svg/ (+0ms) 
23:08:38   ├─ /charts/e/e_8A2A58V55P6/commits-df540ea0d40d-b1.svg/ (+5ms) 
23:08:38   ├─ /charts/e/e_8A2A58V55P6/heatmap-df540ea0d40d-b1.svg/ (+3ms) 
23:08:38   ├─ /charts/e/e_8A2A58V55P6/backfill-df540ea0d40d-b1.svg/ (+2ms) 
23:08:38   ├─ /charts/e/e_8A2A58V55P6/niche-df540ea0d40d-b1.svg/ (+1ms) 
23:08:38   ├─ /charts/e/e_8A2A58V55P6/changes-df540ea0d40d-b1.svg/ (+1ms) 
23:08:38   ├─ /charts/e/e_8A2A58V55P6/commits-064bcdd1c2d3-b1.svg/ (+2ms) 
23:08:38   ├─ /charts/e/e_8A2A58V55P6/heatmap-064bcdd1c2d3-b1.svg/ (+1ms) 
23:08:38   ├─ /charts/e/e_8A2A58V55P6/backfill-064bcdd1c2d3-b1.svg/ (+1ms) 
23:08:38   ├─ /charts/e/e_8A2A58V55P6/niche-064bcdd1c2d3-b1.svg/ (+0ms) 
23:08:38   ├─ /charts/e/e_8A2A58V55P6/changes-064bcdd1c2d3-b1.svg/ (+2ms) 
23:08:38   ├─ /charts/e/e_8A2A58V55P6/commits-be624cbf9aec-b1.svg/ (+1ms) 
23:08:38   ├─ /charts/e/e_8A2A58V55P6/heatmap-be624cbf9aec-b1.svg/ (+0ms) 
23:08:38   ├─ /charts/e/e_8A2A58V55P6/backfill-be624cbf9aec-b1.svg/ (+1ms) 
23:08:38   ├─ /charts/e/e_8A2A58V55P6/niche-be624cbf9aec-b1.svg/ (+1ms) 
23:08:38   ├─ /charts/e/e_8A2A58V55P6/changes-be624cbf9aec-b1.svg/ (+4ms) 
23:08:38   ├─ /charts/e/e_8A2A58V55P6/commits-fe618519ff6a-b1.svg/ (+3ms) 
23:08:38   ├─ /charts/e/e_8A2A58V55P6/heatmap-fe618519ff6a-b1.svg/ (+1ms) 
23:08:38   ├─ /charts/e/e_8A2A58V55P6/backfill-fe618519ff6a-b1.svg/ (+0ms) 
23:08:38   ├─ /charts/e/e_8A2A58V55P6/niche-fe618519ff6a-b1.svg/ (+0ms) 
23:08:38   ├─ /charts/e/e_8A2A58V55P6/changes-fe618519ff6a-b1.svg/ (+1ms) 
23:08:38   ├─ /charts/e/e_8A2A58V55P6/commits-035a72a81e59-b1.svg/ (+0ms) 
23:08:38   ├─ /charts/e/e_8A2A58V55P6/heatmap-035a72a81e59-b1.svg/ (+0ms) 
23:08:38   ├─ /charts/e/e_8A2A58V55P6/backfill-035a72a81e59-b1.svg/ (+1ms) 
23:08:38   ├─ /charts/e/e_8A2A58V55P6/niche-035a72a81e59-b1.svg/ (+1ms) 
23:08:38   ├─ /charts/e/e_8A2A58V55P6/changes-035a72a81e59-b1.svg/ (+3ms) 
23:08:38   ├─ /charts/e/e_8A2A58V55P6/commits-66cffe06e8cb-b1.svg/ (+4ms) 
23:08:38   ├─ /charts/e/e_8A2A58V55P6/heatmap-66cffe06e8cb-b1.svg/ (+1ms) 
23:08:38   ├─ /charts/e/e_8A2A58V55P6/backfill-66cffe06e8cb-b1.svg/ (+2ms) 
23:08:38   ├─ /charts/e/e_8A2A58V55P6/niche-66cffe06e8cb-b1.svg/ (+1ms) 
23:08:38   ├─ /charts/e/e_8A2A58V55P6/changes-66cffe06e8cb-b1.svg/ (+1ms) 
23:08:38   ├─ /charts/e/e_8A2A58V55P6/commits-46cf326e7985-b1.svg/ (+1ms) 
23:08:38   ├─ /charts/e/e_8A2A58V55P6/heatmap-46cf326e7985-b1.svg/ (+1ms) 
23:08:38   ├─ /charts/e/e_8A2A58V55P6/backfill-46cf326e7985-b1.svg/ (+0ms) 
23:08:38   ├─ /charts/e/e_8A2A58V55P6/niche-46cf326e7985-b1.svg/ (+1ms) 
23:08:38   ├─ /charts/e/e_8A2A58V55P6/changes-46cf326e7985-b1.svg/ (+0ms) 
23:08:38   ├─ /charts/e/e_8A2A58V55P6/commits-515920e4ea3f-b1.svg/ (+0ms) 
23:08:38   ├─ /charts/e/e_8A2A58V55P6/heatmap-515920e4ea3f-b1.svg/ (+2ms) 
23:08:38   ├─ /charts/e/e_8A2A58V55P6/backfill-515920e4ea3f-b1.svg/ (+1ms) 
23:08:38   ├─ /charts/e/e_8A2A58V55P6/niche-515920e4ea3f-b1.svg/ (+0ms) 
23:08:38   ├─ /charts/e/e_8A2A58V55P6/changes-515920e4ea3f-b1.svg/ (+1ms) 
23:08:38   ├─ /charts/e/e_8A2A58V55P6/commits-0a7b1714d0ad-b1.svg/ (+1ms) 
23:08:38   ├─ /charts/e/e_8A2A58V55P6/heatmap-0a7b1714d0ad-b1.svg/ (+1ms) 
23:08:38   ├─ /charts/e/e_8A2A58V55P6/backfill-0a7b1714d0ad-b1.svg/ (+1ms) 
23:08:38   ├─ /charts/e/e_8A2A58V55P6/niche-0a7b1714d0ad-b1.svg/ (+1ms) 
23:08:38   ├─ /charts/e/e_8A2A58V55P6/changes-0a7b1714d0ad-b1.svg/ (+0ms) 
23:08:38   ├─ /charts/e/e_8A2A58V55P6/commits-fcfd3a7ccdcb-b1.svg/ (+1ms) 
23:08:38   ├─ /charts/e/e_8A2A58V55P6/heatmap-fcfd3a7ccdcb-b1.svg/ (+1ms) 
23:08:38   ├─ /charts/e/e_8A2A58V55P6/backfill-fcfd3a7ccdcb-b1.svg/ (+1ms) 
23:08:38   ├─ /charts/e/e_8A2A58V55P6/niche-fcfd3a7ccdcb-b1.svg/ (+1ms) 
23:08:38   ├─ /charts/e/e_8A2A58V55P6/changes-fcfd3a7ccdcb-b1.svg/ (+1ms) 
23:08:38   ├─ /charts/e/e_8AWARYZ7WP6/commits-f1f2495d518d-b1.svg/ (+0ms) 
23:08:38   ├─ /charts/e/e_8AWARYZ7WP6/heatmap-f1f2495d518d-b1.svg/ (+0ms) 
23:08:38   ├─ /charts/e/e_8AWARYZ7WP6/citations-f1f2495d518d-b1.svg/ (+1ms) 
23:08:38   ├─ /charts/e/e_8AWARYZ7WP6/niche-f1f2495d518d-b1.svg/ (+4ms) 
23:08:38   ├─ /charts/e/e_8AWARYZ7WP6/changes-f1f2495d518d-b1.svg/ (+2ms) 
23:08:38   ├─ /charts/e/e_8AWARYZ7WP6/commits-f1f2495d518d-b1.svg/ (+2ms) 
23:08:38   ├─ /charts/e/e_8AWARYZ7WP6/heatmap-f1f2495d518d-b1.svg/ (+2ms) 
23:08:38   ├─ /charts/e/e_8AWARYZ7WP6/citations-f1f2495d518d-b1.svg/ (+4ms) 
23:08:38   ├─ /charts/e/e_8AWARYZ7WP6/niche-f1f2495d518d-b1.svg/ (+2ms) 
23:08:38   ├─ /charts/e/e_8AWARYZ7WP6/changes-f1f2495d518d-b1.svg/ (+2ms) 
23:08:38   ├─ /charts/e/e_8AWARYZ7WP6/commits-7e6b5bcfba2a-b1.svg/ (+0ms) 
23:08:38   ├─ /charts/e/e_8AWARYZ7WP6/heatmap-7e6b5bcfba2a-b1.svg/ (+0ms) 
23:08:38   ├─ /charts/e/e_8AWARYZ7WP6/citations-7e6b5bcfba2a-b1.svg/ (+0ms) 
23:08:38   ├─ /charts/e/e_8AWARYZ7WP6/niche-7e6b5bcfba2a-b1.svg/ (+0ms) 
23:08:38   ├─ /charts/e/e_8AWARYZ7WP6/changes-7e6b5bcfba2a-b1.svg/ (+0ms) 
23:08:38   ├─ /charts/e/e_8AWARYZ7WP6/commits-df540ea0d40d-b1.svg/ (+0ms) 
23:08:38   ├─ /charts/e/e_8AWARYZ7WP6/heatmap-df540ea0d40d-b1.svg/ (+0ms) 
23:08:38   ├─ /charts/e/e_8AWARYZ7WP6/citations-df540ea0d40d-b1.svg/ (+0ms) 
23:08:38   ├─ /charts/e/e_8AWARYZ7WP6/niche-df540ea0d40d-b1.svg/ (+0ms) 
23:08:38   ├─ /charts/e/e_8AWARYZ7WP6/changes-df540ea0d40d-b1.svg/ (+0ms) 
23:08:38   ├─ /charts/e/e_8AWARYZ7WP6/commits-064bcdd1c2d3-b1.svg/ (+0ms) 
23:08:38   ├─ /charts/e/e_8AWARYZ7WP6/heatmap-064bcdd1c2d3-b1.svg/ (+0ms) 
23:08:38   ├─ /charts/e/e_8AWARYZ7WP6/citations-064bcdd1c2d3-b1.svg/ (+0ms) 
23:08:38   ├─ /charts/e/e_8AWARYZ7WP6/niche-064bcdd1c2d3-b1.svg/ (+0ms) 
23:08:38   ├─ /charts/e/e_8AWARYZ7WP6/changes-064bcdd1c2d3-b1.svg/ (+0ms) 
23:08:38   ├─ /charts/e/e_8AWARYZ7WP6/commits-be624cbf9aec-b1.svg/ (+0ms) 
23:08:38   ├─ /charts/e/e_8AWARYZ7WP6/heatmap-be624cbf9aec-b1.svg/ (+1ms) 
23:08:38   ├─ /charts/e/e_8AWARYZ7WP6/citations-be624cbf9aec-b1.svg/ (+0ms) 
23:08:38   ├─ /charts/e/e_8AWARYZ7WP6/niche-be624cbf9aec-b1.svg/ (+0ms) 
23:08:38   ├─ /charts/e/e_8AWARYZ7WP6/changes-be624cbf9aec-b1.svg/ (+0ms) 
23:08:38   ├─ /charts/e/e_8AWARYZ7WP6/commits-fe618519ff6a-b1.svg/ (+1ms) 
23:08:38   ├─ /charts/e/e_8AWARYZ7WP6/heatmap-fe618519ff6a-b1.svg/ (+1ms) 
23:08:38   ├─ /charts/e/e_8AWARYZ7WP6/citations-fe618519ff6a-b1.svg/ (+1ms) 
23:08:38   ├─ /charts/e/e_8AWARYZ7WP6/niche-fe618519ff6a-b1.svg/ (+0ms) 
23:08:38   ├─ /charts/e/e_8AWARYZ7WP6/changes-fe618519ff6a-b1.svg/ (+0ms) 
23:08:38   ├─ /charts/e/e_8AWARYZ7WP6/commits-035a72a81e59-b1.svg/ (+2ms) 
23:08:38   ├─ /charts/e/e_8AWARYZ7WP6/heatmap-035a72a81e59-b1.svg/ (+2ms) 
23:08:38   ├─ /charts/e/e_8AWARYZ7WP6/citations-035a72a81e59-b1.svg/ (+4ms) 
23:08:38   ├─ /charts/e/e_8AWARYZ7WP6/niche-035a72a81e59-b1.svg/ (+2ms) 
23:08:38   ├─ /charts/e/e_8AWARYZ7WP6/changes-035a72a81e59-b1.svg/ (+2ms) 
23:08:38   ├─ /charts/e/e_8AWARYZ7WP6/commits-9d18a826a3f1-b1.svg/ (+2ms) 
23:08:38   ├─ /charts/e/e_8AWARYZ7WP6/heatmap-9d18a826a3f1-b1.svg/ (+3ms) 
23:08:38   ├─ /charts/e/e_8AWARYZ7WP6/citations-9d18a826a3f1-b1.svg/ (+2ms) 
23:08:38   ├─ /charts/e/e_8AWARYZ7WP6/niche-9d18a826a3f1-b1.svg/ (+2ms) 
23:08:38   ├─ /charts/e/e_8AWARYZ7WP6/changes-9d18a826a3f1-b1.svg/ (+2ms) 
23:08:38   ├─ /charts/e/e_8AWARYZ7WP6/commits-66cffe06e8cb-b1.svg/ (+2ms) 
23:08:38   ├─ /charts/e/e_8AWARYZ7WP6/heatmap-66cffe06e8cb-b1.svg/ (+2ms) 
23:08:38   ├─ /charts/e/e_8AWARYZ7WP6/citations-66cffe06e8cb-b1.svg/ (+2ms) 
23:08:38   ├─ /charts/e/e_8AWARYZ7WP6/niche-66cffe06e8cb-b1.svg/ (+1ms) 
23:08:38   ├─ /charts/e/e_8AWARYZ7WP6/changes-66cffe06e8cb-b1.svg/ (+2ms) 
23:08:38   ├─ /charts/e/e_8AWARYZ7WP6/commits-46cf326e7985-b1.svg/ (+2ms) 
23:08:38   ├─ /charts/e/e_8AWARYZ7WP6/heatmap-46cf326e7985-b1.svg/ (+2ms) 
23:08:38   ├─ /charts/e/e_8AWARYZ7WP6/citations-46cf326e7985-b1.svg/ (+2ms) 
23:08:38   ├─ /charts/e/e_8AWARYZ7WP6/niche-46cf326e7985-b1.svg/ (+1ms) 
23:08:38   ├─ /charts/e/e_8AWARYZ7WP6/changes-46cf326e7985-b1.svg/ (+1ms) 
23:08:38   ├─ /charts/e/e_8AWARYZ7WP6/commits-515920e4ea3f-b1.svg/ (+4ms) 
23:08:38   ├─ /charts/e/e_8AWARYZ7WP6/heatmap-515920e4ea3f-b1.svg/ (+3ms) 
23:08:38   ├─ /charts/e/e_8AWARYZ7WP6/citations-515920e4ea3f-b1.svg/ (+2ms) 
23:08:38   ├─ /charts/e/e_8AWARYZ7WP6/niche-515920e4ea3f-b1.svg/ (+1ms) 
23:08:38   ├─ /charts/e/e_8AWARYZ7WP6/changes-515920e4ea3f-b1.svg/ (+1ms) 
23:08:38   ├─ /charts/e/e_8AWARYZ7WP6/commits-0a7b1714d0ad-b1.svg/ (+1ms) 
23:08:38   ├─ /charts/e/e_8AWARYZ7WP6/heatmap-0a7b1714d0ad-b1.svg/ (+2ms) 
23:08:38   ├─ /charts/e/e_8AWARYZ7WP6/citations-0a7b1714d0ad-b1.svg/ (+2ms) 
23:08:38   ├─ /charts/e/e_8AWARYZ7WP6/niche-0a7b1714d0ad-b1.svg/ (+2ms) 
23:08:38   ├─ /charts/e/e_8AWARYZ7WP6/changes-0a7b1714d0ad-b1.svg/ (+1ms) 
23:08:38   ├─ /charts/e/e_8AWARYZ7WP6/commits-fcfd3a7ccdcb-b1.svg/ (+1ms) 
23:08:38   ├─ /charts/e/e_8AWARYZ7WP6/heatmap-fcfd3a7ccdcb-b1.svg/ (+1ms) 
23:08:38   ├─ /charts/e/e_8AWARYZ7WP6/citations-fcfd3a7ccdcb-b1.svg/ (+1ms) 
23:08:38   ├─ /charts/e/e_8AWARYZ7WP6/niche-fcfd3a7ccdcb-b1.svg/ (+2ms) 
23:08:38   ├─ /charts/e/e_8AWARYZ7WP6/changes-fcfd3a7ccdcb-b1.svg/ (+1ms) 
23:08:38   ├─ /charts/e/e_8HVZ2FE02WG/commits-90e607b982fa-b1.svg/ (+1ms) 
23:08:38   ├─ /charts/e/e_8HVZ2FE02WG/heatmap-90e607b982fa-b1.svg/ (+2ms) 
23:08:38   ├─ /charts/e/e_8HVZ2FE02WG/citations-90e607b982fa-b1.svg/ (+1ms) 
23:08:38   ├─ /charts/e/e_8HVZ2FE02WG/niche-90e607b982fa-b1.svg/ (+1ms) 
23:08:38   ├─ /charts/e/e_8HVZ2FE02WG/changes-90e607b982fa-b1.svg/ (+2ms) 
23:08:38   ├─ /charts/e/e_8HVZ2FE02WG/commits-8b04a522dda1-b1.svg/ (+2ms) 
23:08:38   ├─ /charts/e/e_8HVZ2FE02WG/heatmap-8b04a522dda1-b1.svg/ (+1ms) 
23:08:38   ├─ /charts/e/e_8HVZ2FE02WG/citations-8b04a522dda1-b1.svg/ (+1ms) 
23:08:38   ├─ /charts/e/e_8HVZ2FE02WG/niche-8b04a522dda1-b1.svg/ (+1ms) 
23:08:38   ├─ /charts/e/e_8HVZ2FE02WG/changes-8b04a522dda1-b1.svg/ (+1ms) 
23:08:38   ├─ /charts/e/e_8HVZ2FE02WG/commits-f1f2495d518d-b1.svg/ (+2ms) 
23:08:38   ├─ /charts/e/e_8HVZ2FE02WG/heatmap-f1f2495d518d-b1.svg/ (+2ms) 
23:08:38   ├─ /charts/e/e_8HVZ2FE02WG/citations-f1f2495d518d-b1.svg/ (+2ms) 
23:08:38   ├─ /charts/e/e_8HVZ2FE02WG/niche-f1f2495d518d-b1.svg/ (+2ms) 
23:08:38   ├─ /charts/e/e_8HVZ2FE02WG/changes-f1f2495d518d-b1.svg/ (+2ms) 
23:08:38   ├─ /charts/e/e_8HVZ2FE02WG/commits-f1f2495d518d-b1.svg/ (+2ms) 
23:08:38   ├─ /charts/e/e_8HVZ2FE02WG/heatmap-f1f2495d518d-b1.svg/ (+1ms) 
23:08:38   ├─ /charts/e/e_8HVZ2FE02WG/citations-f1f2495d518d-b1.svg/ (+1ms) 
23:08:38   ├─ /charts/e/e_8HVZ2FE02WG/niche-f1f2495d518d-b1.svg/ (+1ms) 
23:08:38   ├─ /charts/e/e_8HVZ2FE02WG/changes-f1f2495d518d-b1.svg/ (+4ms) 
23:08:38   ├─ /charts/e/e_8HVZ2FE02WG/commits-7e6b5bcfba2a-b1.svg/ (+4ms) 
23:08:38   ├─ /charts/e/e_8HVZ2FE02WG/heatmap-7e6b5bcfba2a-b1.svg/ (+1ms) 
23:08:38   ├─ /charts/e/e_8HVZ2FE02WG/citations-7e6b5bcfba2a-b1.svg/ (+5ms) 
23:08:38   ├─ /charts/e/e_8HVZ2FE02WG/niche-7e6b5bcfba2a-b1.svg/ (+42ms) 
23:08:38   ├─ /charts/e/e_8HVZ2FE02WG/changes-7e6b5bcfba2a-b1.svg/ (+4ms) 
23:08:38   ├─ /charts/e/e_8HVZ2FE02WG/commits-df540ea0d40d-b1.svg/ (+2ms) 
23:08:38   ├─ /charts/e/e_8HVZ2FE02WG/heatmap-df540ea0d40d-b1.svg/ (+3ms) 
23:08:38   ├─ /charts/e/e_8HVZ2FE02WG/citations-df540ea0d40d-b1.svg/ (+4ms) 
23:08:38   ├─ /charts/e/e_8HVZ2FE02WG/niche-df540ea0d40d-b1.svg/ (+7ms) 
23:08:38   ├─ /charts/e/e_8HVZ2FE02WG/changes-df540ea0d40d-b1.svg/ (+8ms) 
23:08:38   ├─ /charts/e/e_8HVZ2FE02WG/commits-064bcdd1c2d3-b1.svg/ (+8ms) 
23:08:38   ├─ /charts/e/e_8HVZ2FE02WG/heatmap-064bcdd1c2d3-b1.svg/ (+7ms) 
23:08:38   ├─ /charts/e/e_8HVZ2FE02WG/citations-064bcdd1c2d3-b1.svg/ (+3ms) 
23:08:38   ├─ /charts/e/e_8HVZ2FE02WG/niche-064bcdd1c2d3-b1.svg/ (+2ms) 
23:08:38   ├─ /charts/e/e_8HVZ2FE02WG/changes-064bcdd1c2d3-b1.svg/ (+2ms) 
23:08:38   ├─ /charts/e/e_8HVZ2FE02WG/commits-be624cbf9aec-b1.svg/ (+2ms) 
23:08:38   ├─ /charts/e/e_8HVZ2FE02WG/heatmap-be624cbf9aec-b1.svg/ (+1ms) 
23:08:38   ├─ /charts/e/e_8HVZ2FE02WG/citations-be624cbf9aec-b1.svg/ (+1ms) 
23:08:38   ├─ /charts/e/e_8HVZ2FE02WG/niche-be624cbf9aec-b1.svg/ (+2ms) 
23:08:38   ├─ /charts/e/e_8HVZ2FE02WG/changes-be624cbf9aec-b1.svg/ (+2ms) 
23:08:38   ├─ /charts/e/e_8HVZ2FE02WG/commits-fe618519ff6a-b1.svg/ (+3ms) 
23:08:38   ├─ /charts/e/e_8HVZ2FE02WG/heatmap-fe618519ff6a-b1.svg/ (+1ms) 
23:08:38   ├─ /charts/e/e_8HVZ2FE02WG/citations-fe618519ff6a-b1.svg/ (+4ms) 
23:08:38   ├─ /charts/e/e_8HVZ2FE02WG/niche-fe618519ff6a-b1.svg/ (+3ms) 
23:08:38   ├─ /charts/e/e_8HVZ2FE02WG/changes-fe618519ff6a-b1.svg/ (+3ms) 
23:08:38   ├─ /charts/e/e_8HVZ2FE02WG/commits-035a72a81e59-b1.svg/ (+4ms) 
23:08:38   ├─ /charts/e/e_8HVZ2FE02WG/heatmap-035a72a81e59-b1.svg/ (+2ms) 
23:08:38   ├─ /charts/e/e_8HVZ2FE02WG/citations-035a72a81e59-b1.svg/ (+4ms) 
23:08:38   ├─ /charts/e/e_8HVZ2FE02WG/niche-035a72a81e59-b1.svg/ (+3ms) 
23:08:38   ├─ /charts/e/e_8HVZ2FE02WG/changes-035a72a81e59-b1.svg/ (+2ms) 
23:08:38   ├─ /charts/e/e_8HVZ2FE02WG/commits-9d18a826a3f1-b1.svg/ (+5ms) 
23:08:38   ├─ /charts/e/e_8HVZ2FE02WG/heatmap-9d18a826a3f1-b1.svg/ (+2ms) 
23:08:38   ├─ /charts/e/e_8HVZ2FE02WG/citations-9d18a826a3f1-b1.svg/ (+5ms) 
23:08:38   ├─ /charts/e/e_8HVZ2FE02WG/niche-9d18a826a3f1-b1.svg/ (+2ms) 
23:08:38   ├─ /charts/e/e_8HVZ2FE02WG/changes-9d18a826a3f1-b1.svg/ (+2ms) 
23:08:38   ├─ /charts/e/e_8HVZ2FE02WG/commits-66cffe06e8cb-b1.svg/ (+2ms) 
23:08:38   ├─ /charts/e/e_8HVZ2FE02WG/heatmap-66cffe06e8cb-b1.svg/ (+1ms) 
23:08:38   ├─ /charts/e/e_8HVZ2FE02WG/citations-66cffe06e8cb-b1.svg/ (+6ms) 
23:08:38   ├─ /charts/e/e_8HVZ2FE02WG/niche-66cffe06e8cb-b1.svg/ (+7ms) 
23:08:38   ├─ /charts/e/e_8HVZ2FE02WG/changes-66cffe06e8cb-b1.svg/ (+10ms) 
23:08:38   ├─ /charts/e/e_8HVZ2FE02WG/commits-46cf326e7985-b1.svg/ (+12ms) 
23:08:38   ├─ /charts/e/e_8HVZ2FE02WG/heatmap-46cf326e7985-b1.svg/ (+12ms) 
23:08:38   ├─ /charts/e/e_8HVZ2FE02WG/citations-46cf326e7985-b1.svg/ (+14ms) 
23:08:38   ├─ /charts/e/e_8HVZ2FE02WG/niche-46cf326e7985-b1.svg/ (+19ms) 
23:08:38   ├─ /charts/e/e_8HVZ2FE02WG/changes-46cf326e7985-b1.svg/ (+22ms) 
23:08:38   ├─ /charts/e/e_8HVZ2FE02WG/commits-515920e4ea3f-b1.svg/ (+1ms) 
23:08:38   ├─ /charts/e/e_8HVZ2FE02WG/heatmap-515920e4ea3f-b1.svg/ (+1ms) 
23:08:38   ├─ /charts/e/e_8HVZ2FE02WG/citations-515920e4ea3f-b1.svg/ (+1ms) 
23:08:38   ├─ /charts/e/e_8HVZ2FE02WG/niche-515920e4ea3f-b1.svg/ (+0ms) 
23:08:38   ├─ /charts/e/e_8HVZ2FE02WG/changes-515920e4ea3f-b1.svg/ (+0ms) 
23:08:38   ├─ /charts/e/e_8HVZ2FE02WG/commits-0a7b1714d0ad-b1.svg/ (+2ms) 
23:08:38   ├─ /charts/e/e_8HVZ2FE02WG/heatmap-0a7b1714d0ad-b1.svg/ (+3ms) 
23:08:38   ├─ /charts/e/e_8HVZ2FE02WG/citations-0a7b1714d0ad-b1.svg/ (+5ms) 
23:08:38   ├─ /charts/e/e_8HVZ2FE02WG/niche-0a7b1714d0ad-b1.svg/ (+4ms) 
23:08:38   ├─ /charts/e/e_8HVZ2FE02WG/changes-0a7b1714d0ad-b1.svg/ (+7ms) 
23:08:38   ├─ /charts/e/e_8HVZ2FE02WG/commits-fcfd3a7ccdcb-b1.svg/ (+4ms) 
23:08:38   ├─ /charts/e/e_8HVZ2FE02WG/heatmap-fcfd3a7ccdcb-b1.svg/ (+2ms) 
23:08:38   ├─ /charts/e/e_8HVZ2FE02WG/citations-fcfd3a7ccdcb-b1.svg/ (+1ms) 
23:08:38   ├─ /charts/e/e_8HVZ2FE02WG/niche-fcfd3a7ccdcb-b1.svg/ (+3ms) 
23:08:38   ├─ /charts/e/e_8HVZ2FE02WG/changes-fcfd3a7ccdcb-b1.svg/ (+4ms) 
23:08:38   ├─ /charts/e/e_8V2DZWR8HPM/commits-8b04a522dda1-b1.svg/ (+4ms) 
23:08:38   ├─ /charts/e/e_8V2DZWR8HPM/heatmap-8b04a522dda1-b1.svg/ (+10ms) 
23:08:38   ├─ /charts/e/e_8V2DZWR8HPM/backfill-8b04a522dda1-b1.svg/ (+4ms) 
23:08:38   ├─ /charts/e/e_8V2DZWR8HPM/niche-8b04a522dda1-b1.svg/ (+2ms) 
23:08:38   ├─ /charts/e/e_8V2DZWR8HPM/changes-8b04a522dda1-b1.svg/ (+1ms) 
23:08:38   ├─ /charts/e/e_8V2DZWR8HPM/commits-f1f2495d518d-b1.svg/ (+2ms) 
23:08:38   ├─ /charts/e/e_8V2DZWR8HPM/heatmap-f1f2495d518d-b1.svg/ (+1ms) 
23:08:38   ├─ /charts/e/e_8V2DZWR8HPM/backfill-f1f2495d518d-b1.svg/ (+1ms) 
23:08:38   ├─ /charts/e/e_8V2DZWR8HPM/niche-f1f2495d518d-b1.svg/ (+6ms) 
23:08:38   ├─ /charts/e/e_8V2DZWR8HPM/changes-f1f2495d518d-b1.svg/ (+13ms) 
23:08:38   ├─ /charts/e/e_8V2DZWR8HPM/commits-f1f2495d518d-b1.svg/ (+1ms) 
23:08:38   ├─ /charts/e/e_8V2DZWR8HPM/heatmap-f1f2495d518d-b1.svg/ (+3ms) 
23:08:38   ├─ /charts/e/e_8V2DZWR8HPM/backfill-f1f2495d518d-b1.svg/ (+2ms) 
23:08:38   ├─ /charts/e/e_8V2DZWR8HPM/niche-f1f2495d518d-b1.svg/ (+1ms) 
23:08:38   ├─ /charts/e/e_8V2DZWR8HPM/changes-f1f2495d518d-b1.svg/ (+1ms) 
23:08:38   ├─ /charts/e/e_8V2DZWR8HPM/commits-7e6b5bcfba2a-b1.svg/ (+2ms) 
23:08:38   ├─ /charts/e/e_8V2DZWR8HPM/heatmap-7e6b5bcfba2a-b1.svg/ (+1ms) 
23:08:38   ├─ /charts/e/e_8V2DZWR8HPM/citations-7e6b5bcfba2a-b1.svg/ (+2ms) 
23:08:38   ├─ /charts/e/e_8V2DZWR8HPM/daily-7e6b5bcfba2a-b1.svg/ (+2ms) 
23:08:38   ├─ /charts/e/e_8V2DZWR8HPM/backfill-7e6b5bcfba2a-b1.svg/ (+3ms) 
23:08:38   ├─ /charts/e/e_8V2DZWR8HPM/niche-7e6b5bcfba2a-b1.svg/ (+4ms) 
23:08:38   ├─ /charts/e/e_8V2DZWR8HPM/changes-7e6b5bcfba2a-b1.svg/ (+2ms) 
23:08:38   ├─ /charts/e/e_8V2DZWR8HPM/commits-df540ea0d40d-b1.svg/ (+3ms) 
23:08:38   ├─ /charts/e/e_8V2DZWR8HPM/heatmap-df540ea0d40d-b1.svg/ (+3ms) 
23:08:38   ├─ /charts/e/e_8V2DZWR8HPM/citations-df540ea0d40d-b1.svg/ (+1ms) 
23:08:38   ├─ /charts/e/e_8V2DZWR8HPM/daily-df540ea0d40d-b1.svg/ (+1ms) 
23:08:38   ├─ /charts/e/e_8V2DZWR8HPM/backfill-df540ea0d40d-b1.svg/ (+0ms) 
23:08:38   ├─ /charts/e/e_8V2DZWR8HPM/niche-df540ea0d40d-b1.svg/ (+1ms) 
23:08:38   ├─ /charts/e/e_8V2DZWR8HPM/changes-df540ea0d40d-b1.svg/ (+3ms) 
23:08:38   ├─ /charts/e/e_8V2DZWR8HPM/commits-064bcdd1c2d3-b1.svg/ (+1ms) 
23:08:38   ├─ /charts/e/e_8V2DZWR8HPM/heatmap-064bcdd1c2d3-b1.svg/ (+0ms) 
23:08:38   ├─ /charts/e/e_8V2DZWR8HPM/citations-064bcdd1c2d3-b1.svg/ (+0ms) 
23:08:38   ├─ /charts/e/e_8V2DZWR8HPM/daily-064bcdd1c2d3-b1.svg/ (+1ms) 
23:08:38   ├─ /charts/e/e_8V2DZWR8HPM/backfill-064bcdd1c2d3-b1.svg/ (+0ms) 
23:08:38   ├─ /charts/e/e_8V2DZWR8HPM/niche-064bcdd1c2d3-b1.svg/ (+1ms) 
23:08:38   ├─ /charts/e/e_8V2DZWR8HPM/changes-064bcdd1c2d3-b1.svg/ (+1ms) 
23:08:38   ├─ /charts/e/e_8V2DZWR8HPM/commits-be624cbf9aec-b1.svg/ (+1ms) 
23:08:38   ├─ /charts/e/e_8V2DZWR8HPM/heatmap-be624cbf9aec-b1.svg/ (+1ms) 
23:08:38   ├─ /charts/e/e_8V2DZWR8HPM/citations-be624cbf9aec-b1.svg/ (+1ms) 
23:08:38   ├─ /charts/e/e_8V2DZWR8HPM/daily-be624cbf9aec-b1.svg/ (+0ms) 
23:08:38   ├─ /charts/e/e_8V2DZWR8HPM/backfill-be624cbf9aec-b1.svg/ (+0ms) 
23:08:38   ├─ /charts/e/e_8V2DZWR8HPM/niche-be624cbf9aec-b1.svg/ (+0ms) 
23:08:38   ├─ /charts/e/e_8V2DZWR8HPM/changes-be624cbf9aec-b1.svg/ (+1ms) 
23:08:38   ├─ /charts/e/e_8V2DZWR8HPM/commits-fe618519ff6a-b1.svg/ (+1ms) 
23:08:38   ├─ /charts/e/e_8V2DZWR8HPM/heatmap-fe618519ff6a-b1.svg/ (+0ms) 
23:08:38   ├─ /charts/e/e_8V2DZWR8HPM/citations-fe618519ff6a-b1.svg/ (+0ms) 
23:08:38   ├─ /charts/e/e_8V2DZWR8HPM/daily-fe618519ff6a-b1.svg/ (+0ms) 
23:08:38   ├─ /charts/e/e_8V2DZWR8HPM/backfill-fe618519ff6a-b1.svg/ (+0ms) 
23:08:38   ├─ /charts/e/e_8V2DZWR8HPM/niche-fe618519ff6a-b1.svg/ (+0ms) 
23:08:38   ├─ /charts/e/e_8V2DZWR8HPM/changes-fe618519ff6a-b1.svg/ (+0ms) 
23:08:38   ├─ /charts/e/e_8V2DZWR8HPM/commits-035a72a81e59-b1.svg/ (+0ms) 
23:08:38   ├─ /charts/e/e_8V2DZWR8HPM/heatmap-035a72a81e59-b1.svg/ (+0ms) 
23:08:38   ├─ /charts/e/e_8V2DZWR8HPM/citations-035a72a81e59-b1.svg/ (+0ms) 
23:08:38   ├─ /charts/e/e_8V2DZWR8HPM/daily-035a72a81e59-b1.svg/ (+0ms) 
23:08:38   ├─ /charts/e/e_8V2DZWR8HPM/backfill-035a72a81e59-b1.svg/ (+0ms) 
23:08:38   ├─ /charts/e/e_8V2DZWR8HPM/niche-035a72a81e59-b1.svg/ (+0ms) 
23:08:38   ├─ /charts/e/e_8V2DZWR8HPM/changes-035a72a81e59-b1.svg/ (+0ms) 
23:08:38   ├─ /charts/e/e_8V2DZWR8HPM/commits-9d18a826a3f1-b1.svg/ (+0ms) 
23:08:38   ├─ /charts/e/e_8V2DZWR8HPM/heatmap-9d18a826a3f1-b1.svg/ (+0ms) 
23:08:38   ├─ /charts/e/e_8V2DZWR8HPM/citations-9d18a826a3f1-b1.svg/ (+0ms) 
23:08:38   ├─ /charts/e/e_8V2DZWR8HPM/daily-9d18a826a3f1-b1.svg/ (+0ms) 
23:08:38   ├─ /charts/e/e_8V2DZWR8HPM/backfill-9d18a826a3f1-b1.svg/ (+0ms) 
23:08:38   ├─ /charts/e/e_8V2DZWR8HPM/niche-9d18a826a3f1-b1.svg/ (+0ms) 
23:08:38   ├─ /charts/e/e_8V2DZWR8HPM/changes-9d18a826a3f1-b1.svg/ (+0ms) 
23:08:38   ├─ /charts/e/e_8V2DZWR8HPM/commits-66cffe06e8cb-b1.svg/ (+0ms) 
23:08:38   ├─ /charts/e/e_8V2DZWR8HPM/heatmap-66cffe06e8cb-b1.svg/ (+0ms) 
23:08:38   ├─ /charts/e/e_8V2DZWR8HPM/citations-66cffe06e8cb-b1.svg/ (+0ms) 
23:08:38   ├─ /charts/e/e_8V2DZWR8HPM/daily-66cffe06e8cb-b1.svg/ (+0ms) 
23:08:38   ├─ /charts/e/e_8V2DZWR8HPM/backfill-66cffe06e8cb-b1.svg/ (+0ms) 
23:08:38   ├─ /charts/e/e_8V2DZWR8HPM/niche-66cffe06e8cb-b1.svg/ (+0ms) 
23:08:38   ├─ /charts/e/e_8V2DZWR8HPM/changes-66cffe06e8cb-b1.svg/ (+0ms) 
23:08:38   ├─ /charts/e/e_8V2DZWR8HPM/commits-46cf326e7985-b1.svg/ (+0ms) 
23:08:38   ├─ /charts/e/e_8V2DZWR8HPM/heatmap-46cf326e7985-b1.svg/ (+0ms) 
23:08:38   ├─ /charts/e/e_8V2DZWR8HPM/citations-46cf326e7985-b1.svg/ (+0ms) 
23:08:38   ├─ /charts/e/e_8V2DZWR8HPM/daily-46cf326e7985-b1.svg/ (+0ms) 
23:08:38   ├─ /charts/e/e_8V2DZWR8HPM/backfill-46cf326e7985-b1.svg/ (+0ms) 
23:08:38   ├─ /charts/e/e_8V2DZWR8HPM/niche-46cf326e7985-b1.svg/ (+0ms) 
23:08:38   ├─ /charts/e/e_8V2DZWR8HPM/changes-46cf326e7985-b1.svg/ (+0ms) 
23:08:38   ├─ /charts/e/e_8V2DZWR8HPM/commits-515920e4ea3f-b1.svg/ (+0ms) 
23:08:38   ├─ /charts/e/e_8V2DZWR8HPM/heatmap-515920e4ea3f-b1.svg/ (+0ms) 
23:08:38   ├─ /charts/e/e_8V2DZWR8HPM/citations-515920e4ea3f-b1.svg/ (+0ms) 
23:08:38   ├─ /charts/e/e_8V2DZWR8HPM/daily-515920e4ea3f-b1.svg/ (+0ms) 
23:08:38   ├─ /charts/e/e_8V2DZWR8HPM/backfill-515920e4ea3f-b1.svg/ (+0ms) 
23:08:38   ├─ /charts/e/e_8V2DZWR8HPM/niche-515920e4ea3f-b1.svg/ (+0ms) 
23:08:38   ├─ /charts/e/e_8V2DZWR8HPM/changes-515920e4ea3f-b1.svg/ (+0ms) 
23:08:38   ├─ /charts/e/e_8V2DZWR8HPM/commits-0a7b1714d0ad-b1.svg/ (+0ms) 
23:08:38   ├─ /charts/e/e_8V2DZWR8HPM/heatmap-0a7b1714d0ad-b1.svg/ (+0ms) 
23:08:38   ├─ /charts/e/e_8V2DZWR8HPM/citations-0a7b1714d0ad-b1.svg/ (+0ms) 
23:08:38   ├─ /charts/e/e_8V2DZWR8HPM/daily-0a7b1714d0ad-b1.svg/ (+0ms) 
23:08:38   ├─ /charts/e/e_8V2DZWR8HPM/backfill-0a7b1714d0ad-b1.svg/ (+0ms) 
23:08:38   ├─ /charts/e/e_8V2DZWR8HPM/niche-0a7b1714d0ad-b1.svg/ (+0ms) 
23:08:38   ├─ /charts/e/e_8V2DZWR8HPM/changes-0a7b1714d0ad-b1.svg/ (+0ms) 
23:08:38   ├─ /charts/e/e_8V2DZWR8HPM/commits-fcfd3a7ccdcb-b1.svg/ (+0ms) 
23:08:38   ├─ /charts/e/e_8V2DZWR8HPM/heatmap-fcfd3a7ccdcb-b1.svg/ (+0ms) 
23:08:38   ├─ /charts/e/e_8V2DZWR8HPM/citations-fcfd3a7ccdcb-b1.svg/ (+0ms) 
23:08:38   ├─ /charts/e/e_8V2DZWR8HPM/daily-fcfd3a7ccdcb-b1.svg/ (+0ms) 
23:08:38   ├─ /charts/e/e_8V2DZWR8HPM/backfill-fcfd3a7ccdcb-b1.svg/ (+0ms) 
23:08:38   ├─ /charts/e/e_8V2DZWR8HPM/niche-fcfd3a7ccdcb-b1.svg/ (+0ms) 
23:08:38   ├─ /charts/e/e_8V2DZWR8HPM/changes-fcfd3a7ccdcb-b1.svg/ (+0ms) 
23:08:38   ├─ /charts/e/e_9CDJXKFG3CJ/commits-9d18a826a3f1-b1.svg/ (+0ms) 
23:08:38   ├─ /charts/e/e_9CDJXKFG3CJ/heatmap-9d18a826a3f1-b1.svg/ (+0ms) 
23:08:38   ├─ /charts/e/e_9CDJXKFG3CJ/backfill-9d18a826a3f1-b1.svg/ (+0ms) 
23:08:38   ├─ /charts/e/e_9CDJXKFG3CJ/niche-9d18a826a3f1-b1.svg/ (+0ms) 
23:08:38   ├─ /charts/e/e_9CDJXKFG3CJ/changes-9d18a826a3f1-b1.svg/ (+0ms) 
23:08:38   ├─ /charts/e/e_9CDJXKFG3CJ/commits-66cffe06e8cb-b1.svg/ (+0ms) 
23:08:38   ├─ /charts/e/e_9CDJXKFG3CJ/heatmap-66cffe06e8cb-b1.svg/ (+0ms) 
23:08:38   ├─ /charts/e/e_9CDJXKFG3CJ/backfill-66cffe06e8cb-b1.svg/ (+0ms) 
23:08:38   ├─ /charts/e/e_9CDJXKFG3CJ/niche-66cffe06e8cb-b1.svg/ (+0ms) 
23:08:38   ├─ /charts/e/e_9CDJXKFG3CJ/changes-66cffe06e8cb-b1.svg/ (+0ms) 
23:08:38   ├─ /charts/e/e_9CDJXKFG3CJ/commits-46cf326e7985-b1.svg/ (+0ms) 
23:08:38   ├─ /charts/e/e_9CDJXKFG3CJ/heatmap-46cf326e7985-b1.svg/ (+0ms) 
23:08:38   ├─ /charts/e/e_9CDJXKFG3CJ/backfill-46cf326e7985-b1.svg/ (+0ms) 
23:08:38   ├─ /charts/e/e_9CDJXKFG3CJ/niche-46cf326e7985-b1.svg/ (+1ms) 
23:08:38   ├─ /charts/e/e_9CDJXKFG3CJ/changes-46cf326e7985-b1.svg/ (+1ms) 
23:08:38   ├─ /charts/e/e_9CDJXKFG3CJ/commits-515920e4ea3f-b1.svg/ (+1ms) 
23:08:38   ├─ /charts/e/e_9CDJXKFG3CJ/heatmap-515920e4ea3f-b1.svg/ (+1ms) 
23:08:38   ├─ /charts/e/e_9CDJXKFG3CJ/backfill-515920e4ea3f-b1.svg/ (+0ms) 
23:08:38   ├─ /charts/e/e_9CDJXKFG3CJ/niche-515920e4ea3f-b1.svg/ (+1ms) 
23:08:38   ├─ /charts/e/e_9CDJXKFG3CJ/changes-515920e4ea3f-b1.svg/ (+1ms) 
23:08:38   ├─ /charts/e/e_9CDJXKFG3CJ/commits-0a7b1714d0ad-b1.svg/ (+1ms) 
23:08:38   ├─ /charts/e/e_9CDJXKFG3CJ/heatmap-0a7b1714d0ad-b1.svg/ (+0ms) 
23:08:38   ├─ /charts/e/e_9CDJXKFG3CJ/backfill-0a7b1714d0ad-b1.svg/ (+2ms) 
23:08:38   ├─ /charts/e/e_9CDJXKFG3CJ/niche-0a7b1714d0ad-b1.svg/ (+1ms) 
23:08:38   ├─ /charts/e/e_9CDJXKFG3CJ/changes-0a7b1714d0ad-b1.svg/ (+0ms) 
23:08:38   ├─ /charts/e/e_9CDJXKFG3CJ/commits-fcfd3a7ccdcb-b1.svg/ (+1ms) 
23:08:38   ├─ /charts/e/e_9CDJXKFG3CJ/heatmap-fcfd3a7ccdcb-b1.svg/ (+1ms) 
23:08:38   ├─ /charts/e/e_9CDJXKFG3CJ/backfill-fcfd3a7ccdcb-b1.svg/ (+1ms) 
23:08:38   ├─ /charts/e/e_9CDJXKFG3CJ/niche-fcfd3a7ccdcb-b1.svg/ (+2ms) 
23:08:38   ├─ /charts/e/e_9CDJXKFG3CJ/changes-fcfd3a7ccdcb-b1.svg/ (+1ms) 
23:08:38   ├─ /charts/e/e_9M90X0G4YD2/commits-fcfd3a7ccdcb-b1.svg/ (+1ms) 
23:08:38   ├─ /charts/e/e_9M90X0G4YD2/heatmap-fcfd3a7ccdcb-b1.svg/ (+1ms) 
23:08:38   ├─ /charts/e/e_9M90X0G4YD2/niche-fcfd3a7ccdcb-b1.svg/ (+2ms) 
23:08:38   ├─ /charts/e/e_9M90X0G4YD2/changes-fcfd3a7ccdcb-b1.svg/ (+5ms) 
23:08:38   ├─ /charts/e/e_ADT3TJHK8W8/commits-f1f2495d518d-b1.svg/ (+1ms) 
23:08:38   ├─ /charts/e/e_ADT3TJHK8W8/heatmap-f1f2495d518d-b1.svg/ (+1ms) 
23:08:38   ├─ /charts/e/e_ADT3TJHK8W8/backfill-f1f2495d518d-b1.svg/ (+3ms) 
23:08:38   ├─ /charts/e/e_ADT3TJHK8W8/niche-f1f2495d518d-b1.svg/ (+2ms) 
23:08:38   ├─ /charts/e/e_ADT3TJHK8W8/changes-f1f2495d518d-b1.svg/ (+2ms) 
23:08:38   ├─ /charts/e/e_ADT3TJHK8W8/commits-f1f2495d518d-b1.svg/ (+1ms) 
23:08:38   ├─ /charts/e/e_ADT3TJHK8W8/heatmap-f1f2495d518d-b1.svg/ (+1ms) 
23:08:38   ├─ /charts/e/e_ADT3TJHK8W8/backfill-f1f2495d518d-b1.svg/ (+2ms) 
23:08:38   ├─ /charts/e/e_ADT3TJHK8W8/niche-f1f2495d518d-b1.svg/ (+1ms) 
23:08:38   ├─ /charts/e/e_ADT3TJHK8W8/changes-f1f2495d518d-b1.svg/ (+2ms) 
23:08:38   ├─ /charts/e/e_ADT3TJHK8W8/commits-df540ea0d40d-b1.svg/ (+1ms) 
23:08:38   ├─ /charts/e/e_ADT3TJHK8W8/heatmap-df540ea0d40d-b1.svg/ (+1ms) 
23:08:38   ├─ /charts/e/e_ADT3TJHK8W8/backfill-df540ea0d40d-b1.svg/ (+1ms) 
23:08:38   ├─ /charts/e/e_ADT3TJHK8W8/niche-df540ea0d40d-b1.svg/ (+1ms) 
23:08:38   ├─ /charts/e/e_ADT3TJHK8W8/changes-df540ea0d40d-b1.svg/ (+2ms) 
23:08:38   ├─ /charts/e/e_ADT3TJHK8W8/commits-064bcdd1c2d3-b1.svg/ (+2ms) 
23:08:38   ├─ /charts/e/e_ADT3TJHK8W8/heatmap-064bcdd1c2d3-b1.svg/ (+2ms) 
23:08:38   ├─ /charts/e/e_ADT3TJHK8W8/backfill-064bcdd1c2d3-b1.svg/ (+3ms) 
23:08:38   ├─ /charts/e/e_ADT3TJHK8W8/niche-064bcdd1c2d3-b1.svg/ (+8ms) 
23:08:39   ├─ /charts/e/e_ADT3TJHK8W8/changes-064bcdd1c2d3-b1.svg/ (+15ms) 
23:08:39   ├─ /charts/e/e_ADT3TJHK8W8/commits-be624cbf9aec-b1.svg/ (+2ms) 
23:08:39   ├─ /charts/e/e_ADT3TJHK8W8/heatmap-be624cbf9aec-b1.svg/ (+1ms) 
23:08:39   ├─ /charts/e/e_ADT3TJHK8W8/backfill-be624cbf9aec-b1.svg/ (+1ms) 
23:08:39   ├─ /charts/e/e_ADT3TJHK8W8/niche-be624cbf9aec-b1.svg/ (+3ms) 
23:08:39   ├─ /charts/e/e_ADT3TJHK8W8/changes-be624cbf9aec-b1.svg/ (+2ms) 
23:08:39   ├─ /charts/e/e_ADT3TJHK8W8/commits-fe618519ff6a-b1.svg/ (+2ms) 
23:08:39   ├─ /charts/e/e_ADT3TJHK8W8/heatmap-fe618519ff6a-b1.svg/ (+2ms) 
23:08:39   ├─ /charts/e/e_ADT3TJHK8W8/backfill-fe618519ff6a-b1.svg/ (+3ms) 
23:08:39   ├─ /charts/e/e_ADT3TJHK8W8/niche-fe618519ff6a-b1.svg/ (+1ms) 
23:08:39   ├─ /charts/e/e_ADT3TJHK8W8/changes-fe618519ff6a-b1.svg/ (+1ms) 
23:08:39   ├─ /charts/e/e_ADT3TJHK8W8/commits-035a72a81e59-b1.svg/ (+1ms) 
23:08:39   ├─ /charts/e/e_ADT3TJHK8W8/heatmap-035a72a81e59-b1.svg/ (+2ms) 
23:08:39   ├─ /charts/e/e_ADT3TJHK8W8/backfill-035a72a81e59-b1.svg/ (+4ms) 
23:08:39   ├─ /charts/e/e_ADT3TJHK8W8/niche-035a72a81e59-b1.svg/ (+2ms) 
23:08:39   ├─ /charts/e/e_ADT3TJHK8W8/changes-035a72a81e59-b1.svg/ (+2ms) 
23:08:39   ├─ /charts/e/e_ADT3TJHK8W8/commits-66cffe06e8cb-b1.svg/ (+1ms) 
23:08:39   ├─ /charts/e/e_ADT3TJHK8W8/heatmap-66cffe06e8cb-b1.svg/ (+1ms) 
23:08:39   ├─ /charts/e/e_ADT3TJHK8W8/backfill-66cffe06e8cb-b1.svg/ (+4ms) 
23:08:39   ├─ /charts/e/e_ADT3TJHK8W8/niche-66cffe06e8cb-b1.svg/ (+2ms) 
23:08:39   ├─ /charts/e/e_ADT3TJHK8W8/changes-66cffe06e8cb-b1.svg/ (+1ms) 
23:08:39   ├─ /charts/e/e_ADT3TJHK8W8/commits-46cf326e7985-b1.svg/ (+2ms) 
23:08:39   ├─ /charts/e/e_ADT3TJHK8W8/heatmap-46cf326e7985-b1.svg/ (+2ms) 
23:08:39   ├─ /charts/e/e_ADT3TJHK8W8/backfill-46cf326e7985-b1.svg/ (+2ms) 
23:08:39   ├─ /charts/e/e_ADT3TJHK8W8/niche-46cf326e7985-b1.svg/ (+2ms) 
23:08:39   ├─ /charts/e/e_ADT3TJHK8W8/changes-46cf326e7985-b1.svg/ (+1ms) 
23:08:39   ├─ /charts/e/e_ADT3TJHK8W8/commits-515920e4ea3f-b1.svg/ (+4ms) 
23:08:39   ├─ /charts/e/e_ADT3TJHK8W8/heatmap-515920e4ea3f-b1.svg/ (+2ms) 
23:08:39   ├─ /charts/e/e_ADT3TJHK8W8/backfill-515920e4ea3f-b1.svg/ (+1ms) 
23:08:39   ├─ /charts/e/e_ADT3TJHK8W8/niche-515920e4ea3f-b1.svg/ (+1ms) 
23:08:39   ├─ /charts/e/e_ADT3TJHK8W8/changes-515920e4ea3f-b1.svg/ (+3ms) 
23:08:39   ├─ /charts/e/e_ADT3TJHK8W8/commits-0a7b1714d0ad-b1.svg/ (+1ms) 
23:08:39   ├─ /charts/e/e_ADT3TJHK8W8/heatmap-0a7b1714d0ad-b1.svg/ (+1ms) 
23:08:39   ├─ /charts/e/e_ADT3TJHK8W8/backfill-0a7b1714d0ad-b1.svg/ (+1ms) 
23:08:39   ├─ /charts/e/e_ADT3TJHK8W8/niche-0a7b1714d0ad-b1.svg/ (+1ms) 
23:08:39   ├─ /charts/e/e_ADT3TJHK8W8/changes-0a7b1714d0ad-b1.svg/ (+1ms) 
23:08:39   ├─ /charts/e/e_ADT3TJHK8W8/commits-fcfd3a7ccdcb-b1.svg/ (+76ms) 
23:08:39   ├─ /charts/e/e_ADT3TJHK8W8/heatmap-fcfd3a7ccdcb-b1.svg/ (+2ms) 
23:08:39   ├─ /charts/e/e_ADT3TJHK8W8/dependents-fcfd3a7ccdcb-b1.svg/ (+11ms) 
23:08:39   ├─ /charts/e/e_ADT3TJHK8W8/backfill-fcfd3a7ccdcb-b1.svg/ (+5ms) 
23:08:39   ├─ /charts/e/e_ADT3TJHK8W8/niche-fcfd3a7ccdcb-b1.svg/ (+3ms) 
23:08:39   ├─ /charts/e/e_ADT3TJHK8W8/changes-fcfd3a7ccdcb-b1.svg/ (+1ms) 
23:08:39   ├─ /charts/e/e_AZADD2TBHKR/commits-46cf326e7985-b1.svg/ (+1ms) 
23:08:39   ├─ /charts/e/e_AZADD2TBHKR/heatmap-46cf326e7985-b1.svg/ (+1ms) 
23:08:39   ├─ /charts/e/e_AZADD2TBHKR/niche-46cf326e7985-b1.svg/ (+6ms) 
23:08:39   ├─ /charts/e/e_AZADD2TBHKR/changes-46cf326e7985-b1.svg/ (+1ms) 
23:08:39   ├─ /charts/e/e_AZADD2TBHKR/commits-515920e4ea3f-b1.svg/ (+1ms) 
23:08:39   ├─ /charts/e/e_AZADD2TBHKR/heatmap-515920e4ea3f-b1.svg/ (+0ms) 
23:08:39   ├─ /charts/e/e_AZADD2TBHKR/niche-515920e4ea3f-b1.svg/ (+0ms) 
23:08:39   ├─ /charts/e/e_AZADD2TBHKR/changes-515920e4ea3f-b1.svg/ (+0ms) 
23:08:39   ├─ /charts/e/e_AZADD2TBHKR/commits-0a7b1714d0ad-b1.svg/ (+1ms) 
23:08:39   ├─ /charts/e/e_AZADD2TBHKR/heatmap-0a7b1714d0ad-b1.svg/ (+0ms) 
23:08:39   ├─ /charts/e/e_AZADD2TBHKR/niche-0a7b1714d0ad-b1.svg/ (+0ms) 
23:08:39   ├─ /charts/e/e_AZADD2TBHKR/changes-0a7b1714d0ad-b1.svg/ (+0ms) 
23:08:39   ├─ /charts/e/e_AZADD2TBHKR/commits-fcfd3a7ccdcb-b1.svg/ (+0ms) 
23:08:39   ├─ /charts/e/e_AZADD2TBHKR/heatmap-fcfd3a7ccdcb-b1.svg/ (+0ms) 
23:08:39   ├─ /charts/e/e_AZADD2TBHKR/niche-fcfd3a7ccdcb-b1.svg/ (+2ms) 
23:08:39   ├─ /charts/e/e_AZADD2TBHKR/changes-fcfd3a7ccdcb-b1.svg/ (+1ms) 
23:08:39   ├─ /charts/e/e_B10ZF25BFZT/commits-8b04a522dda1-b1.svg/ (+1ms) 
23:08:39   ├─ /charts/e/e_B10ZF25BFZT/heatmap-8b04a522dda1-b1.svg/ (+0ms) 
23:08:39   ├─ /charts/e/e_B10ZF25BFZT/backfill-8b04a522dda1-b1.svg/ (+1ms) 
23:08:39   ├─ /charts/e/e_B10ZF25BFZT/niche-8b04a522dda1-b1.svg/ (+1ms) 
23:08:39   ├─ /charts/e/e_B10ZF25BFZT/changes-8b04a522dda1-b1.svg/ (+1ms) 
23:08:39   ├─ /charts/e/e_B10ZF25BFZT/commits-f1f2495d518d-b1.svg/ (+1ms) 
23:08:39   ├─ /charts/e/e_B10ZF25BFZT/heatmap-f1f2495d518d-b1.svg/ (+1ms) 
23:08:39   ├─ /charts/e/e_B10ZF25BFZT/backfill-f1f2495d518d-b1.svg/ (+1ms) 
23:08:39   ├─ /charts/e/e_B10ZF25BFZT/niche-f1f2495d518d-b1.svg/ (+1ms) 
23:08:39   ├─ /charts/e/e_B10ZF25BFZT/changes-f1f2495d518d-b1.svg/ (+1ms) 
23:08:39   ├─ /charts/e/e_B10ZF25BFZT/commits-f1f2495d518d-b1.svg/ (+1ms) 
23:08:39   ├─ /charts/e/e_B10ZF25BFZT/heatmap-f1f2495d518d-b1.svg/ (+0ms) 
23:08:39   ├─ /charts/e/e_B10ZF25BFZT/backfill-f1f2495d518d-b1.svg/ (+2ms) 
23:08:39   ├─ /charts/e/e_B10ZF25BFZT/niche-f1f2495d518d-b1.svg/ (+1ms) 
23:08:39   ├─ /charts/e/e_B10ZF25BFZT/changes-f1f2495d518d-b1.svg/ (+0ms) 
23:08:39   ├─ /charts/e/e_B10ZF25BFZT/commits-7e6b5bcfba2a-b1.svg/ (+1ms) 
23:08:39   ├─ /charts/e/e_B10ZF25BFZT/heatmap-7e6b5bcfba2a-b1.svg/ (+0ms) 
23:08:39   ├─ /charts/e/e_B10ZF25BFZT/daily-7e6b5bcfba2a-b1.svg/ (+0ms) 
23:08:39   ├─ /charts/e/e_B10ZF25BFZT/backfill-7e6b5bcfba2a-b1.svg/ (+0ms) 
23:08:39   ├─ /charts/e/e_B10ZF25BFZT/niche-7e6b5bcfba2a-b1.svg/ (+0ms) 
23:08:39   ├─ /charts/e/e_B10ZF25BFZT/changes-7e6b5bcfba2a-b1.svg/ (+0ms) 
23:08:39   ├─ /charts/e/e_B10ZF25BFZT/commits-df540ea0d40d-b1.svg/ (+1ms) 
23:08:39   ├─ /charts/e/e_B10ZF25BFZT/heatmap-df540ea0d40d-b1.svg/ (+1ms) 
23:08:39   ├─ /charts/e/e_B10ZF25BFZT/daily-df540ea0d40d-b1.svg/ (+0ms) 
23:08:39   ├─ /charts/e/e_B10ZF25BFZT/backfill-df540ea0d40d-b1.svg/ (+0ms) 
23:08:39   ├─ /charts/e/e_B10ZF25BFZT/niche-df540ea0d40d-b1.svg/ (+1ms) 
23:08:39   ├─ /charts/e/e_B10ZF25BFZT/changes-df540ea0d40d-b1.svg/ (+1ms) 
23:08:39   ├─ /charts/e/e_B10ZF25BFZT/commits-064bcdd1c2d3-b1.svg/ (+1ms) 
23:08:39   ├─ /charts/e/e_B10ZF25BFZT/heatmap-064bcdd1c2d3-b1.svg/ (+1ms) 
23:08:39   ├─ /charts/e/e_B10ZF25BFZT/daily-064bcdd1c2d3-b1.svg/ (+1ms) 
23:08:39   ├─ /charts/e/e_B10ZF25BFZT/backfill-064bcdd1c2d3-b1.svg/ (+0ms) 
23:08:39   ├─ /charts/e/e_B10ZF25BFZT/niche-064bcdd1c2d3-b1.svg/ (+1ms) 
23:08:39   ├─ /charts/e/e_B10ZF25BFZT/changes-064bcdd1c2d3-b1.svg/ (+0ms) 
23:08:39   ├─ /charts/e/e_B10ZF25BFZT/commits-be624cbf9aec-b1.svg/ (+2ms) 
23:08:39   ├─ /charts/e/e_B10ZF25BFZT/heatmap-be624cbf9aec-b1.svg/ (+1ms) 
23:08:39   ├─ /charts/e/e_B10ZF25BFZT/daily-be624cbf9aec-b1.svg/ (+1ms) 
23:08:39   ├─ /charts/e/e_B10ZF25BFZT/backfill-be624cbf9aec-b1.svg/ (+0ms) 
23:08:39   ├─ /charts/e/e_B10ZF25BFZT/niche-be624cbf9aec-b1.svg/ (+1ms) 
23:08:39   ├─ /charts/e/e_B10ZF25BFZT/changes-be624cbf9aec-b1.svg/ (+0ms) 
23:08:39   ├─ /charts/e/e_B10ZF25BFZT/commits-fe618519ff6a-b1.svg/ (+0ms) 
23:08:39   ├─ /charts/e/e_B10ZF25BFZT/heatmap-fe618519ff6a-b1.svg/ (+2ms) 
23:08:39   ├─ /charts/e/e_B10ZF25BFZT/daily-fe618519ff6a-b1.svg/ (+1ms) 
23:08:39   ├─ /charts/e/e_B10ZF25BFZT/backfill-fe618519ff6a-b1.svg/ (+18ms) 
23:08:39   ├─ /charts/e/e_B10ZF25BFZT/niche-fe618519ff6a-b1.svg/ (+2ms) 
23:08:39   ├─ /charts/e/e_B10ZF25BFZT/changes-fe618519ff6a-b1.svg/ (+1ms) 
23:08:39   ├─ /charts/e/e_B10ZF25BFZT/commits-035a72a81e59-b1.svg/ (+1ms) 
23:08:39   ├─ /charts/e/e_B10ZF25BFZT/heatmap-035a72a81e59-b1.svg/ (+1ms) 
23:08:39   ├─ /charts/e/e_B10ZF25BFZT/daily-035a72a81e59-b1.svg/ (+1ms) 
23:08:39   ├─ /charts/e/e_B10ZF25BFZT/backfill-035a72a81e59-b1.svg/ (+1ms) 
23:08:39   ├─ /charts/e/e_B10ZF25BFZT/niche-035a72a81e59-b1.svg/ (+1ms) 
23:08:39   ├─ /charts/e/e_B10ZF25BFZT/changes-035a72a81e59-b1.svg/ (+1ms) 
23:08:39   ├─ /charts/e/e_B10ZF25BFZT/commits-9d18a826a3f1-b1.svg/ (+1ms) 
23:08:39   ├─ /charts/e/e_B10ZF25BFZT/heatmap-9d18a826a3f1-b1.svg/ (+2ms) 
23:08:39   ├─ /charts/e/e_B10ZF25BFZT/daily-9d18a826a3f1-b1.svg/ (+1ms) 
23:08:39   ├─ /charts/e/e_B10ZF25BFZT/backfill-9d18a826a3f1-b1.svg/ (+1ms) 
23:08:39   ├─ /charts/e/e_B10ZF25BFZT/niche-9d18a826a3f1-b1.svg/ (+1ms) 
23:08:39   ├─ /charts/e/e_B10ZF25BFZT/changes-9d18a826a3f1-b1.svg/ (+2ms) 
23:08:39   ├─ /charts/e/e_B10ZF25BFZT/commits-66cffe06e8cb-b1.svg/ (+3ms) 
23:08:39   ├─ /charts/e/e_B10ZF25BFZT/heatmap-66cffe06e8cb-b1.svg/ (+2ms) 
23:08:39   ├─ /charts/e/e_B10ZF25BFZT/daily-66cffe06e8cb-b1.svg/ (+3ms) 
23:08:39   ├─ /charts/e/e_B10ZF25BFZT/backfill-66cffe06e8cb-b1.svg/ (+2ms) 
23:08:39   ├─ /charts/e/e_B10ZF25BFZT/niche-66cffe06e8cb-b1.svg/ (+1ms) 
23:08:39   ├─ /charts/e/e_B10ZF25BFZT/changes-66cffe06e8cb-b1.svg/ (+1ms) 
23:08:39   ├─ /charts/e/e_B10ZF25BFZT/commits-46cf326e7985-b1.svg/ (+2ms) 
23:08:39   ├─ /charts/e/e_B10ZF25BFZT/heatmap-46cf326e7985-b1.svg/ (+2ms) 
23:08:39   ├─ /charts/e/e_B10ZF25BFZT/daily-46cf326e7985-b1.svg/ (+2ms) 
23:08:39   ├─ /charts/e/e_B10ZF25BFZT/backfill-46cf326e7985-b1.svg/ (+2ms) 
23:08:39   ├─ /charts/e/e_B10ZF25BFZT/niche-46cf326e7985-b1.svg/ (+1ms) 
23:08:39   ├─ /charts/e/e_B10ZF25BFZT/changes-46cf326e7985-b1.svg/ (+1ms) 
23:08:39   ├─ /charts/e/e_B10ZF25BFZT/commits-515920e4ea3f-b1.svg/ (+2ms) 
23:08:39   ├─ /charts/e/e_B10ZF25BFZT/heatmap-515920e4ea3f-b1.svg/ (+1ms) 
23:08:39   ├─ /charts/e/e_B10ZF25BFZT/daily-515920e4ea3f-b1.svg/ (+1ms) 
23:08:39   ├─ /charts/e/e_B10ZF25BFZT/backfill-515920e4ea3f-b1.svg/ (+1ms) 
23:08:39   ├─ /charts/e/e_B10ZF25BFZT/niche-515920e4ea3f-b1.svg/ (+1ms) 
23:08:39   ├─ /charts/e/e_B10ZF25BFZT/changes-515920e4ea3f-b1.svg/ (+1ms) 
23:08:39   ├─ /charts/e/e_B10ZF25BFZT/commits-0a7b1714d0ad-b1.svg/ (+0ms) 
23:08:39   ├─ /charts/e/e_B10ZF25BFZT/heatmap-0a7b1714d0ad-b1.svg/ (+0ms) 
23:08:39   ├─ /charts/e/e_B10ZF25BFZT/daily-0a7b1714d0ad-b1.svg/ (+1ms) 
23:08:39   ├─ /charts/e/e_B10ZF25BFZT/backfill-0a7b1714d0ad-b1.svg/ (+1ms) 
23:08:39   ├─ /charts/e/e_B10ZF25BFZT/niche-0a7b1714d0ad-b1.svg/ (+0ms) 
23:08:39   ├─ /charts/e/e_B10ZF25BFZT/changes-0a7b1714d0ad-b1.svg/ (+0ms) 
23:08:39   ├─ /charts/e/e_B10ZF25BFZT/commits-fcfd3a7ccdcb-b1.svg/ (+0ms) 
23:08:39   ├─ /charts/e/e_B10ZF25BFZT/heatmap-fcfd3a7ccdcb-b1.svg/ (+1ms) 
23:08:39   ├─ /charts/e/e_B10ZF25BFZT/daily-fcfd3a7ccdcb-b1.svg/ (+1ms) 
23:08:39   ├─ /charts/e/e_B10ZF25BFZT/backfill-fcfd3a7ccdcb-b1.svg/ (+1ms) 
23:08:39   ├─ /charts/e/e_B10ZF25BFZT/niche-fcfd3a7ccdcb-b1.svg/ (+0ms) 
23:08:39   ├─ /charts/e/e_B10ZF25BFZT/changes-fcfd3a7ccdcb-b1.svg/ (+1ms) 
23:08:39   ├─ /charts/e/e_B42PV7X9SGR/commits-66cffe06e8cb-b1.svg/ (+1ms) 
23:08:39   ├─ /charts/e/e_B42PV7X9SGR/heatmap-66cffe06e8cb-b1.svg/ (+1ms) 
23:08:39   ├─ /charts/e/e_B42PV7X9SGR/backfill-66cffe06e8cb-b1.svg/ (+1ms) 
23:08:39   ├─ /charts/e/e_B42PV7X9SGR/niche-66cffe06e8cb-b1.svg/ (+1ms) 
23:08:39   ├─ /charts/e/e_B42PV7X9SGR/changes-66cffe06e8cb-b1.svg/ (+1ms) 
23:08:39   ├─ /charts/e/e_B42PV7X9SGR/commits-46cf326e7985-b1.svg/ (+2ms) 
23:08:39   ├─ /charts/e/e_B42PV7X9SGR/heatmap-46cf326e7985-b1.svg/ (+1ms) 
23:08:39   ├─ /charts/e/e_B42PV7X9SGR/backfill-46cf326e7985-b1.svg/ (+1ms) 
23:08:39   ├─ /charts/e/e_B42PV7X9SGR/niche-46cf326e7985-b1.svg/ (+1ms) 
23:08:39   ├─ /charts/e/e_B42PV7X9SGR/changes-46cf326e7985-b1.svg/ (+1ms) 
23:08:39   ├─ /charts/e/e_B42PV7X9SGR/commits-515920e4ea3f-b1.svg/ (+1ms) 
23:08:39   ├─ /charts/e/e_B42PV7X9SGR/heatmap-515920e4ea3f-b1.svg/ (+0ms) 
23:08:39   ├─ /charts/e/e_B42PV7X9SGR/backfill-515920e4ea3f-b1.svg/ (+1ms) 
23:08:39   ├─ /charts/e/e_B42PV7X9SGR/niche-515920e4ea3f-b1.svg/ (+1ms) 
23:08:39   ├─ /charts/e/e_B42PV7X9SGR/changes-515920e4ea3f-b1.svg/ (+0ms) 
23:08:39   ├─ /charts/e/e_B42PV7X9SGR/commits-0a7b1714d0ad-b1.svg/ (+0ms) 
23:08:39   ├─ /charts/e/e_B42PV7X9SGR/heatmap-0a7b1714d0ad-b1.svg/ (+0ms) 
23:08:39   ├─ /charts/e/e_B42PV7X9SGR/backfill-0a7b1714d0ad-b1.svg/ (+0ms) 
23:08:39   ├─ /charts/e/e_B42PV7X9SGR/niche-0a7b1714d0ad-b1.svg/ (+0ms) 
23:08:39   ├─ /charts/e/e_B42PV7X9SGR/changes-0a7b1714d0ad-b1.svg/ (+1ms) 
23:08:39   ├─ /charts/e/e_B42PV7X9SGR/commits-fcfd3a7ccdcb-b1.svg/ (+1ms) 
23:08:39   ├─ /charts/e/e_B42PV7X9SGR/heatmap-fcfd3a7ccdcb-b1.svg/ (+1ms) 
23:08:39   ├─ /charts/e/e_B42PV7X9SGR/backfill-fcfd3a7ccdcb-b1.svg/ (+0ms) 
23:08:39   ├─ /charts/e/e_B42PV7X9SGR/niche-fcfd3a7ccdcb-b1.svg/ (+1ms) 
23:08:39   ├─ /charts/e/e_B42PV7X9SGR/changes-fcfd3a7ccdcb-b1.svg/ (+1ms) 
23:08:39   ├─ /charts/e/e_BRECTAWD0GT/commits-fcfd3a7ccdcb-b1.svg/ (+0ms) 
23:08:39   ├─ /charts/e/e_BRECTAWD0GT/heatmap-fcfd3a7ccdcb-b1.svg/ (+1ms) 
23:08:39   ├─ /charts/e/e_BRECTAWD0GT/niche-fcfd3a7ccdcb-b1.svg/ (+1ms) 
23:08:39   ├─ /charts/e/e_BRECTAWD0GT/changes-fcfd3a7ccdcb-b1.svg/ (+1ms) 
23:08:39   ├─ /charts/e/e_DQT3XHMXA2C/commits-f1f2495d518d-b1.svg/ (+1ms) 
23:08:39   ├─ /charts/e/e_DQT3XHMXA2C/heatmap-f1f2495d518d-b1.svg/ (+0ms) 
23:08:39   ├─ /charts/e/e_DQT3XHMXA2C/niche-f1f2495d518d-b1.svg/ (+1ms) 
23:08:39   ├─ /charts/e/e_DQT3XHMXA2C/changes-f1f2495d518d-b1.svg/ (+1ms) 
23:08:39   ├─ /charts/e/e_DQT3XHMXA2C/commits-f1f2495d518d-b1.svg/ (+1ms) 
23:08:39   ├─ /charts/e/e_DQT3XHMXA2C/heatmap-f1f2495d518d-b1.svg/ (+1ms) 
23:08:39   ├─ /charts/e/e_DQT3XHMXA2C/niche-f1f2495d518d-b1.svg/ (+2ms) 
23:08:39   ├─ /charts/e/e_DQT3XHMXA2C/changes-f1f2495d518d-b1.svg/ (+0ms) 
23:08:39   ├─ /charts/e/e_DQT3XHMXA2C/commits-7e6b5bcfba2a-b1.svg/ (+1ms) 
23:08:39   ├─ /charts/e/e_DQT3XHMXA2C/heatmap-7e6b5bcfba2a-b1.svg/ (+4ms) 
23:08:39   ├─ /charts/e/e_DQT3XHMXA2C/daily-7e6b5bcfba2a-b1.svg/ (+6ms) 
23:08:39   ├─ /charts/e/e_DQT3XHMXA2C/niche-7e6b5bcfba2a-b1.svg/ (+2ms) 
23:08:39   ├─ /charts/e/e_DQT3XHMXA2C/changes-7e6b5bcfba2a-b1.svg/ (+6ms) 
23:08:39   ├─ /charts/e/e_DQT3XHMXA2C/commits-df540ea0d40d-b1.svg/ (+6ms) 
23:08:39   ├─ /charts/e/e_DQT3XHMXA2C/heatmap-df540ea0d40d-b1.svg/ (+2ms) 
23:08:39   ├─ /charts/e/e_DQT3XHMXA2C/daily-df540ea0d40d-b1.svg/ (+2ms) 
23:08:39   ├─ /charts/e/e_DQT3XHMXA2C/niche-df540ea0d40d-b1.svg/ (+1ms) 
23:08:39   ├─ /charts/e/e_DQT3XHMXA2C/changes-df540ea0d40d-b1.svg/ (+1ms) 
23:08:39   ├─ /charts/e/e_DQT3XHMXA2C/commits-064bcdd1c2d3-b1.svg/ (+1ms) 
23:08:39   ├─ /charts/e/e_DQT3XHMXA2C/heatmap-064bcdd1c2d3-b1.svg/ (+1ms) 
23:08:39   ├─ /charts/e/e_DQT3XHMXA2C/daily-064bcdd1c2d3-b1.svg/ (+2ms) 
23:08:39   ├─ /charts/e/e_DQT3XHMXA2C/niche-064bcdd1c2d3-b1.svg/ (+1ms) 
23:08:39   ├─ /charts/e/e_DQT3XHMXA2C/changes-064bcdd1c2d3-b1.svg/ (+1ms) 
23:08:39   ├─ /charts/e/e_DQT3XHMXA2C/commits-be624cbf9aec-b1.svg/ (+0ms) 
23:08:39   ├─ /charts/e/e_DQT3XHMXA2C/heatmap-be624cbf9aec-b1.svg/ (+1ms) 
23:08:39   ├─ /charts/e/e_DQT3XHMXA2C/daily-be624cbf9aec-b1.svg/ (+1ms) 
23:08:39   ├─ /charts/e/e_DQT3XHMXA2C/niche-be624cbf9aec-b1.svg/ (+0ms) 
23:08:39   ├─ /charts/e/e_DQT3XHMXA2C/changes-be624cbf9aec-b1.svg/ (+1ms) 
23:08:39   ├─ /charts/e/e_DQT3XHMXA2C/commits-fe618519ff6a-b1.svg/ (+0ms) 
23:08:39   ├─ /charts/e/e_DQT3XHMXA2C/heatmap-fe618519ff6a-b1.svg/ (+0ms) 
23:08:39   ├─ /charts/e/e_DQT3XHMXA2C/daily-fe618519ff6a-b1.svg/ (+1ms) 
23:08:39   ├─ /charts/e/e_DQT3XHMXA2C/niche-fe618519ff6a-b1.svg/ (+1ms) 
23:08:39   ├─ /charts/e/e_DQT3XHMXA2C/changes-fe618519ff6a-b1.svg/ (+1ms) 
23:08:39   ├─ /charts/e/e_DQT3XHMXA2C/commits-035a72a81e59-b1.svg/ (+1ms) 
23:08:39   ├─ /charts/e/e_DQT3XHMXA2C/heatmap-035a72a81e59-b1.svg/ (+1ms) 
23:08:39   ├─ /charts/e/e_DQT3XHMXA2C/daily-035a72a81e59-b1.svg/ (+1ms) 
23:08:39   ├─ /charts/e/e_DQT3XHMXA2C/niche-035a72a81e59-b1.svg/ (+1ms) 
23:08:39   ├─ /charts/e/e_DQT3XHMXA2C/changes-035a72a81e59-b1.svg/ (+1ms) 
23:08:39   ├─ /charts/e/e_DQT3XHMXA2C/commits-9d18a826a3f1-b1.svg/ (+1ms) 
23:08:39   ├─ /charts/e/e_DQT3XHMXA2C/heatmap-9d18a826a3f1-b1.svg/ (+1ms) 
23:08:39   ├─ /charts/e/e_DQT3XHMXA2C/daily-9d18a826a3f1-b1.svg/ (+0ms) 
23:08:39   ├─ /charts/e/e_DQT3XHMXA2C/niche-9d18a826a3f1-b1.svg/ (+1ms) 
23:08:39   ├─ /charts/e/e_DQT3XHMXA2C/changes-9d18a826a3f1-b1.svg/ (+0ms) 
23:08:39   ├─ /charts/e/e_DQT3XHMXA2C/commits-66cffe06e8cb-b1.svg/ (+0ms) 
23:08:39   ├─ /charts/e/e_DQT3XHMXA2C/heatmap-66cffe06e8cb-b1.svg/ (+0ms) 
23:08:39   ├─ /charts/e/e_DQT3XHMXA2C/daily-66cffe06e8cb-b1.svg/ (+0ms) 
23:08:39   ├─ /charts/e/e_DQT3XHMXA2C/niche-66cffe06e8cb-b1.svg/ (+1ms) 
23:08:39   ├─ /charts/e/e_DQT3XHMXA2C/changes-66cffe06e8cb-b1.svg/ (+1ms) 
23:08:39   ├─ /charts/e/e_DQT3XHMXA2C/commits-46cf326e7985-b1.svg/ (+1ms) 
23:08:39   ├─ /charts/e/e_DQT3XHMXA2C/heatmap-46cf326e7985-b1.svg/ (+0ms) 
23:08:39   ├─ /charts/e/e_DQT3XHMXA2C/daily-46cf326e7985-b1.svg/ (+1ms) 
23:08:39   ├─ /charts/e/e_DQT3XHMXA2C/niche-46cf326e7985-b1.svg/ (+1ms) 
23:08:39   ├─ /charts/e/e_DQT3XHMXA2C/changes-46cf326e7985-b1.svg/ (+1ms) 
23:08:39   ├─ /charts/e/e_DQT3XHMXA2C/commits-515920e4ea3f-b1.svg/ (+0ms) 
23:08:39   ├─ /charts/e/e_DQT3XHMXA2C/heatmap-515920e4ea3f-b1.svg/ (+0ms) 
23:08:39   ├─ /charts/e/e_DQT3XHMXA2C/daily-515920e4ea3f-b1.svg/ (+0ms) 
23:08:39   ├─ /charts/e/e_DQT3XHMXA2C/niche-515920e4ea3f-b1.svg/ (+0ms) 
23:08:39   ├─ /charts/e/e_DQT3XHMXA2C/changes-515920e4ea3f-b1.svg/ (+0ms) 
23:08:39   ├─ /charts/e/e_DQT3XHMXA2C/commits-0a7b1714d0ad-b1.svg/ (+0ms) 
23:08:39   ├─ /charts/e/e_DQT3XHMXA2C/heatmap-0a7b1714d0ad-b1.svg/ (+1ms) 
23:08:39   ├─ /charts/e/e_DQT3XHMXA2C/daily-0a7b1714d0ad-b1.svg/ (+1ms) 
23:08:39   ├─ /charts/e/e_DQT3XHMXA2C/niche-0a7b1714d0ad-b1.svg/ (+0ms) 
23:08:39   ├─ /charts/e/e_DQT3XHMXA2C/changes-0a7b1714d0ad-b1.svg/ (+0ms) 
23:08:39   ├─ /charts/e/e_DQT3XHMXA2C/commits-fcfd3a7ccdcb-b1.svg/ (+0ms) 
23:08:39   ├─ /charts/e/e_DQT3XHMXA2C/heatmap-fcfd3a7ccdcb-b1.svg/ (+0ms) 
23:08:39   ├─ /charts/e/e_DQT3XHMXA2C/daily-fcfd3a7ccdcb-b1.svg/ (+0ms) 
23:08:39   ├─ /charts/e/e_DQT3XHMXA2C/niche-fcfd3a7ccdcb-b1.svg/ (+1ms) 
23:08:39   ├─ /charts/e/e_DQT3XHMXA2C/changes-fcfd3a7ccdcb-b1.svg/ (+0ms) 
23:08:39   ├─ /charts/e/e_DY4152Q1HEE/commits-035a72a81e59-b1.svg/ (+1ms) 
23:08:39   ├─ /charts/e/e_DY4152Q1HEE/heatmap-035a72a81e59-b1.svg/ (+1ms) 
23:08:39   ├─ /charts/e/e_DY4152Q1HEE/niche-035a72a81e59-b1.svg/ (+2ms) 
23:08:39   ├─ /charts/e/e_DY4152Q1HEE/changes-035a72a81e59-b1.svg/ (+1ms) 
23:08:39   ├─ /charts/e/e_DY4152Q1HEE/commits-9d18a826a3f1-b1.svg/ (+2ms) 
23:08:39   ├─ /charts/e/e_DY4152Q1HEE/heatmap-9d18a826a3f1-b1.svg/ (+0ms) 
23:08:39   ├─ /charts/e/e_DY4152Q1HEE/niche-9d18a826a3f1-b1.svg/ (+0ms) 
23:08:39   ├─ /charts/e/e_DY4152Q1HEE/changes-9d18a826a3f1-b1.svg/ (+0ms) 
23:08:39   ├─ /charts/e/e_DY4152Q1HEE/commits-66cffe06e8cb-b1.svg/ (+0ms) 
23:08:39   ├─ /charts/e/e_DY4152Q1HEE/heatmap-66cffe06e8cb-b1.svg/ (+0ms) 
23:08:39   ├─ /charts/e/e_DY4152Q1HEE/niche-66cffe06e8cb-b1.svg/ (+1ms) 
23:08:39   ├─ /charts/e/e_DY4152Q1HEE/changes-66cffe06e8cb-b1.svg/ (+1ms) 
23:08:39   ├─ /charts/e/e_DY4152Q1HEE/commits-46cf326e7985-b1.svg/ (+1ms) 
23:08:39   ├─ /charts/e/e_DY4152Q1HEE/heatmap-46cf326e7985-b1.svg/ (+1ms) 
23:08:39   ├─ /charts/e/e_DY4152Q1HEE/niche-46cf326e7985-b1.svg/ (+0ms) 
23:08:39   ├─ /charts/e/e_DY4152Q1HEE/changes-46cf326e7985-b1.svg/ (+0ms) 
23:08:39   ├─ /charts/e/e_DY4152Q1HEE/commits-515920e4ea3f-b1.svg/ (+1ms) 
23:08:39   ├─ /charts/e/e_DY4152Q1HEE/heatmap-515920e4ea3f-b1.svg/ (+1ms) 
23:08:39   ├─ /charts/e/e_DY4152Q1HEE/niche-515920e4ea3f-b1.svg/ (+0ms) 
23:08:39   ├─ /charts/e/e_DY4152Q1HEE/changes-515920e4ea3f-b1.svg/ (+1ms) 
23:08:39   ├─ /charts/e/e_DY4152Q1HEE/commits-0a7b1714d0ad-b1.svg/ (+0ms) 
23:08:39   ├─ /charts/e/e_DY4152Q1HEE/heatmap-0a7b1714d0ad-b1.svg/ (+0ms) 
23:08:39   ├─ /charts/e/e_DY4152Q1HEE/niche-0a7b1714d0ad-b1.svg/ (+0ms) 
23:08:39   ├─ /charts/e/e_DY4152Q1HEE/changes-0a7b1714d0ad-b1.svg/ (+0ms) 
23:08:39   ├─ /charts/e/e_DY4152Q1HEE/commits-fcfd3a7ccdcb-b1.svg/ (+0ms) 
23:08:39   ├─ /charts/e/e_DY4152Q1HEE/heatmap-fcfd3a7ccdcb-b1.svg/ (+0ms) 
23:08:39   ├─ /charts/e/e_DY4152Q1HEE/niche-fcfd3a7ccdcb-b1.svg/ (+0ms) 
23:08:39   ├─ /charts/e/e_DY4152Q1HEE/changes-fcfd3a7ccdcb-b1.svg/ (+1ms) 
23:08:39   ├─ /charts/e/e_EDRGN5GQHSE/commits-fcfd3a7ccdcb-b1.svg/ (+0ms) 
23:08:39   ├─ /charts/e/e_EDRGN5GQHSE/heatmap-fcfd3a7ccdcb-b1.svg/ (+1ms) 
23:08:39   ├─ /charts/e/e_EDRGN5GQHSE/niche-fcfd3a7ccdcb-b1.svg/ (+1ms) 
23:08:39   ├─ /charts/e/e_EDRGN5GQHSE/changes-fcfd3a7ccdcb-b1.svg/ (+1ms) 
23:08:39   ├─ /charts/e/e_F19ZE68DAS4/commits-8b04a522dda1-b1.svg/ (+1ms) 
23:08:39   ├─ /charts/e/e_F19ZE68DAS4/heatmap-8b04a522dda1-b1.svg/ (+0ms) 
23:08:39   ├─ /charts/e/e_F19ZE68DAS4/niche-8b04a522dda1-b1.svg/ (+0ms) 
23:08:39   ├─ /charts/e/e_F19ZE68DAS4/changes-8b04a522dda1-b1.svg/ (+0ms) 
23:08:39   ├─ /charts/e/e_F19ZE68DAS4/commits-f1f2495d518d-b1.svg/ (+0ms) 
23:08:39   ├─ /charts/e/e_F19ZE68DAS4/heatmap-f1f2495d518d-b1.svg/ (+0ms) 
23:08:39   ├─ /charts/e/e_F19ZE68DAS4/niche-f1f2495d518d-b1.svg/ (+0ms) 
23:08:39   ├─ /charts/e/e_F19ZE68DAS4/changes-f1f2495d518d-b1.svg/ (+0ms) 
23:08:39   ├─ /charts/e/e_F19ZE68DAS4/commits-f1f2495d518d-b1.svg/ (+0ms) 
23:08:39   ├─ /charts/e/e_F19ZE68DAS4/heatmap-f1f2495d518d-b1.svg/ (+0ms) 
23:08:39   ├─ /charts/e/e_F19ZE68DAS4/niche-f1f2495d518d-b1.svg/ (+0ms) 
23:08:39   ├─ /charts/e/e_F19ZE68DAS4/changes-f1f2495d518d-b1.svg/ (+0ms) 
23:08:39   ├─ /charts/e/e_F19ZE68DAS4/commits-7e6b5bcfba2a-b1.svg/ (+0ms) 
23:08:39   ├─ /charts/e/e_F19ZE68DAS4/heatmap-7e6b5bcfba2a-b1.svg/ (+0ms) 
23:08:39   ├─ /charts/e/e_F19ZE68DAS4/citations-7e6b5bcfba2a-b1.svg/ (+0ms) 
23:08:39   ├─ /charts/e/e_F19ZE68DAS4/niche-7e6b5bcfba2a-b1.svg/ (+0ms) 
23:08:39   ├─ /charts/e/e_F19ZE68DAS4/changes-7e6b5bcfba2a-b1.svg/ (+0ms) 
23:08:39   ├─ /charts/e/e_F19ZE68DAS4/commits-df540ea0d40d-b1.svg/ (+1ms) 
23:08:39   ├─ /charts/e/e_F19ZE68DAS4/heatmap-df540ea0d40d-b1.svg/ (+0ms) 
23:08:39   ├─ /charts/e/e_F19ZE68DAS4/citations-df540ea0d40d-b1.svg/ (+0ms) 
23:08:39   ├─ /charts/e/e_F19ZE68DAS4/niche-df540ea0d40d-b1.svg/ (+0ms) 
23:08:39   ├─ /charts/e/e_F19ZE68DAS4/changes-df540ea0d40d-b1.svg/ (+0ms) 
23:08:39   ├─ /charts/e/e_F19ZE68DAS4/commits-064bcdd1c2d3-b1.svg/ (+0ms) 
23:08:39   ├─ /charts/e/e_F19ZE68DAS4/heatmap-064bcdd1c2d3-b1.svg/ (+0ms) 
23:08:39   ├─ /charts/e/e_F19ZE68DAS4/citations-064bcdd1c2d3-b1.svg/ (+1ms) 
23:08:39   ├─ /charts/e/e_F19ZE68DAS4/niche-064bcdd1c2d3-b1.svg/ (+0ms) 
23:08:39   ├─ /charts/e/e_F19ZE68DAS4/changes-064bcdd1c2d3-b1.svg/ (+0ms) 
23:08:39   ├─ /charts/e/e_F19ZE68DAS4/commits-be624cbf9aec-b1.svg/ (+0ms) 
23:08:39   ├─ /charts/e/e_F19ZE68DAS4/heatmap-be624cbf9aec-b1.svg/ (+1ms) 
23:08:39   ├─ /charts/e/e_F19ZE68DAS4/citations-be624cbf9aec-b1.svg/ (+1ms) 
23:08:39   ├─ /charts/e/e_F19ZE68DAS4/niche-be624cbf9aec-b1.svg/ (+0ms) 
23:08:39   ├─ /charts/e/e_F19ZE68DAS4/changes-be624cbf9aec-b1.svg/ (+0ms) 
23:08:39   ├─ /charts/e/e_F19ZE68DAS4/commits-fe618519ff6a-b1.svg/ (+0ms) 
23:08:39   ├─ /charts/e/e_F19ZE68DAS4/heatmap-fe618519ff6a-b1.svg/ (+0ms) 
23:08:39   ├─ /charts/e/e_F19ZE68DAS4/citations-fe618519ff6a-b1.svg/ (+1ms) 
23:08:39   ├─ /charts/e/e_F19ZE68DAS4/niche-fe618519ff6a-b1.svg/ (+0ms) 
23:08:39   ├─ /charts/e/e_F19ZE68DAS4/changes-fe618519ff6a-b1.svg/ (+0ms) 
23:08:39   ├─ /charts/e/e_F19ZE68DAS4/commits-035a72a81e59-b1.svg/ (+0ms) 
23:08:39   ├─ /charts/e/e_F19ZE68DAS4/heatmap-035a72a81e59-b1.svg/ (+0ms) 
23:08:39   ├─ /charts/e/e_F19ZE68DAS4/citations-035a72a81e59-b1.svg/ (+0ms) 
23:08:39   ├─ /charts/e/e_F19ZE68DAS4/niche-035a72a81e59-b1.svg/ (+0ms) 
23:08:39   ├─ /charts/e/e_F19ZE68DAS4/changes-035a72a81e59-b1.svg/ (+0ms) 
23:08:39   ├─ /charts/e/e_F19ZE68DAS4/commits-9d18a826a3f1-b1.svg/ (+0ms) 
23:08:39   ├─ /charts/e/e_F19ZE68DAS4/heatmap-9d18a826a3f1-b1.svg/ (+0ms) 
23:08:39   ├─ /charts/e/e_F19ZE68DAS4/citations-9d18a826a3f1-b1.svg/ (+0ms) 
23:08:39   ├─ /charts/e/e_F19ZE68DAS4/niche-9d18a826a3f1-b1.svg/ (+0ms) 
23:08:39   ├─ /charts/e/e_F19ZE68DAS4/changes-9d18a826a3f1-b1.svg/ (+4ms) 
23:08:39   ├─ /charts/e/e_F19ZE68DAS4/commits-66cffe06e8cb-b1.svg/ (+9ms) 
23:08:39   ├─ /charts/e/e_F19ZE68DAS4/heatmap-66cffe06e8cb-b1.svg/ (+2ms) 
23:08:39   ├─ /charts/e/e_F19ZE68DAS4/citations-66cffe06e8cb-b1.svg/ (+0ms) 
23:08:39   ├─ /charts/e/e_F19ZE68DAS4/niche-66cffe06e8cb-b1.svg/ (+1ms) 
23:08:39   ├─ /charts/e/e_F19ZE68DAS4/changes-66cffe06e8cb-b1.svg/ (+4ms) 
23:08:39   ├─ /charts/e/e_F19ZE68DAS4/commits-46cf326e7985-b1.svg/ (+1ms) 
23:08:39   ├─ /charts/e/e_F19ZE68DAS4/heatmap-46cf326e7985-b1.svg/ (+1ms) 
23:08:39   ├─ /charts/e/e_F19ZE68DAS4/citations-46cf326e7985-b1.svg/ (+1ms) 
23:08:39   ├─ /charts/e/e_F19ZE68DAS4/niche-46cf326e7985-b1.svg/ (+2ms) 
23:08:39   ├─ /charts/e/e_F19ZE68DAS4/changes-46cf326e7985-b1.svg/ (+0ms) 
23:08:39   ├─ /charts/e/e_F19ZE68DAS4/commits-515920e4ea3f-b1.svg/ (+0ms) 
23:08:39   ├─ /charts/e/e_F19ZE68DAS4/heatmap-515920e4ea3f-b1.svg/ (+0ms) 
23:08:39   ├─ /charts/e/e_F19ZE68DAS4/citations-515920e4ea3f-b1.svg/ (+1ms) 
23:08:39   ├─ /charts/e/e_F19ZE68DAS4/niche-515920e4ea3f-b1.svg/ (+1ms) 
23:08:39   ├─ /charts/e/e_F19ZE68DAS4/changes-515920e4ea3f-b1.svg/ (+1ms) 
23:08:39   ├─ /charts/e/e_F19ZE68DAS4/commits-0a7b1714d0ad-b1.svg/ (+1ms) 
23:08:39   ├─ /charts/e/e_F19ZE68DAS4/heatmap-0a7b1714d0ad-b1.svg/ (+0ms) 
23:08:39   ├─ /charts/e/e_F19ZE68DAS4/citations-0a7b1714d0ad-b1.svg/ (+0ms) 
23:08:39   ├─ /charts/e/e_F19ZE68DAS4/niche-0a7b1714d0ad-b1.svg/ (+0ms) 
23:08:39   ├─ /charts/e/e_F19ZE68DAS4/changes-0a7b1714d0ad-b1.svg/ (+1ms) 
23:08:39   ├─ /charts/e/e_F19ZE68DAS4/commits-fcfd3a7ccdcb-b1.svg/ (+1ms) 
23:08:39   ├─ /charts/e/e_F19ZE68DAS4/heatmap-fcfd3a7ccdcb-b1.svg/ (+0ms) 
23:08:39   ├─ /charts/e/e_F19ZE68DAS4/citations-fcfd3a7ccdcb-b1.svg/ (+1ms) 
23:08:39   ├─ /charts/e/e_F19ZE68DAS4/niche-fcfd3a7ccdcb-b1.svg/ (+1ms) 
23:08:39   ├─ /charts/e/e_F19ZE68DAS4/changes-fcfd3a7ccdcb-b1.svg/ (+1ms) 
23:08:39   ├─ /charts/e/e_FWG4CE0H6WC/commits-035a72a81e59-b1.svg/ (+1ms) 
23:08:39   ├─ /charts/e/e_FWG4CE0H6WC/heatmap-035a72a81e59-b1.svg/ (+1ms) 
23:08:39   ├─ /charts/e/e_FWG4CE0H6WC/niche-035a72a81e59-b1.svg/ (+0ms) 
23:08:39   ├─ /charts/e/e_FWG4CE0H6WC/changes-035a72a81e59-b1.svg/ (+1ms) 
23:08:39   ├─ /charts/e/e_FWG4CE0H6WC/commits-9d18a826a3f1-b1.svg/ (+1ms) 
23:08:39   ├─ /charts/e/e_FWG4CE0H6WC/heatmap-9d18a826a3f1-b1.svg/ (+1ms) 
23:08:39   ├─ /charts/e/e_FWG4CE0H6WC/niche-9d18a826a3f1-b1.svg/ (+1ms) 
23:08:39   ├─ /charts/e/e_FWG4CE0H6WC/changes-9d18a826a3f1-b1.svg/ (+0ms) 
23:08:39   ├─ /charts/e/e_FWG4CE0H6WC/commits-66cffe06e8cb-b1.svg/ (+1ms) 
23:08:39   ├─ /charts/e/e_FWG4CE0H6WC/heatmap-66cffe06e8cb-b1.svg/ (+1ms) 
23:08:39   ├─ /charts/e/e_FWG4CE0H6WC/niche-66cffe06e8cb-b1.svg/ (+1ms) 
23:08:39   ├─ /charts/e/e_FWG4CE0H6WC/changes-66cffe06e8cb-b1.svg/ (+1ms) 
23:08:39   ├─ /charts/e/e_FWG4CE0H6WC/commits-46cf326e7985-b1.svg/ (+2ms) 
23:08:39   ├─ /charts/e/e_FWG4CE0H6WC/heatmap-46cf326e7985-b1.svg/ (+0ms) 
23:08:39   ├─ /charts/e/e_FWG4CE0H6WC/niche-46cf326e7985-b1.svg/ (+1ms) 
23:08:39   ├─ /charts/e/e_FWG4CE0H6WC/changes-46cf326e7985-b1.svg/ (+1ms) 
23:08:39   ├─ /charts/e/e_FWG4CE0H6WC/commits-515920e4ea3f-b1.svg/ (+1ms) 
23:08:39   ├─ /charts/e/e_FWG4CE0H6WC/heatmap-515920e4ea3f-b1.svg/ (+1ms) 
23:08:39   ├─ /charts/e/e_FWG4CE0H6WC/niche-515920e4ea3f-b1.svg/ (+1ms) 
23:08:39   ├─ /charts/e/e_FWG4CE0H6WC/changes-515920e4ea3f-b1.svg/ (+5ms) 
23:08:39   ├─ /charts/e/e_FWG4CE0H6WC/commits-0a7b1714d0ad-b1.svg/ (+1ms) 
23:08:39   ├─ /charts/e/e_FWG4CE0H6WC/heatmap-0a7b1714d0ad-b1.svg/ (+1ms) 
23:08:39   ├─ /charts/e/e_FWG4CE0H6WC/niche-0a7b1714d0ad-b1.svg/ (+0ms) 
23:08:39   ├─ /charts/e/e_FWG4CE0H6WC/changes-0a7b1714d0ad-b1.svg/ (+2ms) 
23:08:39   ├─ /charts/e/e_FWG4CE0H6WC/commits-fcfd3a7ccdcb-b1.svg/ (+1ms) 
23:08:39   ├─ /charts/e/e_FWG4CE0H6WC/heatmap-fcfd3a7ccdcb-b1.svg/ (+1ms) 
23:08:39   ├─ /charts/e/e_FWG4CE0H6WC/niche-fcfd3a7ccdcb-b1.svg/ (+1ms) 
23:08:39   ├─ /charts/e/e_FWG4CE0H6WC/changes-fcfd3a7ccdcb-b1.svg/ (+2ms) 
23:08:39   ├─ /charts/e/e_G2Q1BRT8GSR/commits-90e607b982fa-b1.svg/ (+1ms) 
23:08:39   ├─ /charts/e/e_G2Q1BRT8GSR/heatmap-90e607b982fa-b1.svg/ (+1ms) 
23:08:39   ├─ /charts/e/e_G2Q1BRT8GSR/citations-90e607b982fa-b1.svg/ (+0ms) 
23:08:39   ├─ /charts/e/e_G2Q1BRT8GSR/niche-90e607b982fa-b1.svg/ (+0ms) 
23:08:39   ├─ /charts/e/e_G2Q1BRT8GSR/changes-90e607b982fa-b1.svg/ (+1ms) 
23:08:39   ├─ /charts/e/e_G2Q1BRT8GSR/commits-8b04a522dda1-b1.svg/ (+0ms) 
23:08:39   ├─ /charts/e/e_G2Q1BRT8GSR/heatmap-8b04a522dda1-b1.svg/ (+0ms) 
23:08:39   ├─ /charts/e/e_G2Q1BRT8GSR/citations-8b04a522dda1-b1.svg/ (+2ms) 
23:08:39   ├─ /charts/e/e_G2Q1BRT8GSR/niche-8b04a522dda1-b1.svg/ (+1ms) 
23:08:39   ├─ /charts/e/e_G2Q1BRT8GSR/changes-8b04a522dda1-b1.svg/ (+1ms) 
23:08:39   ├─ /charts/e/e_G2Q1BRT8GSR/commits-f1f2495d518d-b1.svg/ (+1ms) 
23:08:39   ├─ /charts/e/e_G2Q1BRT8GSR/heatmap-f1f2495d518d-b1.svg/ (+1ms) 
23:08:39   ├─ /charts/e/e_G2Q1BRT8GSR/citations-f1f2495d518d-b1.svg/ (+0ms) 
23:08:39   ├─ /charts/e/e_G2Q1BRT8GSR/niche-f1f2495d518d-b1.svg/ (+1ms) 
23:08:39   ├─ /charts/e/e_G2Q1BRT8GSR/changes-f1f2495d518d-b1.svg/ (+0ms) 
23:08:39   ├─ /charts/e/e_G2Q1BRT8GSR/commits-f1f2495d518d-b1.svg/ (+1ms) 
23:08:39   ├─ /charts/e/e_G2Q1BRT8GSR/heatmap-f1f2495d518d-b1.svg/ (+0ms) 
23:08:39   ├─ /charts/e/e_G2Q1BRT8GSR/citations-f1f2495d518d-b1.svg/ (+0ms) 
23:08:39   ├─ /charts/e/e_G2Q1BRT8GSR/niche-f1f2495d518d-b1.svg/ (+1ms) 
23:08:39   ├─ /charts/e/e_G2Q1BRT8GSR/changes-f1f2495d518d-b1.svg/ (+1ms) 
23:08:39   ├─ /charts/e/e_G2Q1BRT8GSR/commits-7e6b5bcfba2a-b1.svg/ (+1ms) 
23:08:39   ├─ /charts/e/e_G2Q1BRT8GSR/heatmap-7e6b5bcfba2a-b1.svg/ (+1ms) 
23:08:39   ├─ /charts/e/e_G2Q1BRT8GSR/citations-7e6b5bcfba2a-b1.svg/ (+0ms) 
23:08:39   ├─ /charts/e/e_G2Q1BRT8GSR/daily-7e6b5bcfba2a-b1.svg/ (+0ms) 
23:08:39   ├─ /charts/e/e_G2Q1BRT8GSR/niche-7e6b5bcfba2a-b1.svg/ (+0ms) 
23:08:39   ├─ /charts/e/e_G2Q1BRT8GSR/changes-7e6b5bcfba2a-b1.svg/ (+0ms) 
23:08:39   ├─ /charts/e/e_G2Q1BRT8GSR/commits-df540ea0d40d-b1.svg/ (+1ms) 
23:08:39   ├─ /charts/e/e_G2Q1BRT8GSR/heatmap-df540ea0d40d-b1.svg/ (+2ms) 
23:08:39   ├─ /charts/e/e_G2Q1BRT8GSR/citations-df540ea0d40d-b1.svg/ (+1ms) 
23:08:39   ├─ /charts/e/e_G2Q1BRT8GSR/daily-df540ea0d40d-b1.svg/ (+2ms) 
23:08:39   ├─ /charts/e/e_G2Q1BRT8GSR/niche-df540ea0d40d-b1.svg/ (+0ms) 
23:08:39   ├─ /charts/e/e_G2Q1BRT8GSR/changes-df540ea0d40d-b1.svg/ (+0ms) 
23:08:39   ├─ /charts/e/e_G2Q1BRT8GSR/commits-064bcdd1c2d3-b1.svg/ (+1ms) 
23:08:39   ├─ /charts/e/e_G2Q1BRT8GSR/heatmap-064bcdd1c2d3-b1.svg/ (+1ms) 
23:08:39   ├─ /charts/e/e_G2Q1BRT8GSR/citations-064bcdd1c2d3-b1.svg/ (+0ms) 
23:08:39   ├─ /charts/e/e_G2Q1BRT8GSR/daily-064bcdd1c2d3-b1.svg/ (+0ms) 
23:08:39   ├─ /charts/e/e_G2Q1BRT8GSR/niche-064bcdd1c2d3-b1.svg/ (+0ms) 
23:08:39   ├─ /charts/e/e_G2Q1BRT8GSR/changes-064bcdd1c2d3-b1.svg/ (+0ms) 
23:08:39   ├─ /charts/e/e_G2Q1BRT8GSR/commits-be624cbf9aec-b1.svg/ (+1ms) 
23:08:39   ├─ /charts/e/e_G2Q1BRT8GSR/heatmap-be624cbf9aec-b1.svg/ (+1ms) 
23:08:39   ├─ /charts/e/e_G2Q1BRT8GSR/citations-be624cbf9aec-b1.svg/ (+2ms) 
23:08:39   ├─ /charts/e/e_G2Q1BRT8GSR/daily-be624cbf9aec-b1.svg/ (+0ms) 
23:08:39   ├─ /charts/e/e_G2Q1BRT8GSR/niche-be624cbf9aec-b1.svg/ (+0ms) 
23:08:39   ├─ /charts/e/e_G2Q1BRT8GSR/changes-be624cbf9aec-b1.svg/ (+0ms) 
23:08:39   ├─ /charts/e/e_G2Q1BRT8GSR/commits-fe618519ff6a-b1.svg/ (+0ms) 
23:08:39   ├─ /charts/e/e_G2Q1BRT8GSR/heatmap-fe618519ff6a-b1.svg/ (+1ms) 
23:08:39   ├─ /charts/e/e_G2Q1BRT8GSR/citations-fe618519ff6a-b1.svg/ (+1ms) 
23:08:39   ├─ /charts/e/e_G2Q1BRT8GSR/daily-fe618519ff6a-b1.svg/ (+0ms) 
23:08:39   ├─ /charts/e/e_G2Q1BRT8GSR/niche-fe618519ff6a-b1.svg/ (+0ms) 
23:08:39   ├─ /charts/e/e_G2Q1BRT8GSR/changes-fe618519ff6a-b1.svg/ (+0ms) 
23:08:39   ├─ /charts/e/e_G2Q1BRT8GSR/commits-035a72a81e59-b1.svg/ (+0ms) 
23:08:39   ├─ /charts/e/e_G2Q1BRT8GSR/heatmap-035a72a81e59-b1.svg/ (+0ms) 
23:08:39   ├─ /charts/e/e_G2Q1BRT8GSR/citations-035a72a81e59-b1.svg/ (+0ms) 
23:08:39   ├─ /charts/e/e_G2Q1BRT8GSR/daily-035a72a81e59-b1.svg/ (+1ms) 
23:08:39   ├─ /charts/e/e_G2Q1BRT8GSR/niche-035a72a81e59-b1.svg/ (+3ms) 
23:08:39   ├─ /charts/e/e_G2Q1BRT8GSR/changes-035a72a81e59-b1.svg/ (+0ms) 
23:08:39   ├─ /charts/e/e_G2Q1BRT8GSR/commits-9d18a826a3f1-b1.svg/ (+1ms) 
23:08:39   ├─ /charts/e/e_G2Q1BRT8GSR/heatmap-9d18a826a3f1-b1.svg/ (+0ms) 
23:08:39   ├─ /charts/e/e_G2Q1BRT8GSR/citations-9d18a826a3f1-b1.svg/ (+0ms) 
23:08:39   ├─ /charts/e/e_G2Q1BRT8GSR/daily-9d18a826a3f1-b1.svg/ (+0ms) 
23:08:39   ├─ /charts/e/e_G2Q1BRT8GSR/niche-9d18a826a3f1-b1.svg/ (+0ms) 
23:08:39   ├─ /charts/e/e_G2Q1BRT8GSR/changes-9d18a826a3f1-b1.svg/ (+0ms) 
23:08:39   ├─ /charts/e/e_G2Q1BRT8GSR/commits-66cffe06e8cb-b1.svg/ (+0ms) 
23:08:39   ├─ /charts/e/e_G2Q1BRT8GSR/heatmap-66cffe06e8cb-b1.svg/ (+1ms) 
23:08:39   ├─ /charts/e/e_G2Q1BRT8GSR/citations-66cffe06e8cb-b1.svg/ (+0ms) 
23:08:39   ├─ /charts/e/e_G2Q1BRT8GSR/daily-66cffe06e8cb-b1.svg/ (+0ms) 
23:08:39   ├─ /charts/e/e_G2Q1BRT8GSR/niche-66cffe06e8cb-b1.svg/ (+0ms) 
23:08:39   ├─ /charts/e/e_G2Q1BRT8GSR/changes-66cffe06e8cb-b1.svg/ (+0ms) 
23:08:39   ├─ /charts/e/e_G2Q1BRT8GSR/commits-46cf326e7985-b1.svg/ (+0ms) 
23:08:39   ├─ /charts/e/e_G2Q1BRT8GSR/heatmap-46cf326e7985-b1.svg/ (+0ms) 
23:08:39   ├─ /charts/e/e_G2Q1BRT8GSR/citations-46cf326e7985-b1.svg/ (+0ms) 
23:08:39   ├─ /charts/e/e_G2Q1BRT8GSR/daily-46cf326e7985-b1.svg/ (+0ms) 
23:08:39   ├─ /charts/e/e_G2Q1BRT8GSR/niche-46cf326e7985-b1.svg/ (+0ms) 
23:08:39   ├─ /charts/e/e_G2Q1BRT8GSR/changes-46cf326e7985-b1.svg/ (+0ms) 
23:08:39   ├─ /charts/e/e_G2Q1BRT8GSR/commits-515920e4ea3f-b1.svg/ (+0ms) 
23:08:39   ├─ /charts/e/e_G2Q1BRT8GSR/heatmap-515920e4ea3f-b1.svg/ (+0ms) 
23:08:39   ├─ /charts/e/e_G2Q1BRT8GSR/citations-515920e4ea3f-b1.svg/ (+0ms) 
23:08:39   ├─ /charts/e/e_G2Q1BRT8GSR/daily-515920e4ea3f-b1.svg/ (+0ms) 
23:08:39   ├─ /charts/e/e_G2Q1BRT8GSR/niche-515920e4ea3f-b1.svg/ (+0ms) 
23:08:39   ├─ /charts/e/e_G2Q1BRT8GSR/changes-515920e4ea3f-b1.svg/ (+1ms) 
23:08:39   ├─ /charts/e/e_G2Q1BRT8GSR/commits-0a7b1714d0ad-b1.svg/ (+0ms) 
23:08:39   ├─ /charts/e/e_G2Q1BRT8GSR/heatmap-0a7b1714d0ad-b1.svg/ (+0ms) 
23:08:39   ├─ /charts/e/e_G2Q1BRT8GSR/citations-0a7b1714d0ad-b1.svg/ (+0ms) 
23:08:39   ├─ /charts/e/e_G2Q1BRT8GSR/daily-0a7b1714d0ad-b1.svg/ (+0ms) 
23:08:39   ├─ /charts/e/e_G2Q1BRT8GSR/niche-0a7b1714d0ad-b1.svg/ (+0ms) 
23:08:39   ├─ /charts/e/e_G2Q1BRT8GSR/changes-0a7b1714d0ad-b1.svg/ (+0ms) 
23:08:39   ├─ /charts/e/e_G2Q1BRT8GSR/commits-fcfd3a7ccdcb-b1.svg/ (+1ms) 
23:08:39   ├─ /charts/e/e_G2Q1BRT8GSR/heatmap-fcfd3a7ccdcb-b1.svg/ (+0ms) 
23:08:39   ├─ /charts/e/e_G2Q1BRT8GSR/citations-fcfd3a7ccdcb-b1.svg/ (+0ms) 
23:08:39   ├─ /charts/e/e_G2Q1BRT8GSR/daily-fcfd3a7ccdcb-b1.svg/ (+0ms) 
23:08:39   ├─ /charts/e/e_G2Q1BRT8GSR/niche-fcfd3a7ccdcb-b1.svg/ (+0ms) 
23:08:39   ├─ /charts/e/e_G2Q1BRT8GSR/changes-fcfd3a7ccdcb-b1.svg/ (+1ms) 
23:08:39   ├─ /charts/e/e_GFGYNAKFRW2/commits-8b04a522dda1-b1.svg/ (+1ms) 
23:08:39   ├─ /charts/e/e_GFGYNAKFRW2/heatmap-8b04a522dda1-b1.svg/ (+0ms) 
23:08:39   ├─ /charts/e/e_GFGYNAKFRW2/niche-8b04a522dda1-b1.svg/ (+0ms) 
23:08:39   ├─ /charts/e/e_GFGYNAKFRW2/changes-8b04a522dda1-b1.svg/ (+0ms) 
23:08:39   ├─ /charts/e/e_GFGYNAKFRW2/commits-f1f2495d518d-b1.svg/ (+0ms) 
23:08:39   ├─ /charts/e/e_GFGYNAKFRW2/heatmap-f1f2495d518d-b1.svg/ (+0ms) 
23:08:39   ├─ /charts/e/e_GFGYNAKFRW2/niche-f1f2495d518d-b1.svg/ (+0ms) 
23:08:39   ├─ /charts/e/e_GFGYNAKFRW2/changes-f1f2495d518d-b1.svg/ (+0ms) 
23:08:39   ├─ /charts/e/e_GFGYNAKFRW2/commits-f1f2495d518d-b1.svg/ (+0ms) 
23:08:39   ├─ /charts/e/e_GFGYNAKFRW2/heatmap-f1f2495d518d-b1.svg/ (+0ms) 
23:08:39   ├─ /charts/e/e_GFGYNAKFRW2/niche-f1f2495d518d-b1.svg/ (+0ms) 
23:08:39   ├─ /charts/e/e_GFGYNAKFRW2/changes-f1f2495d518d-b1.svg/ (+0ms) 
23:08:39   ├─ /charts/e/e_GFGYNAKFRW2/commits-7e6b5bcfba2a-b1.svg/ (+0ms) 
23:08:39   ├─ /charts/e/e_GFGYNAKFRW2/heatmap-7e6b5bcfba2a-b1.svg/ (+0ms) 
23:08:39   ├─ /charts/e/e_GFGYNAKFRW2/citations-7e6b5bcfba2a-b1.svg/ (+0ms) 
23:08:39   ├─ /charts/e/e_GFGYNAKFRW2/niche-7e6b5bcfba2a-b1.svg/ (+0ms) 
23:08:39   ├─ /charts/e/e_GFGYNAKFRW2/changes-7e6b5bcfba2a-b1.svg/ (+0ms) 
23:08:39   ├─ /charts/e/e_GFGYNAKFRW2/commits-df540ea0d40d-b1.svg/ (+1ms) 
23:08:39   ├─ /charts/e/e_GFGYNAKFRW2/heatmap-df540ea0d40d-b1.svg/ (+0ms) 
23:08:39   ├─ /charts/e/e_GFGYNAKFRW2/citations-df540ea0d40d-b1.svg/ (+0ms) 
23:08:39   ├─ /charts/e/e_GFGYNAKFRW2/niche-df540ea0d40d-b1.svg/ (+0ms) 
23:08:39   ├─ /charts/e/e_GFGYNAKFRW2/changes-df540ea0d40d-b1.svg/ (+0ms) 
23:08:39   ├─ /charts/e/e_GFGYNAKFRW2/commits-064bcdd1c2d3-b1.svg/ (+0ms) 
23:08:39   ├─ /charts/e/e_GFGYNAKFRW2/heatmap-064bcdd1c2d3-b1.svg/ (+0ms) 
23:08:39   ├─ /charts/e/e_GFGYNAKFRW2/citations-064bcdd1c2d3-b1.svg/ (+0ms) 
23:08:39   ├─ /charts/e/e_GFGYNAKFRW2/niche-064bcdd1c2d3-b1.svg/ (+1ms) 
23:08:39   ├─ /charts/e/e_GFGYNAKFRW2/changes-064bcdd1c2d3-b1.svg/ (+0ms) 
23:08:39   ├─ /charts/e/e_GFGYNAKFRW2/commits-be624cbf9aec-b1.svg/ (+0ms) 
23:08:39   ├─ /charts/e/e_GFGYNAKFRW2/heatmap-be624cbf9aec-b1.svg/ (+0ms) 
23:08:39   ├─ /charts/e/e_GFGYNAKFRW2/citations-be624cbf9aec-b1.svg/ (+0ms) 
23:08:39   ├─ /charts/e/e_GFGYNAKFRW2/niche-be624cbf9aec-b1.svg/ (+0ms) 
23:08:39   ├─ /charts/e/e_GFGYNAKFRW2/changes-be624cbf9aec-b1.svg/ (+0ms) 
23:08:39   ├─ /charts/e/e_GFGYNAKFRW2/commits-fe618519ff6a-b1.svg/ (+0ms) 
23:08:39   ├─ /charts/e/e_GFGYNAKFRW2/heatmap-fe618519ff6a-b1.svg/ (+0ms) 
23:08:39   ├─ /charts/e/e_GFGYNAKFRW2/citations-fe618519ff6a-b1.svg/ (+0ms) 
23:08:39   ├─ /charts/e/e_GFGYNAKFRW2/niche-fe618519ff6a-b1.svg/ (+0ms) 
23:08:39   ├─ /charts/e/e_GFGYNAKFRW2/changes-fe618519ff6a-b1.svg/ (+0ms) 
23:08:39   ├─ /charts/e/e_GFGYNAKFRW2/commits-035a72a81e59-b1.svg/ (+0ms) 
23:08:39   ├─ /charts/e/e_GFGYNAKFRW2/heatmap-035a72a81e59-b1.svg/ (+0ms) 
23:08:39   ├─ /charts/e/e_GFGYNAKFRW2/citations-035a72a81e59-b1.svg/ (+0ms) 
23:08:39   ├─ /charts/e/e_GFGYNAKFRW2/niche-035a72a81e59-b1.svg/ (+0ms) 
23:08:39   ├─ /charts/e/e_GFGYNAKFRW2/changes-035a72a81e59-b1.svg/ (+0ms) 
23:08:39   ├─ /charts/e/e_GFGYNAKFRW2/commits-9d18a826a3f1-b1.svg/ (+0ms) 
23:08:39   ├─ /charts/e/e_GFGYNAKFRW2/heatmap-9d18a826a3f1-b1.svg/ (+0ms) 
23:08:39   ├─ /charts/e/e_GFGYNAKFRW2/citations-9d18a826a3f1-b1.svg/ (+0ms) 
23:08:39   ├─ /charts/e/e_GFGYNAKFRW2/niche-9d18a826a3f1-b1.svg/ (+0ms) 
23:08:39   ├─ /charts/e/e_GFGYNAKFRW2/changes-9d18a826a3f1-b1.svg/ (+0ms) 
23:08:39   ├─ /charts/e/e_GFGYNAKFRW2/commits-66cffe06e8cb-b1.svg/ (+0ms) 
23:08:39   ├─ /charts/e/e_GFGYNAKFRW2/heatmap-66cffe06e8cb-b1.svg/ (+0ms) 
23:08:39   ├─ /charts/e/e_GFGYNAKFRW2/citations-66cffe06e8cb-b1.svg/ (+0ms) 
23:08:39   ├─ /charts/e/e_GFGYNAKFRW2/niche-66cffe06e8cb-b1.svg/ (+0ms) 
23:08:39   ├─ /charts/e/e_GFGYNAKFRW2/changes-66cffe06e8cb-b1.svg/ (+1ms) 
23:08:39   ├─ /charts/e/e_GFGYNAKFRW2/commits-46cf326e7985-b1.svg/ (+0ms) 
23:08:39   ├─ /charts/e/e_GFGYNAKFRW2/heatmap-46cf326e7985-b1.svg/ (+0ms) 
23:08:39   ├─ /charts/e/e_GFGYNAKFRW2/citations-46cf326e7985-b1.svg/ (+0ms) 
23:08:39   ├─ /charts/e/e_GFGYNAKFRW2/niche-46cf326e7985-b1.svg/ (+0ms) 
23:08:39   ├─ /charts/e/e_GFGYNAKFRW2/changes-46cf326e7985-b1.svg/ (+0ms) 
23:08:39   ├─ /charts/e/e_GFGYNAKFRW2/commits-515920e4ea3f-b1.svg/ (+0ms) 
23:08:39   ├─ /charts/e/e_GFGYNAKFRW2/heatmap-515920e4ea3f-b1.svg/ (+0ms) 
23:08:39   ├─ /charts/e/e_GFGYNAKFRW2/citations-515920e4ea3f-b1.svg/ (+0ms) 
23:08:39   ├─ /charts/e/e_GFGYNAKFRW2/niche-515920e4ea3f-b1.svg/ (+1ms) 
23:08:39   ├─ /charts/e/e_GFGYNAKFRW2/changes-515920e4ea3f-b1.svg/ (+0ms) 
23:08:39   ├─ /charts/e/e_GFGYNAKFRW2/commits-0a7b1714d0ad-b1.svg/ (+0ms) 
23:08:39   ├─ /charts/e/e_GFGYNAKFRW2/heatmap-0a7b1714d0ad-b1.svg/ (+1ms) 
23:08:39   ├─ /charts/e/e_GFGYNAKFRW2/citations-0a7b1714d0ad-b1.svg/ (+0ms) 
23:08:39   ├─ /charts/e/e_GFGYNAKFRW2/niche-0a7b1714d0ad-b1.svg/ (+0ms) 
23:08:39   ├─ /charts/e/e_GFGYNAKFRW2/changes-0a7b1714d0ad-b1.svg/ (+0ms) 
23:08:39   ├─ /charts/e/e_GFGYNAKFRW2/commits-fcfd3a7ccdcb-b1.svg/ (+0ms) 
23:08:39   ├─ /charts/e/e_GFGYNAKFRW2/heatmap-fcfd3a7ccdcb-b1.svg/ (+0ms) 
23:08:39   ├─ /charts/e/e_GFGYNAKFRW2/citations-fcfd3a7ccdcb-b1.svg/ (+1ms) 
23:08:39   ├─ /charts/e/e_GFGYNAKFRW2/niche-fcfd3a7ccdcb-b1.svg/ (+0ms) 
23:08:39   ├─ /charts/e/e_GFGYNAKFRW2/changes-fcfd3a7ccdcb-b1.svg/ (+1ms) 
23:08:39   ├─ /charts/e/e_GP8J1E7TFDC/commits-66cffe06e8cb-b1.svg/ (+1ms) 
23:08:39   ├─ /charts/e/e_GP8J1E7TFDC/heatmap-66cffe06e8cb-b1.svg/ (+0ms) 
23:08:39   ├─ /charts/e/e_GP8J1E7TFDC/backfill-66cffe06e8cb-b1.svg/ (+0ms) 
23:08:39   ├─ /charts/e/e_GP8J1E7TFDC/niche-66cffe06e8cb-b1.svg/ (+1ms) 
23:08:39   ├─ /charts/e/e_GP8J1E7TFDC/changes-66cffe06e8cb-b1.svg/ (+1ms) 
23:08:39   ├─ /charts/e/e_GP8J1E7TFDC/commits-515920e4ea3f-b1.svg/ (+0ms) 
23:08:39   ├─ /charts/e/e_GP8J1E7TFDC/heatmap-515920e4ea3f-b1.svg/ (+0ms) 
23:08:39   ├─ /charts/e/e_GP8J1E7TFDC/backfill-515920e4ea3f-b1.svg/ (+0ms) 
23:08:39   ├─ /charts/e/e_GP8J1E7TFDC/niche-515920e4ea3f-b1.svg/ (+0ms) 
23:08:39   ├─ /charts/e/e_GP8J1E7TFDC/changes-515920e4ea3f-b1.svg/ (+0ms) 
23:08:39   ├─ /charts/e/e_GP8J1E7TFDC/commits-0a7b1714d0ad-b1.svg/ (+0ms) 
23:08:39   ├─ /charts/e/e_GP8J1E7TFDC/heatmap-0a7b1714d0ad-b1.svg/ (+0ms) 
23:08:39   ├─ /charts/e/e_GP8J1E7TFDC/backfill-0a7b1714d0ad-b1.svg/ (+0ms) 
23:08:39   ├─ /charts/e/e_GP8J1E7TFDC/niche-0a7b1714d0ad-b1.svg/ (+0ms) 
23:08:39   ├─ /charts/e/e_GP8J1E7TFDC/changes-0a7b1714d0ad-b1.svg/ (+0ms) 
23:08:39   ├─ /charts/e/e_GP8J1E7TFDC/commits-fcfd3a7ccdcb-b1.svg/ (+1ms) 
23:08:39   ├─ /charts/e/e_GP8J1E7TFDC/heatmap-fcfd3a7ccdcb-b1.svg/ (+0ms) 
23:08:39   ├─ /charts/e/e_GP8J1E7TFDC/backfill-fcfd3a7ccdcb-b1.svg/ (+0ms) 
23:08:39   ├─ /charts/e/e_GP8J1E7TFDC/niche-fcfd3a7ccdcb-b1.svg/ (+1ms) 
23:08:39   ├─ /charts/e/e_GP8J1E7TFDC/changes-fcfd3a7ccdcb-b1.svg/ (+0ms) 
23:08:39   ├─ /charts/e/e_H6EVSN8Q85T/commits-f1f2495d518d-b1.svg/ (+0ms) 
23:08:39   ├─ /charts/e/e_H6EVSN8Q85T/heatmap-f1f2495d518d-b1.svg/ (+0ms) 
23:08:39   ├─ /charts/e/e_H6EVSN8Q85T/backfill-f1f2495d518d-b1.svg/ (+0ms) 
23:08:39   ├─ /charts/e/e_H6EVSN8Q85T/niche-f1f2495d518d-b1.svg/ (+0ms) 
23:08:39   ├─ /charts/e/e_H6EVSN8Q85T/changes-f1f2495d518d-b1.svg/ (+0ms) 
23:08:39   ├─ /charts/e/e_H6EVSN8Q85T/commits-f1f2495d518d-b1.svg/ (+0ms) 
23:08:39   ├─ /charts/e/e_H6EVSN8Q85T/heatmap-f1f2495d518d-b1.svg/ (+0ms) 
23:08:39   ├─ /charts/e/e_H6EVSN8Q85T/backfill-f1f2495d518d-b1.svg/ (+1ms) 
23:08:39   ├─ /charts/e/e_H6EVSN8Q85T/niche-f1f2495d518d-b1.svg/ (+0ms) 
23:08:39   ├─ /charts/e/e_H6EVSN8Q85T/changes-f1f2495d518d-b1.svg/ (+0ms) 
23:08:39   ├─ /charts/e/e_H6EVSN8Q85T/commits-7e6b5bcfba2a-b1.svg/ (+1ms) 
23:08:39   ├─ /charts/e/e_H6EVSN8Q85T/heatmap-7e6b5bcfba2a-b1.svg/ (+0ms) 
23:08:39   ├─ /charts/e/e_H6EVSN8Q85T/backfill-7e6b5bcfba2a-b1.svg/ (+1ms) 
23:08:39   ├─ /charts/e/e_H6EVSN8Q85T/niche-7e6b5bcfba2a-b1.svg/ (+0ms) 
23:08:39   ├─ /charts/e/e_H6EVSN8Q85T/changes-7e6b5bcfba2a-b1.svg/ (+0ms) 
23:08:39   ├─ /charts/e/e_H6EVSN8Q85T/commits-df540ea0d40d-b1.svg/ (+1ms) 
23:08:39   ├─ /charts/e/e_H6EVSN8Q85T/heatmap-df540ea0d40d-b1.svg/ (+1ms) 
23:08:39   ├─ /charts/e/e_H6EVSN8Q85T/backfill-df540ea0d40d-b1.svg/ (+0ms) 
23:08:39   ├─ /charts/e/e_H6EVSN8Q85T/niche-df540ea0d40d-b1.svg/ (+1ms) 
23:08:39   ├─ /charts/e/e_H6EVSN8Q85T/changes-df540ea0d40d-b1.svg/ (+1ms) 
23:08:39   ├─ /charts/e/e_H6EVSN8Q85T/commits-064bcdd1c2d3-b1.svg/ (+1ms) 
23:08:39   ├─ /charts/e/e_H6EVSN8Q85T/heatmap-064bcdd1c2d3-b1.svg/ (+2ms) 
23:08:39   ├─ /charts/e/e_H6EVSN8Q85T/backfill-064bcdd1c2d3-b1.svg/ (+7ms) 
23:08:39   ├─ /charts/e/e_H6EVSN8Q85T/niche-064bcdd1c2d3-b1.svg/ (+1ms) 
23:08:39   ├─ /charts/e/e_H6EVSN8Q85T/changes-064bcdd1c2d3-b1.svg/ (+1ms) 
23:08:39   ├─ /charts/e/e_H6EVSN8Q85T/commits-be624cbf9aec-b1.svg/ (+2ms) 
23:08:39   ├─ /charts/e/e_H6EVSN8Q85T/heatmap-be624cbf9aec-b1.svg/ (+2ms) 
23:08:39   ├─ /charts/e/e_H6EVSN8Q85T/backfill-be624cbf9aec-b1.svg/ (+0ms) 
23:08:39   ├─ /charts/e/e_H6EVSN8Q85T/niche-be624cbf9aec-b1.svg/ (+0ms) 
23:08:39   ├─ /charts/e/e_H6EVSN8Q85T/changes-be624cbf9aec-b1.svg/ (+0ms) 
23:08:39   ├─ /charts/e/e_H6EVSN8Q85T/commits-fe618519ff6a-b1.svg/ (+2ms) 
23:08:39   ├─ /charts/e/e_H6EVSN8Q85T/heatmap-fe618519ff6a-b1.svg/ (+2ms) 
23:08:39   ├─ /charts/e/e_H6EVSN8Q85T/backfill-fe618519ff6a-b1.svg/ (+1ms) 
23:08:39   ├─ /charts/e/e_H6EVSN8Q85T/niche-fe618519ff6a-b1.svg/ (+0ms) 
23:08:39   ├─ /charts/e/e_H6EVSN8Q85T/changes-fe618519ff6a-b1.svg/ (+0ms) 
23:08:39   ├─ /charts/e/e_H6EVSN8Q85T/commits-035a72a81e59-b1.svg/ (+0ms) 
23:08:39   ├─ /charts/e/e_H6EVSN8Q85T/heatmap-035a72a81e59-b1.svg/ (+1ms) 
23:08:39   ├─ /charts/e/e_H6EVSN8Q85T/backfill-035a72a81e59-b1.svg/ (+0ms) 
23:08:39   ├─ /charts/e/e_H6EVSN8Q85T/niche-035a72a81e59-b1.svg/ (+0ms) 
23:08:39   ├─ /charts/e/e_H6EVSN8Q85T/changes-035a72a81e59-b1.svg/ (+0ms) 
23:08:39   ├─ /charts/e/e_H6EVSN8Q85T/commits-9d18a826a3f1-b1.svg/ (+0ms) 
23:08:39   ├─ /charts/e/e_H6EVSN8Q85T/heatmap-9d18a826a3f1-b1.svg/ (+1ms) 
23:08:39   ├─ /charts/e/e_H6EVSN8Q85T/backfill-9d18a826a3f1-b1.svg/ (+1ms) 
23:08:39   ├─ /charts/e/e_H6EVSN8Q85T/niche-9d18a826a3f1-b1.svg/ (+2ms) 
23:08:39   ├─ /charts/e/e_H6EVSN8Q85T/changes-9d18a826a3f1-b1.svg/ (+4ms) 
23:08:39   ├─ /charts/e/e_H6EVSN8Q85T/commits-66cffe06e8cb-b1.svg/ (+1ms) 
23:08:39   ├─ /charts/e/e_H6EVSN8Q85T/heatmap-66cffe06e8cb-b1.svg/ (+3ms) 
23:08:39   ├─ /charts/e/e_H6EVSN8Q85T/backfill-66cffe06e8cb-b1.svg/ (+1ms) 
23:08:39   ├─ /charts/e/e_H6EVSN8Q85T/niche-66cffe06e8cb-b1.svg/ (+1ms) 
23:08:39   ├─ /charts/e/e_H6EVSN8Q85T/changes-66cffe06e8cb-b1.svg/ (+1ms) 
23:08:39   ├─ /charts/e/e_H6EVSN8Q85T/commits-46cf326e7985-b1.svg/ (+5ms) 
23:08:39   ├─ /charts/e/e_H6EVSN8Q85T/heatmap-46cf326e7985-b1.svg/ (+1ms) 
23:08:39   ├─ /charts/e/e_H6EVSN8Q85T/backfill-46cf326e7985-b1.svg/ (+1ms) 
23:08:39   ├─ /charts/e/e_H6EVSN8Q85T/niche-46cf326e7985-b1.svg/ (+0ms) 
23:08:39   ├─ /charts/e/e_H6EVSN8Q85T/changes-46cf326e7985-b1.svg/ (+3ms) 
23:08:39   ├─ /charts/e/e_H6EVSN8Q85T/commits-515920e4ea3f-b1.svg/ (+1ms) 
23:08:39   ├─ /charts/e/e_H6EVSN8Q85T/heatmap-515920e4ea3f-b1.svg/ (+0ms) 
23:08:39   ├─ /charts/e/e_H6EVSN8Q85T/backfill-515920e4ea3f-b1.svg/ (+0ms) 
23:08:39   ├─ /charts/e/e_H6EVSN8Q85T/niche-515920e4ea3f-b1.svg/ (+0ms) 
23:08:39   ├─ /charts/e/e_H6EVSN8Q85T/changes-515920e4ea3f-b1.svg/ (+0ms) 
23:08:39   ├─ /charts/e/e_H6EVSN8Q85T/commits-0a7b1714d0ad-b1.svg/ (+1ms) 
23:08:39   ├─ /charts/e/e_H6EVSN8Q85T/heatmap-0a7b1714d0ad-b1.svg/ (+1ms) 
23:08:39   ├─ /charts/e/e_H6EVSN8Q85T/backfill-0a7b1714d0ad-b1.svg/ (+1ms) 
23:08:39   ├─ /charts/e/e_H6EVSN8Q85T/niche-0a7b1714d0ad-b1.svg/ (+0ms) 
23:08:39   ├─ /charts/e/e_H6EVSN8Q85T/changes-0a7b1714d0ad-b1.svg/ (+0ms) 
23:08:39   ├─ /charts/e/e_H6EVSN8Q85T/commits-fcfd3a7ccdcb-b1.svg/ (+1ms) 
23:08:39   ├─ /charts/e/e_H6EVSN8Q85T/heatmap-fcfd3a7ccdcb-b1.svg/ (+1ms) 
23:08:39   ├─ /charts/e/e_H6EVSN8Q85T/backfill-fcfd3a7ccdcb-b1.svg/ (+0ms) 
23:08:39   ├─ /charts/e/e_H6EVSN8Q85T/niche-fcfd3a7ccdcb-b1.svg/ (+0ms) 
23:08:39   ├─ /charts/e/e_H6EVSN8Q85T/changes-fcfd3a7ccdcb-b1.svg/ (+0ms) 
23:08:39   ├─ /charts/e/e_H6PPP8CA9RR/commits-90e607b982fa-b1.svg/ (+0ms) 
23:08:39   ├─ /charts/e/e_H6PPP8CA9RR/heatmap-90e607b982fa-b1.svg/ (+0ms) 
23:08:39   ├─ /charts/e/e_H6PPP8CA9RR/backfill-90e607b982fa-b1.svg/ (+1ms) 
23:08:39   ├─ /charts/e/e_H6PPP8CA9RR/niche-90e607b982fa-b1.svg/ (+0ms) 
23:08:39   ├─ /charts/e/e_H6PPP8CA9RR/changes-90e607b982fa-b1.svg/ (+2ms) 
23:08:39   ├─ /charts/e/e_H6PPP8CA9RR/commits-8b04a522dda1-b1.svg/ (+1ms) 
23:08:39   ├─ /charts/e/e_H6PPP8CA9RR/heatmap-8b04a522dda1-b1.svg/ (+1ms) 
23:08:39   ├─ /charts/e/e_H6PPP8CA9RR/backfill-8b04a522dda1-b1.svg/ (+1ms) 
23:08:39   ├─ /charts/e/e_H6PPP8CA9RR/niche-8b04a522dda1-b1.svg/ (+0ms) 
23:08:39   ├─ /charts/e/e_H6PPP8CA9RR/changes-8b04a522dda1-b1.svg/ (+0ms) 
23:08:39   ├─ /charts/e/e_H6PPP8CA9RR/commits-f1f2495d518d-b1.svg/ (+0ms) 
23:08:39   ├─ /charts/e/e_H6PPP8CA9RR/heatmap-f1f2495d518d-b1.svg/ (+1ms) 
23:08:39   ├─ /charts/e/e_H6PPP8CA9RR/backfill-f1f2495d518d-b1.svg/ (+0ms) 
23:08:39   ├─ /charts/e/e_H6PPP8CA9RR/niche-f1f2495d518d-b1.svg/ (+1ms) 
23:08:39   ├─ /charts/e/e_H6PPP8CA9RR/changes-f1f2495d518d-b1.svg/ (+0ms) 
23:08:39   ├─ /charts/e/e_H6PPP8CA9RR/commits-f1f2495d518d-b1.svg/ (+0ms) 
23:08:39   ├─ /charts/e/e_H6PPP8CA9RR/heatmap-f1f2495d518d-b1.svg/ (+0ms) 
23:08:39   ├─ /charts/e/e_H6PPP8CA9RR/backfill-f1f2495d518d-b1.svg/ (+0ms) 
23:08:39   ├─ /charts/e/e_H6PPP8CA9RR/niche-f1f2495d518d-b1.svg/ (+0ms) 
23:08:39   ├─ /charts/e/e_H6PPP8CA9RR/changes-f1f2495d518d-b1.svg/ (+0ms) 
23:08:39   ├─ /charts/e/e_H6PPP8CA9RR/commits-7e6b5bcfba2a-b1.svg/ (+1ms) 
23:08:39   ├─ /charts/e/e_H6PPP8CA9RR/heatmap-7e6b5bcfba2a-b1.svg/ (+1ms) 
23:08:39   ├─ /charts/e/e_H6PPP8CA9RR/daily-7e6b5bcfba2a-b1.svg/ (+0ms) 
23:08:39   ├─ /charts/e/e_H6PPP8CA9RR/backfill-7e6b5bcfba2a-b1.svg/ (+3ms) 
23:08:39   ├─ /charts/e/e_H6PPP8CA9RR/niche-7e6b5bcfba2a-b1.svg/ (+1ms) 
23:08:39   ├─ /charts/e/e_H6PPP8CA9RR/changes-7e6b5bcfba2a-b1.svg/ (+1ms) 
23:08:39   ├─ /charts/e/e_H6PPP8CA9RR/commits-df540ea0d40d-b1.svg/ (+1ms) 
23:08:39   ├─ /charts/e/e_H6PPP8CA9RR/heatmap-df540ea0d40d-b1.svg/ (+0ms) 
23:08:39   ├─ /charts/e/e_H6PPP8CA9RR/daily-df540ea0d40d-b1.svg/ (+0ms) 
23:08:39   ├─ /charts/e/e_H6PPP8CA9RR/backfill-df540ea0d40d-b1.svg/ (+1ms) 
23:08:39   ├─ /charts/e/e_H6PPP8CA9RR/niche-df540ea0d40d-b1.svg/ (+0ms) 
23:08:39   ├─ /charts/e/e_H6PPP8CA9RR/changes-df540ea0d40d-b1.svg/ (+1ms) 
23:08:39   ├─ /charts/e/e_H6PPP8CA9RR/commits-064bcdd1c2d3-b1.svg/ (+1ms) 
23:08:39   ├─ /charts/e/e_H6PPP8CA9RR/heatmap-064bcdd1c2d3-b1.svg/ (+0ms) 
23:08:39   ├─ /charts/e/e_H6PPP8CA9RR/daily-064bcdd1c2d3-b1.svg/ (+1ms) 
23:08:39   ├─ /charts/e/e_H6PPP8CA9RR/backfill-064bcdd1c2d3-b1.svg/ (+1ms) 
23:08:39   ├─ /charts/e/e_H6PPP8CA9RR/niche-064bcdd1c2d3-b1.svg/ (+1ms) 
23:08:39   ├─ /charts/e/e_H6PPP8CA9RR/changes-064bcdd1c2d3-b1.svg/ (+1ms) 
23:08:39   ├─ /charts/e/e_H6PPP8CA9RR/commits-be624cbf9aec-b1.svg/ (+1ms) 
23:08:39   ├─ /charts/e/e_H6PPP8CA9RR/heatmap-be624cbf9aec-b1.svg/ (+0ms) 
23:08:39   ├─ /charts/e/e_H6PPP8CA9RR/daily-be624cbf9aec-b1.svg/ (+2ms) 
23:08:39   ├─ /charts/e/e_H6PPP8CA9RR/backfill-be624cbf9aec-b1.svg/ (+0ms) 
23:08:39   ├─ /charts/e/e_H6PPP8CA9RR/niche-be624cbf9aec-b1.svg/ (+1ms) 
23:08:39   ├─ /charts/e/e_H6PPP8CA9RR/changes-be624cbf9aec-b1.svg/ (+1ms) 
23:08:39   ├─ /charts/e/e_H6PPP8CA9RR/commits-fe618519ff6a-b1.svg/ (+0ms) 
23:08:39   ├─ /charts/e/e_H6PPP8CA9RR/heatmap-fe618519ff6a-b1.svg/ (+1ms) 
23:08:39   ├─ /charts/e/e_H6PPP8CA9RR/daily-fe618519ff6a-b1.svg/ (+0ms) 
23:08:39   ├─ /charts/e/e_H6PPP8CA9RR/backfill-fe618519ff6a-b1.svg/ (+1ms) 
23:08:39   ├─ /charts/e/e_H6PPP8CA9RR/niche-fe618519ff6a-b1.svg/ (+2ms) 
23:08:39   ├─ /charts/e/e_H6PPP8CA9RR/changes-fe618519ff6a-b1.svg/ (+0ms) 
23:08:39   ├─ /charts/e/e_H6PPP8CA9RR/commits-035a72a81e59-b1.svg/ (+0ms) 
23:08:39   ├─ /charts/e/e_H6PPP8CA9RR/heatmap-035a72a81e59-b1.svg/ (+0ms) 
23:08:39   ├─ /charts/e/e_H6PPP8CA9RR/daily-035a72a81e59-b1.svg/ (+1ms) 
23:08:39   ├─ /charts/e/e_H6PPP8CA9RR/backfill-035a72a81e59-b1.svg/ (+1ms) 
23:08:39   ├─ /charts/e/e_H6PPP8CA9RR/niche-035a72a81e59-b1.svg/ (+0ms) 
23:08:39   ├─ /charts/e/e_H6PPP8CA9RR/changes-035a72a81e59-b1.svg/ (+1ms) 
23:08:39   ├─ /charts/e/e_H6PPP8CA9RR/commits-9d18a826a3f1-b1.svg/ (+1ms) 
23:08:39   ├─ /charts/e/e_H6PPP8CA9RR/heatmap-9d18a826a3f1-b1.svg/ (+2ms) 
23:08:39   ├─ /charts/e/e_H6PPP8CA9RR/daily-9d18a826a3f1-b1.svg/ (+1ms) 
23:08:39   ├─ /charts/e/e_H6PPP8CA9RR/backfill-9d18a826a3f1-b1.svg/ (+0ms) 
23:08:39   ├─ /charts/e/e_H6PPP8CA9RR/niche-9d18a826a3f1-b1.svg/ (+0ms) 
23:08:39   ├─ /charts/e/e_H6PPP8CA9RR/changes-9d18a826a3f1-b1.svg/ (+0ms) 
23:08:39   ├─ /charts/e/e_H6PPP8CA9RR/commits-66cffe06e8cb-b1.svg/ (+1ms) 
23:08:39   ├─ /charts/e/e_H6PPP8CA9RR/heatmap-66cffe06e8cb-b1.svg/ (+1ms) 
23:08:39   ├─ /charts/e/e_H6PPP8CA9RR/daily-66cffe06e8cb-b1.svg/ (+0ms) 
23:08:39   ├─ /charts/e/e_H6PPP8CA9RR/backfill-66cffe06e8cb-b1.svg/ (+0ms) 
23:08:39   ├─ /charts/e/e_H6PPP8CA9RR/niche-66cffe06e8cb-b1.svg/ (+1ms) 
23:08:39   ├─ /charts/e/e_H6PPP8CA9RR/changes-66cffe06e8cb-b1.svg/ (+1ms) 
23:08:39   ├─ /charts/e/e_H6PPP8CA9RR/commits-46cf326e7985-b1.svg/ (+1ms) 
23:08:39   ├─ /charts/e/e_H6PPP8CA9RR/heatmap-46cf326e7985-b1.svg/ (+1ms) 
23:08:39   ├─ /charts/e/e_H6PPP8CA9RR/daily-46cf326e7985-b1.svg/ (+0ms) 
23:08:39   ├─ /charts/e/e_H6PPP8CA9RR/backfill-46cf326e7985-b1.svg/ (+0ms) 
23:08:39   ├─ /charts/e/e_H6PPP8CA9RR/niche-46cf326e7985-b1.svg/ (+0ms) 
23:08:39   ├─ /charts/e/e_H6PPP8CA9RR/changes-46cf326e7985-b1.svg/ (+0ms) 
23:08:39   ├─ /charts/e/e_H6PPP8CA9RR/commits-515920e4ea3f-b1.svg/ (+1ms) 
23:08:39   ├─ /charts/e/e_H6PPP8CA9RR/heatmap-515920e4ea3f-b1.svg/ (+1ms) 
23:08:39   ├─ /charts/e/e_H6PPP8CA9RR/daily-515920e4ea3f-b1.svg/ (+0ms) 
23:08:39   ├─ /charts/e/e_H6PPP8CA9RR/backfill-515920e4ea3f-b1.svg/ (+0ms) 
23:08:39   ├─ /charts/e/e_H6PPP8CA9RR/niche-515920e4ea3f-b1.svg/ (+1ms) 
23:08:39   ├─ /charts/e/e_H6PPP8CA9RR/changes-515920e4ea3f-b1.svg/ (+1ms) 
23:08:39   ├─ /charts/e/e_H6PPP8CA9RR/commits-0a7b1714d0ad-b1.svg/ (+1ms) 
23:08:39   ├─ /charts/e/e_H6PPP8CA9RR/heatmap-0a7b1714d0ad-b1.svg/ (+1ms) 
23:08:39   ├─ /charts/e/e_H6PPP8CA9RR/daily-0a7b1714d0ad-b1.svg/ (+0ms) 
23:08:39   ├─ /charts/e/e_H6PPP8CA9RR/backfill-0a7b1714d0ad-b1.svg/ (+0ms) 
23:08:39   ├─ /charts/e/e_H6PPP8CA9RR/niche-0a7b1714d0ad-b1.svg/ (+1ms) 
23:08:39   ├─ /charts/e/e_H6PPP8CA9RR/changes-0a7b1714d0ad-b1.svg/ (+1ms) 
23:08:39   ├─ /charts/e/e_H6PPP8CA9RR/commits-fcfd3a7ccdcb-b1.svg/ (+0ms) 
23:08:39   ├─ /charts/e/e_H6PPP8CA9RR/heatmap-fcfd3a7ccdcb-b1.svg/ (+0ms) 
23:08:39   ├─ /charts/e/e_H6PPP8CA9RR/dependents-fcfd3a7ccdcb-b1.svg/ (+0ms) 
23:08:39   ├─ /charts/e/e_H6PPP8CA9RR/daily-fcfd3a7ccdcb-b1.svg/ (+0ms) 
23:08:39   ├─ /charts/e/e_H6PPP8CA9RR/backfill-fcfd3a7ccdcb-b1.svg/ (+0ms) 
23:08:39   ├─ /charts/e/e_H6PPP8CA9RR/niche-fcfd3a7ccdcb-b1.svg/ (+1ms) 
23:08:39   ├─ /charts/e/e_H6PPP8CA9RR/changes-fcfd3a7ccdcb-b1.svg/ (+0ms) 
23:08:39   ├─ /charts/e/e_HAQNA853Q80/commits-66cffe06e8cb-b1.svg/ (+1ms) 
23:08:39   ├─ /charts/e/e_HAQNA853Q80/heatmap-66cffe06e8cb-b1.svg/ (+1ms) 
23:08:39   ├─ /charts/e/e_HAQNA853Q80/backfill-66cffe06e8cb-b1.svg/ (+1ms) 
23:08:39   ├─ /charts/e/e_HAQNA853Q80/niche-66cffe06e8cb-b1.svg/ (+0ms) 
23:08:39   ├─ /charts/e/e_HAQNA853Q80/changes-66cffe06e8cb-b1.svg/ (+0ms) 
23:08:39   ├─ /charts/e/e_HAQNA853Q80/commits-46cf326e7985-b1.svg/ (+0ms) 
23:08:39   ├─ /charts/e/e_HAQNA853Q80/heatmap-46cf326e7985-b1.svg/ (+1ms) 
23:08:39   ├─ /charts/e/e_HAQNA853Q80/backfill-46cf326e7985-b1.svg/ (+1ms) 
23:08:39   ├─ /charts/e/e_HAQNA853Q80/niche-46cf326e7985-b1.svg/ (+0ms) 
23:08:39   ├─ /charts/e/e_HAQNA853Q80/changes-46cf326e7985-b1.svg/ (+0ms) 
23:08:39   ├─ /charts/e/e_HAQNA853Q80/commits-515920e4ea3f-b1.svg/ (+2ms) 
23:08:39   ├─ /charts/e/e_HAQNA853Q80/heatmap-515920e4ea3f-b1.svg/ (+2ms) 
23:08:39   ├─ /charts/e/e_HAQNA853Q80/backfill-515920e4ea3f-b1.svg/ (+1ms) 
23:08:39   ├─ /charts/e/e_HAQNA853Q80/niche-515920e4ea3f-b1.svg/ (+1ms) 
23:08:39   ├─ /charts/e/e_HAQNA853Q80/changes-515920e4ea3f-b1.svg/ (+0ms) 
23:08:39   ├─ /charts/e/e_HAQNA853Q80/commits-0a7b1714d0ad-b1.svg/ (+0ms) 
23:08:39   ├─ /charts/e/e_HAQNA853Q80/heatmap-0a7b1714d0ad-b1.svg/ (+0ms) 
23:08:39   ├─ /charts/e/e_HAQNA853Q80/backfill-0a7b1714d0ad-b1.svg/ (+1ms) 
23:08:39   ├─ /charts/e/e_HAQNA853Q80/niche-0a7b1714d0ad-b1.svg/ (+1ms) 
23:08:39   ├─ /charts/e/e_HAQNA853Q80/changes-0a7b1714d0ad-b1.svg/ (+0ms) 
23:08:39   ├─ /charts/e/e_HAQNA853Q80/commits-fcfd3a7ccdcb-b1.svg/ (+1ms) 
23:08:39   ├─ /charts/e/e_HAQNA853Q80/heatmap-fcfd3a7ccdcb-b1.svg/ (+0ms) 
23:08:39   ├─ /charts/e/e_HAQNA853Q80/backfill-fcfd3a7ccdcb-b1.svg/ (+0ms) 
23:08:39   ├─ /charts/e/e_HAQNA853Q80/niche-fcfd3a7ccdcb-b1.svg/ (+0ms) 
23:08:39   ├─ /charts/e/e_HAQNA853Q80/changes-fcfd3a7ccdcb-b1.svg/ (+0ms) 
23:08:39   ├─ /charts/e/e_J32HBKYVHAT/commits-90e607b982fa-b1.svg/ (+1ms) 
23:08:39   ├─ /charts/e/e_J32HBKYVHAT/heatmap-90e607b982fa-b1.svg/ (+0ms) 
23:08:39   ├─ /charts/e/e_J32HBKYVHAT/citations-90e607b982fa-b1.svg/ (+0ms) 
23:08:39   ├─ /charts/e/e_J32HBKYVHAT/niche-90e607b982fa-b1.svg/ (+0ms) 
23:08:39   ├─ /charts/e/e_J32HBKYVHAT/changes-90e607b982fa-b1.svg/ (+1ms) 
23:08:39   ├─ /charts/e/e_J32HBKYVHAT/commits-8b04a522dda1-b1.svg/ (+0ms) 
23:08:39   ├─ /charts/e/e_J32HBKYVHAT/heatmap-8b04a522dda1-b1.svg/ (+0ms) 
23:08:39   ├─ /charts/e/e_J32HBKYVHAT/citations-8b04a522dda1-b1.svg/ (+0ms) 
23:08:39   ├─ /charts/e/e_J32HBKYVHAT/niche-8b04a522dda1-b1.svg/ (+0ms) 
23:08:39   ├─ /charts/e/e_J32HBKYVHAT/changes-8b04a522dda1-b1.svg/ (+0ms) 
23:08:39   ├─ /charts/e/e_J32HBKYVHAT/commits-f1f2495d518d-b1.svg/ (+0ms) 
23:08:39   ├─ /charts/e/e_J32HBKYVHAT/heatmap-f1f2495d518d-b1.svg/ (+0ms) 
23:08:39   ├─ /charts/e/e_J32HBKYVHAT/citations-f1f2495d518d-b1.svg/ (+1ms) 
23:08:39   ├─ /charts/e/e_J32HBKYVHAT/niche-f1f2495d518d-b1.svg/ (+2ms) 
23:08:39   ├─ /charts/e/e_J32HBKYVHAT/changes-f1f2495d518d-b1.svg/ (+0ms) 
23:08:39   ├─ /charts/e/e_J32HBKYVHAT/commits-f1f2495d518d-b1.svg/ (+2ms) 
23:08:39   ├─ /charts/e/e_J32HBKYVHAT/heatmap-f1f2495d518d-b1.svg/ (+1ms) 
23:08:39   ├─ /charts/e/e_J32HBKYVHAT/citations-f1f2495d518d-b1.svg/ (+0ms) 
23:08:39   ├─ /charts/e/e_J32HBKYVHAT/niche-f1f2495d518d-b1.svg/ (+3ms) 
23:08:39   ├─ /charts/e/e_J32HBKYVHAT/changes-f1f2495d518d-b1.svg/ (+2ms) 
23:08:39   ├─ /charts/e/e_J32HBKYVHAT/commits-7e6b5bcfba2a-b1.svg/ (+1ms) 
23:08:39   ├─ /charts/e/e_J32HBKYVHAT/heatmap-7e6b5bcfba2a-b1.svg/ (+0ms) 
23:08:39   ├─ /charts/e/e_J32HBKYVHAT/citations-7e6b5bcfba2a-b1.svg/ (+0ms) 
23:08:39   ├─ /charts/e/e_J32HBKYVHAT/niche-7e6b5bcfba2a-b1.svg/ (+0ms) 
23:08:39   ├─ /charts/e/e_J32HBKYVHAT/changes-7e6b5bcfba2a-b1.svg/ (+1ms) 
23:08:39   ├─ /charts/e/e_J32HBKYVHAT/commits-df540ea0d40d-b1.svg/ (+2ms) 
23:08:39   ├─ /charts/e/e_J32HBKYVHAT/heatmap-df540ea0d40d-b1.svg/ (+0ms) 
23:08:39   ├─ /charts/e/e_J32HBKYVHAT/citations-df540ea0d40d-b1.svg/ (+0ms) 
23:08:39   ├─ /charts/e/e_J32HBKYVHAT/niche-df540ea0d40d-b1.svg/ (+1ms) 
23:08:39   ├─ /charts/e/e_J32HBKYVHAT/changes-df540ea0d40d-b1.svg/ (+0ms) 
23:08:39   ├─ /charts/e/e_J32HBKYVHAT/commits-064bcdd1c2d3-b1.svg/ (+1ms) 
23:08:39   ├─ /charts/e/e_J32HBKYVHAT/heatmap-064bcdd1c2d3-b1.svg/ (+1ms) 
23:08:39   ├─ /charts/e/e_J32HBKYVHAT/citations-064bcdd1c2d3-b1.svg/ (+0ms) 
23:08:39   ├─ /charts/e/e_J32HBKYVHAT/niche-064bcdd1c2d3-b1.svg/ (+0ms) 
23:08:39   ├─ /charts/e/e_J32HBKYVHAT/changes-064bcdd1c2d3-b1.svg/ (+0ms) 
23:08:39   ├─ /charts/e/e_J32HBKYVHAT/commits-be624cbf9aec-b1.svg/ (+0ms) 
23:08:39   ├─ /charts/e/e_J32HBKYVHAT/heatmap-be624cbf9aec-b1.svg/ (+0ms) 
23:08:39   ├─ /charts/e/e_J32HBKYVHAT/citations-be624cbf9aec-b1.svg/ (+2ms) 
23:08:39   ├─ /charts/e/e_J32HBKYVHAT/niche-be624cbf9aec-b1.svg/ (+0ms) 
23:08:39   ├─ /charts/e/e_J32HBKYVHAT/changes-be624cbf9aec-b1.svg/ (+1ms) 
23:08:39   ├─ /charts/e/e_J32HBKYVHAT/commits-fe618519ff6a-b1.svg/ (+2ms) 
23:08:39   ├─ /charts/e/e_J32HBKYVHAT/heatmap-fe618519ff6a-b1.svg/ (+0ms) 
23:08:39   ├─ /charts/e/e_J32HBKYVHAT/citations-fe618519ff6a-b1.svg/ (+1ms) 
23:08:39   ├─ /charts/e/e_J32HBKYVHAT/niche-fe618519ff6a-b1.svg/ (+0ms) 
23:08:39   ├─ /charts/e/e_J32HBKYVHAT/changes-fe618519ff6a-b1.svg/ (+0ms) 
23:08:39   ├─ /charts/e/e_J32HBKYVHAT/commits-035a72a81e59-b1.svg/ (+1ms) 
23:08:39   ├─ /charts/e/e_J32HBKYVHAT/heatmap-035a72a81e59-b1.svg/ (+0ms) 
23:08:39   ├─ /charts/e/e_J32HBKYVHAT/citations-035a72a81e59-b1.svg/ (+0ms) 
23:08:39   ├─ /charts/e/e_J32HBKYVHAT/niche-035a72a81e59-b1.svg/ (+0ms) 
23:08:39   ├─ /charts/e/e_J32HBKYVHAT/changes-035a72a81e59-b1.svg/ (+0ms) 
23:08:39   ├─ /charts/e/e_J32HBKYVHAT/commits-9d18a826a3f1-b1.svg/ (+0ms) 
23:08:39   ├─ /charts/e/e_J32HBKYVHAT/heatmap-9d18a826a3f1-b1.svg/ (+0ms) 
23:08:39   ├─ /charts/e/e_J32HBKYVHAT/citations-9d18a826a3f1-b1.svg/ (+0ms) 
23:08:39   ├─ /charts/e/e_J32HBKYVHAT/niche-9d18a826a3f1-b1.svg/ (+3ms) 
23:08:39   ├─ /charts/e/e_J32HBKYVHAT/changes-9d18a826a3f1-b1.svg/ (+1ms) 
23:08:39   ├─ /charts/e/e_J32HBKYVHAT/commits-66cffe06e8cb-b1.svg/ (+0ms) 
23:08:39   ├─ /charts/e/e_J32HBKYVHAT/heatmap-66cffe06e8cb-b1.svg/ (+0ms) 
23:08:39   ├─ /charts/e/e_J32HBKYVHAT/citations-66cffe06e8cb-b1.svg/ (+0ms) 
23:08:39   ├─ /charts/e/e_J32HBKYVHAT/niche-66cffe06e8cb-b1.svg/ (+0ms) 
23:08:39   ├─ /charts/e/e_J32HBKYVHAT/changes-66cffe06e8cb-b1.svg/ (+1ms) 
23:08:39   ├─ /charts/e/e_J32HBKYVHAT/commits-46cf326e7985-b1.svg/ (+0ms) 
23:08:39   ├─ /charts/e/e_J32HBKYVHAT/heatmap-46cf326e7985-b1.svg/ (+24ms) 
23:08:39   ├─ /charts/e/e_J32HBKYVHAT/citations-46cf326e7985-b1.svg/ (+1ms) 
23:08:39   ├─ /charts/e/e_J32HBKYVHAT/niche-46cf326e7985-b1.svg/ (+1ms) 
23:08:39   ├─ /charts/e/e_J32HBKYVHAT/changes-46cf326e7985-b1.svg/ (+2ms) 
23:08:39   ├─ /charts/e/e_J32HBKYVHAT/commits-515920e4ea3f-b1.svg/ (+1ms) 
23:08:39   ├─ /charts/e/e_J32HBKYVHAT/heatmap-515920e4ea3f-b1.svg/ (+1ms) 
23:08:39   ├─ /charts/e/e_J32HBKYVHAT/citations-515920e4ea3f-b1.svg/ (+0ms) 
23:08:39   ├─ /charts/e/e_J32HBKYVHAT/niche-515920e4ea3f-b1.svg/ (+1ms) 
23:08:39   ├─ /charts/e/e_J32HBKYVHAT/changes-515920e4ea3f-b1.svg/ (+1ms) 
23:08:39   ├─ /charts/e/e_J32HBKYVHAT/commits-0a7b1714d0ad-b1.svg/ (+1ms) 
23:08:39   ├─ /charts/e/e_J32HBKYVHAT/heatmap-0a7b1714d0ad-b1.svg/ (+0ms) 
23:08:39   ├─ /charts/e/e_J32HBKYVHAT/citations-0a7b1714d0ad-b1.svg/ (+0ms) 
23:08:39   ├─ /charts/e/e_J32HBKYVHAT/niche-0a7b1714d0ad-b1.svg/ (+0ms) 
23:08:39   ├─ /charts/e/e_J32HBKYVHAT/changes-0a7b1714d0ad-b1.svg/ (+0ms) 
23:08:39   ├─ /charts/e/e_J32HBKYVHAT/commits-fcfd3a7ccdcb-b1.svg/ (+0ms) 
23:08:39   ├─ /charts/e/e_J32HBKYVHAT/heatmap-fcfd3a7ccdcb-b1.svg/ (+0ms) 
23:08:39   ├─ /charts/e/e_J32HBKYVHAT/citations-fcfd3a7ccdcb-b1.svg/ (+1ms) 
23:08:39   ├─ /charts/e/e_J32HBKYVHAT/niche-fcfd3a7ccdcb-b1.svg/ (+0ms) 
23:08:39   ├─ /charts/e/e_J32HBKYVHAT/changes-fcfd3a7ccdcb-b1.svg/ (+0ms) 
23:08:39   ├─ /charts/e/e_JPHG3Z9N56M/commits-f1f2495d518d-b1.svg/ (+0ms) 
23:08:39   ├─ /charts/e/e_JPHG3Z9N56M/heatmap-f1f2495d518d-b1.svg/ (+0ms) 
23:08:39   ├─ /charts/e/e_JPHG3Z9N56M/citations-f1f2495d518d-b1.svg/ (+0ms) 
23:08:39   ├─ /charts/e/e_JPHG3Z9N56M/niche-f1f2495d518d-b1.svg/ (+0ms) 
23:08:39   ├─ /charts/e/e_JPHG3Z9N56M/changes-f1f2495d518d-b1.svg/ (+1ms) 
23:08:39   ├─ /charts/e/e_JPHG3Z9N56M/commits-f1f2495d518d-b1.svg/ (+0ms) 
23:08:39   ├─ /charts/e/e_JPHG3Z9N56M/heatmap-f1f2495d518d-b1.svg/ (+0ms) 
23:08:39   ├─ /charts/e/e_JPHG3Z9N56M/citations-f1f2495d518d-b1.svg/ (+0ms) 
23:08:39   ├─ /charts/e/e_JPHG3Z9N56M/niche-f1f2495d518d-b1.svg/ (+0ms) 
23:08:39   ├─ /charts/e/e_JPHG3Z9N56M/changes-f1f2495d518d-b1.svg/ (+0ms) 
23:08:39   ├─ /charts/e/e_JPHG3Z9N56M/commits-7e6b5bcfba2a-b1.svg/ (+0ms) 
23:08:39   ├─ /charts/e/e_JPHG3Z9N56M/heatmap-7e6b5bcfba2a-b1.svg/ (+1ms) 
23:08:39   ├─ /charts/e/e_JPHG3Z9N56M/citations-7e6b5bcfba2a-b1.svg/ (+0ms) 
23:08:39   ├─ /charts/e/e_JPHG3Z9N56M/niche-7e6b5bcfba2a-b1.svg/ (+0ms) 
23:08:39   ├─ /charts/e/e_JPHG3Z9N56M/changes-7e6b5bcfba2a-b1.svg/ (+0ms) 
23:08:39   ├─ /charts/e/e_JPHG3Z9N56M/commits-df540ea0d40d-b1.svg/ (+0ms) 
23:08:39   ├─ /charts/e/e_JPHG3Z9N56M/heatmap-df540ea0d40d-b1.svg/ (+0ms) 
23:08:39   ├─ /charts/e/e_JPHG3Z9N56M/citations-df540ea0d40d-b1.svg/ (+0ms) 
23:08:39   ├─ /charts/e/e_JPHG3Z9N56M/niche-df540ea0d40d-b1.svg/ (+0ms) 
23:08:39   ├─ /charts/e/e_JPHG3Z9N56M/changes-df540ea0d40d-b1.svg/ (+0ms) 
23:08:39   ├─ /charts/e/e_JPHG3Z9N56M/commits-064bcdd1c2d3-b1.svg/ (+0ms) 
23:08:39   ├─ /charts/e/e_JPHG3Z9N56M/heatmap-064bcdd1c2d3-b1.svg/ (+0ms) 
23:08:39   ├─ /charts/e/e_JPHG3Z9N56M/citations-064bcdd1c2d3-b1.svg/ (+0ms) 
23:08:39   ├─ /charts/e/e_JPHG3Z9N56M/niche-064bcdd1c2d3-b1.svg/ (+1ms) 
23:08:39   ├─ /charts/e/e_JPHG3Z9N56M/changes-064bcdd1c2d3-b1.svg/ (+0ms) 
23:08:39   ├─ /charts/e/e_JPHG3Z9N56M/commits-be624cbf9aec-b1.svg/ (+0ms) 
23:08:39   ├─ /charts/e/e_JPHG3Z9N56M/heatmap-be624cbf9aec-b1.svg/ (+0ms) 
23:08:39   ├─ /charts/e/e_JPHG3Z9N56M/citations-be624cbf9aec-b1.svg/ (+0ms) 
23:08:39   ├─ /charts/e/e_JPHG3Z9N56M/niche-be624cbf9aec-b1.svg/ (+0ms) 
23:08:39   ├─ /charts/e/e_JPHG3Z9N56M/changes-be624cbf9aec-b1.svg/ (+0ms) 
23:08:39   ├─ /charts/e/e_JPHG3Z9N56M/commits-fe618519ff6a-b1.svg/ (+0ms) 
23:08:39   ├─ /charts/e/e_JPHG3Z9N56M/heatmap-fe618519ff6a-b1.svg/ (+0ms) 
23:08:39   ├─ /charts/e/e_JPHG3Z9N56M/citations-fe618519ff6a-b1.svg/ (+0ms) 
23:08:39   ├─ /charts/e/e_JPHG3Z9N56M/niche-fe618519ff6a-b1.svg/ (+0ms) 
23:08:39   ├─ /charts/e/e_JPHG3Z9N56M/changes-fe618519ff6a-b1.svg/ (+0ms) 
23:08:39   ├─ /charts/e/e_JPHG3Z9N56M/commits-035a72a81e59-b1.svg/ (+1ms) 
23:08:39   ├─ /charts/e/e_JPHG3Z9N56M/heatmap-035a72a81e59-b1.svg/ (+0ms) 
23:08:39   ├─ /charts/e/e_JPHG3Z9N56M/citations-035a72a81e59-b1.svg/ (+1ms) 
23:08:39   ├─ /charts/e/e_JPHG3Z9N56M/niche-035a72a81e59-b1.svg/ (+1ms) 
23:08:39   ├─ /charts/e/e_JPHG3Z9N56M/changes-035a72a81e59-b1.svg/ (+0ms) 
23:08:39   ├─ /charts/e/e_JPHG3Z9N56M/commits-9d18a826a3f1-b1.svg/ (+0ms) 
23:08:39   ├─ /charts/e/e_JPHG3Z9N56M/heatmap-9d18a826a3f1-b1.svg/ (+2ms) 
23:08:39   ├─ /charts/e/e_JPHG3Z9N56M/citations-9d18a826a3f1-b1.svg/ (+1ms) 
23:08:39   ├─ /charts/e/e_JPHG3Z9N56M/niche-9d18a826a3f1-b1.svg/ (+0ms) 
23:08:39   ├─ /charts/e/e_JPHG3Z9N56M/changes-9d18a826a3f1-b1.svg/ (+1ms) 
23:08:39   ├─ /charts/e/e_JPHG3Z9N56M/commits-66cffe06e8cb-b1.svg/ (+0ms) 
23:08:39   ├─ /charts/e/e_JPHG3Z9N56M/heatmap-66cffe06e8cb-b1.svg/ (+1ms) 
23:08:39   ├─ /charts/e/e_JPHG3Z9N56M/citations-66cffe06e8cb-b1.svg/ (+0ms) 
23:08:39   ├─ /charts/e/e_JPHG3Z9N56M/niche-66cffe06e8cb-b1.svg/ (+0ms) 
23:08:39   ├─ /charts/e/e_JPHG3Z9N56M/changes-66cffe06e8cb-b1.svg/ (+0ms) 
23:08:39   ├─ /charts/e/e_JPHG3Z9N56M/commits-46cf326e7985-b1.svg/ (+1ms) 
23:08:39   ├─ /charts/e/e_JPHG3Z9N56M/heatmap-46cf326e7985-b1.svg/ (+0ms) 
23:08:39   ├─ /charts/e/e_JPHG3Z9N56M/citations-46cf326e7985-b1.svg/ (+1ms) 
23:08:39   ├─ /charts/e/e_JPHG3Z9N56M/niche-46cf326e7985-b1.svg/ (+1ms) 
23:08:39   ├─ /charts/e/e_JPHG3Z9N56M/changes-46cf326e7985-b1.svg/ (+0ms) 
23:08:39   ├─ /charts/e/e_JPHG3Z9N56M/commits-515920e4ea3f-b1.svg/ (+0ms) 
23:08:39   ├─ /charts/e/e_JPHG3Z9N56M/heatmap-515920e4ea3f-b1.svg/ (+1ms) 
23:08:39   ├─ /charts/e/e_JPHG3Z9N56M/citations-515920e4ea3f-b1.svg/ (+2ms) 
23:08:39   ├─ /charts/e/e_JPHG3Z9N56M/niche-515920e4ea3f-b1.svg/ (+1ms) 
23:08:39   ├─ /charts/e/e_JPHG3Z9N56M/changes-515920e4ea3f-b1.svg/ (+0ms) 
23:08:39   ├─ /charts/e/e_JPHG3Z9N56M/commits-0a7b1714d0ad-b1.svg/ (+1ms) 
23:08:39   ├─ /charts/e/e_JPHG3Z9N56M/heatmap-0a7b1714d0ad-b1.svg/ (+0ms) 
23:08:39   ├─ /charts/e/e_JPHG3Z9N56M/citations-0a7b1714d0ad-b1.svg/ (+0ms) 
23:08:39   ├─ /charts/e/e_JPHG3Z9N56M/niche-0a7b1714d0ad-b1.svg/ (+0ms) 
23:08:39   ├─ /charts/e/e_JPHG3Z9N56M/changes-0a7b1714d0ad-b1.svg/ (+2ms) 
23:08:39   ├─ /charts/e/e_JPHG3Z9N56M/commits-fcfd3a7ccdcb-b1.svg/ (+2ms) 
23:08:39   ├─ /charts/e/e_JPHG3Z9N56M/heatmap-fcfd3a7ccdcb-b1.svg/ (+1ms) 
23:08:39   ├─ /charts/e/e_JPHG3Z9N56M/citations-fcfd3a7ccdcb-b1.svg/ (+1ms) 
23:08:39   ├─ /charts/e/e_JPHG3Z9N56M/niche-fcfd3a7ccdcb-b1.svg/ (+1ms) 
23:08:39   ├─ /charts/e/e_JPHG3Z9N56M/changes-fcfd3a7ccdcb-b1.svg/ (+1ms) 
23:08:39   ├─ /charts/e/e_JR4RPDWKET0/commits-fcfd3a7ccdcb-b1.svg/ (+0ms) 
23:08:39   ├─ /charts/e/e_JR4RPDWKET0/heatmap-fcfd3a7ccdcb-b1.svg/ (+2ms) 
23:08:39   ├─ /charts/e/e_JR4RPDWKET0/niche-fcfd3a7ccdcb-b1.svg/ (+5ms) 
23:08:39   ├─ /charts/e/e_JR4RPDWKET0/changes-fcfd3a7ccdcb-b1.svg/ (+1ms) 
23:08:39   ├─ /charts/e/e_JYFZ2CANJXT/commits-46cf326e7985-b1.svg/ (+1ms) 
23:08:39   ├─ /charts/e/e_JYFZ2CANJXT/heatmap-46cf326e7985-b1.svg/ (+1ms) 
23:08:39   ├─ /charts/e/e_JYFZ2CANJXT/backfill-46cf326e7985-b1.svg/ (+0ms) 
23:08:39   ├─ /charts/e/e_JYFZ2CANJXT/niche-46cf326e7985-b1.svg/ (+1ms) 
23:08:39   ├─ /charts/e/e_JYFZ2CANJXT/changes-46cf326e7985-b1.svg/ (+0ms) 
23:08:39   ├─ /charts/e/e_JYFZ2CANJXT/commits-515920e4ea3f-b1.svg/ (+2ms) 
23:08:39   ├─ /charts/e/e_JYFZ2CANJXT/heatmap-515920e4ea3f-b1.svg/ (+1ms) 
23:08:39   ├─ /charts/e/e_JYFZ2CANJXT/backfill-515920e4ea3f-b1.svg/ (+0ms) 
23:08:39   ├─ /charts/e/e_JYFZ2CANJXT/niche-515920e4ea3f-b1.svg/ (+0ms) 
23:08:39   ├─ /charts/e/e_JYFZ2CANJXT/changes-515920e4ea3f-b1.svg/ (+1ms) 
23:08:39   ├─ /charts/e/e_JYFZ2CANJXT/commits-0a7b1714d0ad-b1.svg/ (+0ms) 
23:08:39   ├─ /charts/e/e_JYFZ2CANJXT/heatmap-0a7b1714d0ad-b1.svg/ (+0ms) 
23:08:39   ├─ /charts/e/e_JYFZ2CANJXT/backfill-0a7b1714d0ad-b1.svg/ (+0ms) 
23:08:39   ├─ /charts/e/e_JYFZ2CANJXT/niche-0a7b1714d0ad-b1.svg/ (+0ms) 
23:08:39   ├─ /charts/e/e_JYFZ2CANJXT/changes-0a7b1714d0ad-b1.svg/ (+0ms) 
23:08:39   ├─ /charts/e/e_JYFZ2CANJXT/commits-fcfd3a7ccdcb-b1.svg/ (+0ms) 
23:08:39   ├─ /charts/e/e_JYFZ2CANJXT/heatmap-fcfd3a7ccdcb-b1.svg/ (+0ms) 
23:08:39   ├─ /charts/e/e_JYFZ2CANJXT/backfill-fcfd3a7ccdcb-b1.svg/ (+0ms) 
23:08:39   ├─ /charts/e/e_JYFZ2CANJXT/niche-fcfd3a7ccdcb-b1.svg/ (+0ms) 
23:08:39   ├─ /charts/e/e_JYFZ2CANJXT/changes-fcfd3a7ccdcb-b1.svg/ (+0ms) 
23:08:39   ├─ /charts/e/e_JYS5BHD9SQG/commits-035a72a81e59-b1.svg/ (+0ms) 
23:08:39   ├─ /charts/e/e_JYS5BHD9SQG/heatmap-035a72a81e59-b1.svg/ (+1ms) 
23:08:39   ├─ /charts/e/e_JYS5BHD9SQG/backfill-035a72a81e59-b1.svg/ (+0ms) 
23:08:39   ├─ /charts/e/e_JYS5BHD9SQG/niche-035a72a81e59-b1.svg/ (+2ms) 
23:08:39   ├─ /charts/e/e_JYS5BHD9SQG/changes-035a72a81e59-b1.svg/ (+1ms) 
23:08:39   ├─ /charts/e/e_JYS5BHD9SQG/commits-9d18a826a3f1-b1.svg/ (+3ms) 
23:08:39   ├─ /charts/e/e_JYS5BHD9SQG/heatmap-9d18a826a3f1-b1.svg/ (+1ms) 
23:08:39   ├─ /charts/e/e_JYS5BHD9SQG/backfill-9d18a826a3f1-b1.svg/ (+1ms) 
23:08:39   ├─ /charts/e/e_JYS5BHD9SQG/niche-9d18a826a3f1-b1.svg/ (+1ms) 
23:08:39   ├─ /charts/e/e_JYS5BHD9SQG/changes-9d18a826a3f1-b1.svg/ (+1ms) 
23:08:39   ├─ /charts/e/e_JYS5BHD9SQG/commits-66cffe06e8cb-b1.svg/ (+0ms) 
23:08:39   ├─ /charts/e/e_JYS5BHD9SQG/heatmap-66cffe06e8cb-b1.svg/ (+0ms) 
23:08:39   ├─ /charts/e/e_JYS5BHD9SQG/backfill-66cffe06e8cb-b1.svg/ (+0ms) 
23:08:39   ├─ /charts/e/e_JYS5BHD9SQG/niche-66cffe06e8cb-b1.svg/ (+0ms) 
23:08:39   ├─ /charts/e/e_JYS5BHD9SQG/changes-66cffe06e8cb-b1.svg/ (+0ms) 
23:08:39   ├─ /charts/e/e_JYS5BHD9SQG/commits-46cf326e7985-b1.svg/ (+1ms) 
23:08:39   ├─ /charts/e/e_JYS5BHD9SQG/heatmap-46cf326e7985-b1.svg/ (+0ms) 
23:08:39   ├─ /charts/e/e_JYS5BHD9SQG/backfill-46cf326e7985-b1.svg/ (+0ms) 
23:08:39   ├─ /charts/e/e_JYS5BHD9SQG/niche-46cf326e7985-b1.svg/ (+0ms) 
23:08:39   ├─ /charts/e/e_JYS5BHD9SQG/changes-46cf326e7985-b1.svg/ (+0ms) 
23:08:39   ├─ /charts/e/e_JYS5BHD9SQG/commits-515920e4ea3f-b1.svg/ (+1ms) 
23:08:39   ├─ /charts/e/e_JYS5BHD9SQG/heatmap-515920e4ea3f-b1.svg/ (+0ms) 
23:08:39   ├─ /charts/e/e_JYS5BHD9SQG/backfill-515920e4ea3f-b1.svg/ (+0ms) 
23:08:39   ├─ /charts/e/e_JYS5BHD9SQG/niche-515920e4ea3f-b1.svg/ (+0ms) 
23:08:39   ├─ /charts/e/e_JYS5BHD9SQG/changes-515920e4ea3f-b1.svg/ (+1ms) 
23:08:39   ├─ /charts/e/e_JYS5BHD9SQG/commits-0a7b1714d0ad-b1.svg/ (+1ms) 
23:08:39   ├─ /charts/e/e_JYS5BHD9SQG/heatmap-0a7b1714d0ad-b1.svg/ (+1ms) 
23:08:39   ├─ /charts/e/e_JYS5BHD9SQG/backfill-0a7b1714d0ad-b1.svg/ (+1ms) 
23:08:39   ├─ /charts/e/e_JYS5BHD9SQG/niche-0a7b1714d0ad-b1.svg/ (+0ms) 
23:08:39   ├─ /charts/e/e_JYS5BHD9SQG/changes-0a7b1714d0ad-b1.svg/ (+0ms) 
23:08:39   ├─ /charts/e/e_JYS5BHD9SQG/commits-fcfd3a7ccdcb-b1.svg/ (+0ms) 
23:08:39   ├─ /charts/e/e_JYS5BHD9SQG/heatmap-fcfd3a7ccdcb-b1.svg/ (+0ms) 
23:08:39   ├─ /charts/e/e_JYS5BHD9SQG/backfill-fcfd3a7ccdcb-b1.svg/ (+1ms) 
23:08:39   ├─ /charts/e/e_JYS5BHD9SQG/niche-fcfd3a7ccdcb-b1.svg/ (+0ms) 
23:08:39   ├─ /charts/e/e_JYS5BHD9SQG/changes-fcfd3a7ccdcb-b1.svg/ (+0ms) 
23:08:39   ├─ /charts/e/e_KAKRS8DB7PY/commits-0a7b1714d0ad-b1.svg/ (+0ms) 
23:08:39   ├─ /charts/e/e_KAKRS8DB7PY/heatmap-0a7b1714d0ad-b1.svg/ (+0ms) 
23:08:39   ├─ /charts/e/e_KAKRS8DB7PY/backfill-0a7b1714d0ad-b1.svg/ (+0ms) 
23:08:39   ├─ /charts/e/e_KAKRS8DB7PY/niche-0a7b1714d0ad-b1.svg/ (+0ms) 
23:08:39   ├─ /charts/e/e_KAKRS8DB7PY/changes-0a7b1714d0ad-b1.svg/ (+0ms) 
23:08:39   ├─ /charts/e/e_KAKRS8DB7PY/commits-fcfd3a7ccdcb-b1.svg/ (+0ms) 
23:08:39   ├─ /charts/e/e_KAKRS8DB7PY/heatmap-fcfd3a7ccdcb-b1.svg/ (+0ms) 
23:08:39   ├─ /charts/e/e_KAKRS8DB7PY/backfill-fcfd3a7ccdcb-b1.svg/ (+0ms) 
23:08:39   ├─ /charts/e/e_KAKRS8DB7PY/niche-fcfd3a7ccdcb-b1.svg/ (+0ms) 
23:08:39   ├─ /charts/e/e_KAKRS8DB7PY/changes-fcfd3a7ccdcb-b1.svg/ (+0ms) 
23:08:39   ├─ /charts/e/e_KFRVE2CAS8W/commits-8b04a522dda1-b1.svg/ (+0ms) 
23:08:39   ├─ /charts/e/e_KFRVE2CAS8W/heatmap-8b04a522dda1-b1.svg/ (+1ms) 
23:08:39   ├─ /charts/e/e_KFRVE2CAS8W/niche-8b04a522dda1-b1.svg/ (+1ms) 
23:08:39   ├─ /charts/e/e_KFRVE2CAS8W/changes-8b04a522dda1-b1.svg/ (+0ms) 
23:08:39   ├─ /charts/e/e_KFRVE2CAS8W/commits-f1f2495d518d-b1.svg/ (+0ms) 
23:08:39   ├─ /charts/e/e_KFRVE2CAS8W/heatmap-f1f2495d518d-b1.svg/ (+0ms) 
23:08:39   ├─ /charts/e/e_KFRVE2CAS8W/niche-f1f2495d518d-b1.svg/ (+0ms) 
23:08:39   ├─ /charts/e/e_KFRVE2CAS8W/changes-f1f2495d518d-b1.svg/ (+0ms) 
23:08:39   ├─ /charts/e/e_KFRVE2CAS8W/commits-f1f2495d518d-b1.svg/ (+1ms) 
23:08:39   ├─ /charts/e/e_KFRVE2CAS8W/heatmap-f1f2495d518d-b1.svg/ (+1ms) 
23:08:39   ├─ /charts/e/e_KFRVE2CAS8W/niche-f1f2495d518d-b1.svg/ (+1ms) 
23:08:39   ├─ /charts/e/e_KFRVE2CAS8W/changes-f1f2495d518d-b1.svg/ (+0ms) 
23:08:39   ├─ /charts/e/e_KFRVE2CAS8W/commits-7e6b5bcfba2a-b1.svg/ (+0ms) 
23:08:39   ├─ /charts/e/e_KFRVE2CAS8W/heatmap-7e6b5bcfba2a-b1.svg/ (+0ms) 
23:08:39   ├─ /charts/e/e_KFRVE2CAS8W/citations-7e6b5bcfba2a-b1.svg/ (+0ms) 
23:08:39   ├─ /charts/e/e_KFRVE2CAS8W/niche-7e6b5bcfba2a-b1.svg/ (+0ms) 
23:08:39   ├─ /charts/e/e_KFRVE2CAS8W/changes-7e6b5bcfba2a-b1.svg/ (+0ms) 
23:08:39   ├─ /charts/e/e_KFRVE2CAS8W/commits-df540ea0d40d-b1.svg/ (+0ms) 
23:08:39   ├─ /charts/e/e_KFRVE2CAS8W/heatmap-df540ea0d40d-b1.svg/ (+0ms) 
23:08:39   ├─ /charts/e/e_KFRVE2CAS8W/citations-df540ea0d40d-b1.svg/ (+0ms) 
23:08:39   ├─ /charts/e/e_KFRVE2CAS8W/niche-df540ea0d40d-b1.svg/ (+1ms) 
23:08:39   ├─ /charts/e/e_KFRVE2CAS8W/changes-df540ea0d40d-b1.svg/ (+0ms) 
23:08:39   ├─ /charts/e/e_KFRVE2CAS8W/commits-064bcdd1c2d3-b1.svg/ (+0ms) 
23:08:39   ├─ /charts/e/e_KFRVE2CAS8W/heatmap-064bcdd1c2d3-b1.svg/ (+0ms) 
23:08:39   ├─ /charts/e/e_KFRVE2CAS8W/citations-064bcdd1c2d3-b1.svg/ (+0ms) 
23:08:39   ├─ /charts/e/e_KFRVE2CAS8W/niche-064bcdd1c2d3-b1.svg/ (+2ms) 
23:08:39   ├─ /charts/e/e_KFRVE2CAS8W/changes-064bcdd1c2d3-b1.svg/ (+0ms) 
23:08:39   ├─ /charts/e/e_KFRVE2CAS8W/commits-be624cbf9aec-b1.svg/ (+1ms) 
23:08:39   ├─ /charts/e/e_KFRVE2CAS8W/heatmap-be624cbf9aec-b1.svg/ (+1ms) 
23:08:39   ├─ /charts/e/e_KFRVE2CAS8W/citations-be624cbf9aec-b1.svg/ (+0ms) 
23:08:39   ├─ /charts/e/e_KFRVE2CAS8W/niche-be624cbf9aec-b1.svg/ (+0ms) 
23:08:39   ├─ /charts/e/e_KFRVE2CAS8W/changes-be624cbf9aec-b1.svg/ (+0ms) 
23:08:39   ├─ /charts/e/e_KFRVE2CAS8W/commits-fe618519ff6a-b1.svg/ (+0ms) 
23:08:39   ├─ /charts/e/e_KFRVE2CAS8W/heatmap-fe618519ff6a-b1.svg/ (+0ms) 
23:08:39   ├─ /charts/e/e_KFRVE2CAS8W/citations-fe618519ff6a-b1.svg/ (+1ms) 
23:08:39   ├─ /charts/e/e_KFRVE2CAS8W/niche-fe618519ff6a-b1.svg/ (+0ms) 
23:08:39   ├─ /charts/e/e_KFRVE2CAS8W/changes-fe618519ff6a-b1.svg/ (+0ms) 
23:08:39   ├─ /charts/e/e_KFRVE2CAS8W/commits-035a72a81e59-b1.svg/ (+0ms) 
23:08:39   ├─ /charts/e/e_KFRVE2CAS8W/heatmap-035a72a81e59-b1.svg/ (+0ms) 
23:08:39   ├─ /charts/e/e_KFRVE2CAS8W/citations-035a72a81e59-b1.svg/ (+0ms) 
23:08:39   ├─ /charts/e/e_KFRVE2CAS8W/niche-035a72a81e59-b1.svg/ (+0ms) 
23:08:39   ├─ /charts/e/e_KFRVE2CAS8W/changes-035a72a81e59-b1.svg/ (+0ms) 
23:08:39   ├─ /charts/e/e_KFRVE2CAS8W/commits-9d18a826a3f1-b1.svg/ (+0ms) 
23:08:39   ├─ /charts/e/e_KFRVE2CAS8W/heatmap-9d18a826a3f1-b1.svg/ (+0ms) 
23:08:39   ├─ /charts/e/e_KFRVE2CAS8W/citations-9d18a826a3f1-b1.svg/ (+0ms) 
23:08:39   ├─ /charts/e/e_KFRVE2CAS8W/niche-9d18a826a3f1-b1.svg/ (+2ms) 
23:08:39   ├─ /charts/e/e_KFRVE2CAS8W/changes-9d18a826a3f1-b1.svg/ (+1ms) 
23:08:39   ├─ /charts/e/e_KFRVE2CAS8W/commits-66cffe06e8cb-b1.svg/ (+0ms) 
23:08:39   ├─ /charts/e/e_KFRVE2CAS8W/heatmap-66cffe06e8cb-b1.svg/ (+0ms) 
23:08:39   ├─ /charts/e/e_KFRVE2CAS8W/citations-66cffe06e8cb-b1.svg/ (+1ms) 
23:08:39   ├─ /charts/e/e_KFRVE2CAS8W/niche-66cffe06e8cb-b1.svg/ (+1ms) 
23:08:39   ├─ /charts/e/e_KFRVE2CAS8W/changes-66cffe06e8cb-b1.svg/ (+2ms) 
23:08:39   ├─ /charts/e/e_KFRVE2CAS8W/commits-46cf326e7985-b1.svg/ (+0ms) 
23:08:39   ├─ /charts/e/e_KFRVE2CAS8W/heatmap-46cf326e7985-b1.svg/ (+1ms) 
23:08:39   ├─ /charts/e/e_KFRVE2CAS8W/citations-46cf326e7985-b1.svg/ (+0ms) 
23:08:39   ├─ /charts/e/e_KFRVE2CAS8W/niche-46cf326e7985-b1.svg/ (+0ms) 
23:08:39   ├─ /charts/e/e_KFRVE2CAS8W/changes-46cf326e7985-b1.svg/ (+0ms) 
23:08:39   ├─ /charts/e/e_KFRVE2CAS8W/commits-515920e4ea3f-b1.svg/ (+0ms) 
23:08:39   ├─ /charts/e/e_KFRVE2CAS8W/heatmap-515920e4ea3f-b1.svg/ (+1ms) 
23:08:39   ├─ /charts/e/e_KFRVE2CAS8W/citations-515920e4ea3f-b1.svg/ (+4ms) 
23:08:39   ├─ /charts/e/e_KFRVE2CAS8W/niche-515920e4ea3f-b1.svg/ (+0ms) 
23:08:39   ├─ /charts/e/e_KFRVE2CAS8W/changes-515920e4ea3f-b1.svg/ (+1ms) 
23:08:39   ├─ /charts/e/e_KFRVE2CAS8W/commits-0a7b1714d0ad-b1.svg/ (+1ms) 
23:08:39   ├─ /charts/e/e_KFRVE2CAS8W/heatmap-0a7b1714d0ad-b1.svg/ (+1ms) 
23:08:39   ├─ /charts/e/e_KFRVE2CAS8W/citations-0a7b1714d0ad-b1.svg/ (+0ms) 
23:08:39   ├─ /charts/e/e_KFRVE2CAS8W/niche-0a7b1714d0ad-b1.svg/ (+0ms) 
23:08:39   ├─ /charts/e/e_KFRVE2CAS8W/changes-0a7b1714d0ad-b1.svg/ (+1ms) 
23:08:39   ├─ /charts/e/e_KFRVE2CAS8W/commits-fcfd3a7ccdcb-b1.svg/ (+0ms) 
23:08:39   ├─ /charts/e/e_KFRVE2CAS8W/heatmap-fcfd3a7ccdcb-b1.svg/ (+0ms) 
23:08:39   ├─ /charts/e/e_KFRVE2CAS8W/citations-fcfd3a7ccdcb-b1.svg/ (+0ms) 
23:08:39   ├─ /charts/e/e_KFRVE2CAS8W/niche-fcfd3a7ccdcb-b1.svg/ (+0ms) 
23:08:39   ├─ /charts/e/e_KFRVE2CAS8W/changes-fcfd3a7ccdcb-b1.svg/ (+1ms) 
23:08:39   ├─ /charts/e/e_KMM6CNTHW3C/commits-fcfd3a7ccdcb-b1.svg/ (+1ms) 
23:08:39   ├─ /charts/e/e_KMM6CNTHW3C/heatmap-fcfd3a7ccdcb-b1.svg/ (+0ms) 
23:08:39   ├─ /charts/e/e_KMM6CNTHW3C/niche-fcfd3a7ccdcb-b1.svg/ (+0ms) 
23:08:39   ├─ /charts/e/e_KMM6CNTHW3C/changes-fcfd3a7ccdcb-b1.svg/ (+2ms) 
23:08:39   ├─ /charts/e/e_KR3M8ESKAEW/commits-f1f2495d518d-b1.svg/ (+1ms) 
23:08:39   ├─ /charts/e/e_KR3M8ESKAEW/heatmap-f1f2495d518d-b1.svg/ (+0ms) 
23:08:39   ├─ /charts/e/e_KR3M8ESKAEW/backfill-f1f2495d518d-b1.svg/ (+1ms) 
23:08:39   ├─ /charts/e/e_KR3M8ESKAEW/niche-f1f2495d518d-b1.svg/ (+1ms) 
23:08:39   ├─ /charts/e/e_KR3M8ESKAEW/changes-f1f2495d518d-b1.svg/ (+1ms) 
23:08:39   ├─ /charts/e/e_KR3M8ESKAEW/commits-f1f2495d518d-b1.svg/ (+0ms) 
23:08:39   ├─ /charts/e/e_KR3M8ESKAEW/heatmap-f1f2495d518d-b1.svg/ (+1ms) 
23:08:39   ├─ /charts/e/e_KR3M8ESKAEW/backfill-f1f2495d518d-b1.svg/ (+1ms) 
23:08:39   ├─ /charts/e/e_KR3M8ESKAEW/niche-f1f2495d518d-b1.svg/ (+2ms) 
23:08:39   ├─ /charts/e/e_KR3M8ESKAEW/changes-f1f2495d518d-b1.svg/ (+1ms) 
23:08:39   ├─ /charts/e/e_KR3M8ESKAEW/commits-7e6b5bcfba2a-b1.svg/ (+2ms) 
23:08:39   ├─ /charts/e/e_KR3M8ESKAEW/heatmap-7e6b5bcfba2a-b1.svg/ (+0ms) 
23:08:39   ├─ /charts/e/e_KR3M8ESKAEW/backfill-7e6b5bcfba2a-b1.svg/ (+2ms) 
23:08:39   ├─ /charts/e/e_KR3M8ESKAEW/niche-7e6b5bcfba2a-b1.svg/ (+1ms) 
23:08:39   ├─ /charts/e/e_KR3M8ESKAEW/changes-7e6b5bcfba2a-b1.svg/ (+1ms) 
23:08:39   ├─ /charts/e/e_KR3M8ESKAEW/commits-df540ea0d40d-b1.svg/ (+0ms) 
23:08:39   ├─ /charts/e/e_KR3M8ESKAEW/heatmap-df540ea0d40d-b1.svg/ (+1ms) 
23:08:39   ├─ /charts/e/e_KR3M8ESKAEW/backfill-df540ea0d40d-b1.svg/ (+1ms) 
23:08:39   ├─ /charts/e/e_KR3M8ESKAEW/niche-df540ea0d40d-b1.svg/ (+0ms) 
23:08:39   ├─ /charts/e/e_KR3M8ESKAEW/changes-df540ea0d40d-b1.svg/ (+1ms) 
23:08:39   ├─ /charts/e/e_KR3M8ESKAEW/commits-064bcdd1c2d3-b1.svg/ (+2ms) 
23:08:39   ├─ /charts/e/e_KR3M8ESKAEW/heatmap-064bcdd1c2d3-b1.svg/ (+1ms) 
23:08:39   ├─ /charts/e/e_KR3M8ESKAEW/backfill-064bcdd1c2d3-b1.svg/ (+2ms) 
23:08:39   ├─ /charts/e/e_KR3M8ESKAEW/niche-064bcdd1c2d3-b1.svg/ (+0ms) 
23:08:39   ├─ /charts/e/e_KR3M8ESKAEW/changes-064bcdd1c2d3-b1.svg/ (+1ms) 
23:08:39   ├─ /charts/e/e_KR3M8ESKAEW/commits-be624cbf9aec-b1.svg/ (+1ms) 
23:08:39   ├─ /charts/e/e_KR3M8ESKAEW/heatmap-be624cbf9aec-b1.svg/ (+5ms) 
23:08:39   ├─ /charts/e/e_KR3M8ESKAEW/backfill-be624cbf9aec-b1.svg/ (+0ms) 
23:08:39   ├─ /charts/e/e_KR3M8ESKAEW/niche-be624cbf9aec-b1.svg/ (+1ms) 
23:08:39   ├─ /charts/e/e_KR3M8ESKAEW/changes-be624cbf9aec-b1.svg/ (+0ms) 
23:08:39   ├─ /charts/e/e_KR3M8ESKAEW/commits-fe618519ff6a-b1.svg/ (+0ms) 
23:08:39   ├─ /charts/e/e_KR3M8ESKAEW/heatmap-fe618519ff6a-b1.svg/ (+0ms) 
23:08:39   ├─ /charts/e/e_KR3M8ESKAEW/backfill-fe618519ff6a-b1.svg/ (+0ms) 
23:08:39   ├─ /charts/e/e_KR3M8ESKAEW/niche-fe618519ff6a-b1.svg/ (+0ms) 
23:08:39   ├─ /charts/e/e_KR3M8ESKAEW/changes-fe618519ff6a-b1.svg/ (+0ms) 
23:08:39   ├─ /charts/e/e_KR3M8ESKAEW/commits-035a72a81e59-b1.svg/ (+1ms) 
23:08:39   ├─ /charts/e/e_KR3M8ESKAEW/heatmap-035a72a81e59-b1.svg/ (+0ms) 
23:08:39   ├─ /charts/e/e_KR3M8ESKAEW/backfill-035a72a81e59-b1.svg/ (+0ms) 
23:08:39   ├─ /charts/e/e_KR3M8ESKAEW/niche-035a72a81e59-b1.svg/ (+0ms) 
23:08:39   ├─ /charts/e/e_KR3M8ESKAEW/changes-035a72a81e59-b1.svg/ (+0ms) 
23:08:39   ├─ /charts/e/e_KR3M8ESKAEW/commits-9d18a826a3f1-b1.svg/ (+0ms) 
23:08:39   ├─ /charts/e/e_KR3M8ESKAEW/heatmap-9d18a826a3f1-b1.svg/ (+0ms) 
23:08:39   ├─ /charts/e/e_KR3M8ESKAEW/backfill-9d18a826a3f1-b1.svg/ (+0ms) 
23:08:39   ├─ /charts/e/e_KR3M8ESKAEW/niche-9d18a826a3f1-b1.svg/ (+4ms) 
23:08:39   ├─ /charts/e/e_KR3M8ESKAEW/changes-9d18a826a3f1-b1.svg/ (+1ms) 
23:08:39   ├─ /charts/e/e_KR3M8ESKAEW/commits-66cffe06e8cb-b1.svg/ (+0ms) 
23:08:39   ├─ /charts/e/e_KR3M8ESKAEW/heatmap-66cffe06e8cb-b1.svg/ (+0ms) 
23:08:39   ├─ /charts/e/e_KR3M8ESKAEW/backfill-66cffe06e8cb-b1.svg/ (+1ms) 
23:08:39   ├─ /charts/e/e_KR3M8ESKAEW/niche-66cffe06e8cb-b1.svg/ (+0ms) 
23:08:39   ├─ /charts/e/e_KR3M8ESKAEW/changes-66cffe06e8cb-b1.svg/ (+0ms) 
23:08:39   ├─ /charts/e/e_KR3M8ESKAEW/commits-46cf326e7985-b1.svg/ (+1ms) 
23:08:39   ├─ /charts/e/e_KR3M8ESKAEW/heatmap-46cf326e7985-b1.svg/ (+0ms) 
23:08:39   ├─ /charts/e/e_KR3M8ESKAEW/backfill-46cf326e7985-b1.svg/ (+1ms) 
23:08:39   ├─ /charts/e/e_KR3M8ESKAEW/niche-46cf326e7985-b1.svg/ (+1ms) 
23:08:39   ├─ /charts/e/e_KR3M8ESKAEW/changes-46cf326e7985-b1.svg/ (+1ms) 
23:08:39   ├─ /charts/e/e_KR3M8ESKAEW/commits-515920e4ea3f-b1.svg/ (+0ms) 
23:08:39   ├─ /charts/e/e_KR3M8ESKAEW/heatmap-515920e4ea3f-b1.svg/ (+0ms) 
23:08:39   ├─ /charts/e/e_KR3M8ESKAEW/backfill-515920e4ea3f-b1.svg/ (+0ms) 
23:08:39   ├─ /charts/e/e_KR3M8ESKAEW/niche-515920e4ea3f-b1.svg/ (+0ms) 
23:08:39   ├─ /charts/e/e_KR3M8ESKAEW/changes-515920e4ea3f-b1.svg/ (+0ms) 
23:08:39   ├─ /charts/e/e_KR3M8ESKAEW/commits-0a7b1714d0ad-b1.svg/ (+1ms) 
23:08:39   ├─ /charts/e/e_KR3M8ESKAEW/heatmap-0a7b1714d0ad-b1.svg/ (+1ms) 
23:08:39   ├─ /charts/e/e_KR3M8ESKAEW/backfill-0a7b1714d0ad-b1.svg/ (+1ms) 
23:08:39   ├─ /charts/e/e_KR3M8ESKAEW/niche-0a7b1714d0ad-b1.svg/ (+0ms) 
23:08:39   ├─ /charts/e/e_KR3M8ESKAEW/changes-0a7b1714d0ad-b1.svg/ (+0ms) 
23:08:39   ├─ /charts/e/e_KR3M8ESKAEW/commits-fcfd3a7ccdcb-b1.svg/ (+0ms) 
23:08:39   ├─ /charts/e/e_KR3M8ESKAEW/heatmap-fcfd3a7ccdcb-b1.svg/ (+0ms) 
23:08:39   ├─ /charts/e/e_KR3M8ESKAEW/backfill-fcfd3a7ccdcb-b1.svg/ (+0ms) 
23:08:39   ├─ /charts/e/e_KR3M8ESKAEW/niche-fcfd3a7ccdcb-b1.svg/ (+0ms) 
23:08:39   ├─ /charts/e/e_KR3M8ESKAEW/changes-fcfd3a7ccdcb-b1.svg/ (+0ms) 
23:08:39   ├─ /charts/e/e_MX90J81EYDE/commits-8b04a522dda1-b1.svg/ (+1ms) 
23:08:39   ├─ /charts/e/e_MX90J81EYDE/heatmap-8b04a522dda1-b1.svg/ (+1ms) 
23:08:39   ├─ /charts/e/e_MX90J81EYDE/backfill-8b04a522dda1-b1.svg/ (+1ms) 
23:08:39   ├─ /charts/e/e_MX90J81EYDE/niche-8b04a522dda1-b1.svg/ (+0ms) 
23:08:39   ├─ /charts/e/e_MX90J81EYDE/changes-8b04a522dda1-b1.svg/ (+1ms) 
23:08:39   ├─ /charts/e/e_MX90J81EYDE/commits-f1f2495d518d-b1.svg/ (+1ms) 
23:08:39   ├─ /charts/e/e_MX90J81EYDE/heatmap-f1f2495d518d-b1.svg/ (+0ms) 
23:08:39   ├─ /charts/e/e_MX90J81EYDE/backfill-f1f2495d518d-b1.svg/ (+0ms) 
23:08:39   ├─ /charts/e/e_MX90J81EYDE/niche-f1f2495d518d-b1.svg/ (+1ms) 
23:08:39   ├─ /charts/e/e_MX90J81EYDE/changes-f1f2495d518d-b1.svg/ (+0ms) 
23:08:39   ├─ /charts/e/e_MX90J81EYDE/commits-f1f2495d518d-b1.svg/ (+1ms) 
23:08:39   ├─ /charts/e/e_MX90J81EYDE/heatmap-f1f2495d518d-b1.svg/ (+1ms) 
23:08:39   ├─ /charts/e/e_MX90J81EYDE/backfill-f1f2495d518d-b1.svg/ (+0ms) 
23:08:39   ├─ /charts/e/e_MX90J81EYDE/niche-f1f2495d518d-b1.svg/ (+0ms) 
23:08:39   ├─ /charts/e/e_MX90J81EYDE/changes-f1f2495d518d-b1.svg/ (+1ms) 
23:08:39   ├─ /charts/e/e_MX90J81EYDE/commits-7e6b5bcfba2a-b1.svg/ (+1ms) 
23:08:39   ├─ /charts/e/e_MX90J81EYDE/heatmap-7e6b5bcfba2a-b1.svg/ (+2ms) 
23:08:39   ├─ /charts/e/e_MX90J81EYDE/backfill-7e6b5bcfba2a-b1.svg/ (+2ms) 
23:08:39   ├─ /charts/e/e_MX90J81EYDE/niche-7e6b5bcfba2a-b1.svg/ (+0ms) 
23:08:39   ├─ /charts/e/e_MX90J81EYDE/changes-7e6b5bcfba2a-b1.svg/ (+0ms) 
23:08:39   ├─ /charts/e/e_MX90J81EYDE/commits-df540ea0d40d-b1.svg/ (+0ms) 
23:08:39   ├─ /charts/e/e_MX90J81EYDE/heatmap-df540ea0d40d-b1.svg/ (+0ms) 
23:08:39   ├─ /charts/e/e_MX90J81EYDE/backfill-df540ea0d40d-b1.svg/ (+0ms) 
23:08:39   ├─ /charts/e/e_MX90J81EYDE/niche-df540ea0d40d-b1.svg/ (+1ms) 
23:08:39   ├─ /charts/e/e_MX90J81EYDE/changes-df540ea0d40d-b1.svg/ (+1ms) 
23:08:39   ├─ /charts/e/e_MX90J81EYDE/commits-064bcdd1c2d3-b1.svg/ (+0ms) 
23:08:39   ├─ /charts/e/e_MX90J81EYDE/heatmap-064bcdd1c2d3-b1.svg/ (+1ms) 
23:08:39   ├─ /charts/e/e_MX90J81EYDE/backfill-064bcdd1c2d3-b1.svg/ (+1ms) 
23:08:39   ├─ /charts/e/e_MX90J81EYDE/niche-064bcdd1c2d3-b1.svg/ (+0ms) 
23:08:39   ├─ /charts/e/e_MX90J81EYDE/changes-064bcdd1c2d3-b1.svg/ (+1ms) 
23:08:39   ├─ /charts/e/e_MX90J81EYDE/commits-be624cbf9aec-b1.svg/ (+1ms) 
23:08:39   ├─ /charts/e/e_MX90J81EYDE/heatmap-be624cbf9aec-b1.svg/ (+0ms) 
23:08:39   ├─ /charts/e/e_MX90J81EYDE/backfill-be624cbf9aec-b1.svg/ (+1ms) 
23:08:39   ├─ /charts/e/e_MX90J81EYDE/niche-be624cbf9aec-b1.svg/ (+0ms) 
23:08:39   ├─ /charts/e/e_MX90J81EYDE/changes-be624cbf9aec-b1.svg/ (+0ms) 
23:08:39   ├─ /charts/e/e_MX90J81EYDE/commits-fe618519ff6a-b1.svg/ (+0ms) 
23:08:39   ├─ /charts/e/e_MX90J81EYDE/heatmap-fe618519ff6a-b1.svg/ (+0ms) 
23:08:39   ├─ /charts/e/e_MX90J81EYDE/backfill-fe618519ff6a-b1.svg/ (+2ms) 
23:08:39   ├─ /charts/e/e_MX90J81EYDE/niche-fe618519ff6a-b1.svg/ (+0ms) 
23:08:39   ├─ /charts/e/e_MX90J81EYDE/changes-fe618519ff6a-b1.svg/ (+1ms) 
23:08:39   ├─ /charts/e/e_MX90J81EYDE/commits-035a72a81e59-b1.svg/ (+1ms) 
23:08:39   ├─ /charts/e/e_MX90J81EYDE/heatmap-035a72a81e59-b1.svg/ (+1ms) 
23:08:39   ├─ /charts/e/e_MX90J81EYDE/backfill-035a72a81e59-b1.svg/ (+2ms) 
23:08:40   ├─ /charts/e/e_MX90J81EYDE/niche-035a72a81e59-b1.svg/ (+0ms) 
23:08:40   ├─ /charts/e/e_MX90J81EYDE/changes-035a72a81e59-b1.svg/ (+0ms) 
23:08:40   ├─ /charts/e/e_MX90J81EYDE/commits-9d18a826a3f1-b1.svg/ (+0ms) 
23:08:40   ├─ /charts/e/e_MX90J81EYDE/heatmap-9d18a826a3f1-b1.svg/ (+0ms) 
23:08:40   ├─ /charts/e/e_MX90J81EYDE/backfill-9d18a826a3f1-b1.svg/ (+1ms) 
23:08:40   ├─ /charts/e/e_MX90J81EYDE/niche-9d18a826a3f1-b1.svg/ (+2ms) 
23:08:40   ├─ /charts/e/e_MX90J81EYDE/changes-9d18a826a3f1-b1.svg/ (+1ms) 
23:08:40   ├─ /charts/e/e_MX90J81EYDE/commits-66cffe06e8cb-b1.svg/ (+0ms) 
23:08:40   ├─ /charts/e/e_MX90J81EYDE/heatmap-66cffe06e8cb-b1.svg/ (+0ms) 
23:08:40   ├─ /charts/e/e_MX90J81EYDE/backfill-66cffe06e8cb-b1.svg/ (+0ms) 
23:08:40   ├─ /charts/e/e_MX90J81EYDE/niche-66cffe06e8cb-b1.svg/ (+1ms) 
23:08:40   ├─ /charts/e/e_MX90J81EYDE/changes-66cffe06e8cb-b1.svg/ (+1ms) 
23:08:40   ├─ /charts/e/e_MX90J81EYDE/commits-46cf326e7985-b1.svg/ (+1ms) 
23:08:40   ├─ /charts/e/e_MX90J81EYDE/heatmap-46cf326e7985-b1.svg/ (+1ms) 
23:08:40   ├─ /charts/e/e_MX90J81EYDE/backfill-46cf326e7985-b1.svg/ (+0ms) 
23:08:40   ├─ /charts/e/e_MX90J81EYDE/niche-46cf326e7985-b1.svg/ (+0ms) 
23:08:40   ├─ /charts/e/e_MX90J81EYDE/changes-46cf326e7985-b1.svg/ (+0ms) 
23:08:40   ├─ /charts/e/e_MX90J81EYDE/commits-515920e4ea3f-b1.svg/ (+0ms) 
23:08:40   ├─ /charts/e/e_MX90J81EYDE/heatmap-515920e4ea3f-b1.svg/ (+0ms) 
23:08:40   ├─ /charts/e/e_MX90J81EYDE/backfill-515920e4ea3f-b1.svg/ (+1ms) 
23:08:40   ├─ /charts/e/e_MX90J81EYDE/niche-515920e4ea3f-b1.svg/ (+0ms) 
23:08:40   ├─ /charts/e/e_MX90J81EYDE/changes-515920e4ea3f-b1.svg/ (+0ms) 
23:08:40   ├─ /charts/e/e_MX90J81EYDE/commits-0a7b1714d0ad-b1.svg/ (+0ms) 
23:08:40   ├─ /charts/e/e_MX90J81EYDE/heatmap-0a7b1714d0ad-b1.svg/ (+0ms) 
23:08:40   ├─ /charts/e/e_MX90J81EYDE/backfill-0a7b1714d0ad-b1.svg/ (+0ms) 
23:08:40   ├─ /charts/e/e_MX90J81EYDE/niche-0a7b1714d0ad-b1.svg/ (+0ms) 
23:08:40   ├─ /charts/e/e_MX90J81EYDE/changes-0a7b1714d0ad-b1.svg/ (+0ms) 
23:08:40   ├─ /charts/e/e_MX90J81EYDE/commits-fcfd3a7ccdcb-b1.svg/ (+0ms) 
23:08:40   ├─ /charts/e/e_MX90J81EYDE/heatmap-fcfd3a7ccdcb-b1.svg/ (+0ms) 
23:08:40   ├─ /charts/e/e_MX90J81EYDE/dependents-fcfd3a7ccdcb-b1.svg/ (+0ms) 
23:08:40   ├─ /charts/e/e_MX90J81EYDE/backfill-fcfd3a7ccdcb-b1.svg/ (+1ms) 
23:08:40   ├─ /charts/e/e_MX90J81EYDE/niche-fcfd3a7ccdcb-b1.svg/ (+1ms) 
23:08:40   ├─ /charts/e/e_MX90J81EYDE/changes-fcfd3a7ccdcb-b1.svg/ (+0ms) 
23:08:40   ├─ /charts/e/e_NA2QKMK6XZM/commits-f1f2495d518d-b1.svg/ (+0ms) 
23:08:40   ├─ /charts/e/e_NA2QKMK6XZM/heatmap-f1f2495d518d-b1.svg/ (+0ms) 
23:08:40   ├─ /charts/e/e_NA2QKMK6XZM/citations-f1f2495d518d-b1.svg/ (+1ms) 
23:08:40   ├─ /charts/e/e_NA2QKMK6XZM/niche-f1f2495d518d-b1.svg/ (+0ms) 
23:08:40   ├─ /charts/e/e_NA2QKMK6XZM/changes-f1f2495d518d-b1.svg/ (+1ms) 
23:08:40   ├─ /charts/e/e_NA2QKMK6XZM/commits-f1f2495d518d-b1.svg/ (+0ms) 
23:08:40   ├─ /charts/e/e_NA2QKMK6XZM/heatmap-f1f2495d518d-b1.svg/ (+0ms) 
23:08:40   ├─ /charts/e/e_NA2QKMK6XZM/citations-f1f2495d518d-b1.svg/ (+1ms) 
23:08:40   ├─ /charts/e/e_NA2QKMK6XZM/niche-f1f2495d518d-b1.svg/ (+0ms) 
23:08:40   ├─ /charts/e/e_NA2QKMK6XZM/changes-f1f2495d518d-b1.svg/ (+0ms) 
23:08:40   ├─ /charts/e/e_NA2QKMK6XZM/commits-7e6b5bcfba2a-b1.svg/ (+1ms) 
23:08:40   ├─ /charts/e/e_NA2QKMK6XZM/heatmap-7e6b5bcfba2a-b1.svg/ (+0ms) 
23:08:40   ├─ /charts/e/e_NA2QKMK6XZM/citations-7e6b5bcfba2a-b1.svg/ (+0ms) 
23:08:40   ├─ /charts/e/e_NA2QKMK6XZM/niche-7e6b5bcfba2a-b1.svg/ (+0ms) 
23:08:40   ├─ /charts/e/e_NA2QKMK6XZM/changes-7e6b5bcfba2a-b1.svg/ (+0ms) 
23:08:40   ├─ /charts/e/e_NA2QKMK6XZM/commits-df540ea0d40d-b1.svg/ (+0ms) 
23:08:40   ├─ /charts/e/e_NA2QKMK6XZM/heatmap-df540ea0d40d-b1.svg/ (+0ms) 
23:08:40   ├─ /charts/e/e_NA2QKMK6XZM/citations-df540ea0d40d-b1.svg/ (+0ms) 
23:08:40   ├─ /charts/e/e_NA2QKMK6XZM/niche-df540ea0d40d-b1.svg/ (+0ms) 
23:08:40   ├─ /charts/e/e_NA2QKMK6XZM/changes-df540ea0d40d-b1.svg/ (+0ms) 
23:08:40   ├─ /charts/e/e_NA2QKMK6XZM/commits-064bcdd1c2d3-b1.svg/ (+2ms) 
23:08:40   ├─ /charts/e/e_NA2QKMK6XZM/heatmap-064bcdd1c2d3-b1.svg/ (+1ms) 
23:08:40   ├─ /charts/e/e_NA2QKMK6XZM/citations-064bcdd1c2d3-b1.svg/ (+1ms) 
23:08:40   ├─ /charts/e/e_NA2QKMK6XZM/niche-064bcdd1c2d3-b1.svg/ (+0ms) 
23:08:40   ├─ /charts/e/e_NA2QKMK6XZM/changes-064bcdd1c2d3-b1.svg/ (+0ms) 
23:08:40   ├─ /charts/e/e_NA2QKMK6XZM/commits-be624cbf9aec-b1.svg/ (+0ms) 
23:08:40   ├─ /charts/e/e_NA2QKMK6XZM/heatmap-be624cbf9aec-b1.svg/ (+0ms) 
23:08:40   ├─ /charts/e/e_NA2QKMK6XZM/citations-be624cbf9aec-b1.svg/ (+0ms) 
23:08:40   ├─ /charts/e/e_NA2QKMK6XZM/niche-be624cbf9aec-b1.svg/ (+1ms) 
23:08:40   ├─ /charts/e/e_NA2QKMK6XZM/changes-be624cbf9aec-b1.svg/ (+0ms) 
23:08:40   ├─ /charts/e/e_NA2QKMK6XZM/commits-fe618519ff6a-b1.svg/ (+1ms) 
23:08:40   ├─ /charts/e/e_NA2QKMK6XZM/heatmap-fe618519ff6a-b1.svg/ (+1ms) 
23:08:40   ├─ /charts/e/e_NA2QKMK6XZM/citations-fe618519ff6a-b1.svg/ (+0ms) 
23:08:40   ├─ /charts/e/e_NA2QKMK6XZM/niche-fe618519ff6a-b1.svg/ (+1ms) 
23:08:40   ├─ /charts/e/e_NA2QKMK6XZM/changes-fe618519ff6a-b1.svg/ (+0ms) 
23:08:40   ├─ /charts/e/e_NA2QKMK6XZM/commits-035a72a81e59-b1.svg/ (+0ms) 
23:08:40   ├─ /charts/e/e_NA2QKMK6XZM/heatmap-035a72a81e59-b1.svg/ (+0ms) 
23:08:40   ├─ /charts/e/e_NA2QKMK6XZM/citations-035a72a81e59-b1.svg/ (+2ms) 
23:08:40   ├─ /charts/e/e_NA2QKMK6XZM/niche-035a72a81e59-b1.svg/ (+0ms) 
23:08:40   ├─ /charts/e/e_NA2QKMK6XZM/changes-035a72a81e59-b1.svg/ (+0ms) 
23:08:40   ├─ /charts/e/e_NA2QKMK6XZM/commits-9d18a826a3f1-b1.svg/ (+0ms) 
23:08:40   ├─ /charts/e/e_NA2QKMK6XZM/heatmap-9d18a826a3f1-b1.svg/ (+0ms) 
23:08:40   ├─ /charts/e/e_NA2QKMK6XZM/citations-9d18a826a3f1-b1.svg/ (+0ms) 
23:08:40   ├─ /charts/e/e_NA2QKMK6XZM/niche-9d18a826a3f1-b1.svg/ (+1ms) 
23:08:40   ├─ /charts/e/e_NA2QKMK6XZM/changes-9d18a826a3f1-b1.svg/ (+1ms) 
23:08:40   ├─ /charts/e/e_NA2QKMK6XZM/commits-66cffe06e8cb-b1.svg/ (+1ms) 
23:08:40   ├─ /charts/e/e_NA2QKMK6XZM/heatmap-66cffe06e8cb-b1.svg/ (+0ms) 
23:08:40   ├─ /charts/e/e_NA2QKMK6XZM/citations-66cffe06e8cb-b1.svg/ (+1ms) 
23:08:40   ├─ /charts/e/e_NA2QKMK6XZM/niche-66cffe06e8cb-b1.svg/ (+1ms) 
23:08:40   ├─ /charts/e/e_NA2QKMK6XZM/changes-66cffe06e8cb-b1.svg/ (+0ms) 
23:08:40   ├─ /charts/e/e_NA2QKMK6XZM/commits-46cf326e7985-b1.svg/ (+0ms) 
23:08:40   ├─ /charts/e/e_NA2QKMK6XZM/heatmap-46cf326e7985-b1.svg/ (+1ms) 
23:08:40   ├─ /charts/e/e_NA2QKMK6XZM/citations-46cf326e7985-b1.svg/ (+1ms) 
23:08:40   ├─ /charts/e/e_NA2QKMK6XZM/niche-46cf326e7985-b1.svg/ (+0ms) 
23:08:40   ├─ /charts/e/e_NA2QKMK6XZM/changes-46cf326e7985-b1.svg/ (+1ms) 
23:08:40   ├─ /charts/e/e_NA2QKMK6XZM/commits-515920e4ea3f-b1.svg/ (+0ms) 
23:08:40   ├─ /charts/e/e_NA2QKMK6XZM/heatmap-515920e4ea3f-b1.svg/ (+0ms) 
23:08:40   ├─ /charts/e/e_NA2QKMK6XZM/citations-515920e4ea3f-b1.svg/ (+0ms) 
23:08:40   ├─ /charts/e/e_NA2QKMK6XZM/niche-515920e4ea3f-b1.svg/ (+0ms) 
23:08:40   ├─ /charts/e/e_NA2QKMK6XZM/changes-515920e4ea3f-b1.svg/ (+1ms) 
23:08:40   ├─ /charts/e/e_NA2QKMK6XZM/commits-0a7b1714d0ad-b1.svg/ (+0ms) 
23:08:40   ├─ /charts/e/e_NA2QKMK6XZM/heatmap-0a7b1714d0ad-b1.svg/ (+0ms) 
23:08:40   ├─ /charts/e/e_NA2QKMK6XZM/citations-0a7b1714d0ad-b1.svg/ (+0ms) 
23:08:40   ├─ /charts/e/e_NA2QKMK6XZM/niche-0a7b1714d0ad-b1.svg/ (+0ms) 
23:08:40   ├─ /charts/e/e_NA2QKMK6XZM/changes-0a7b1714d0ad-b1.svg/ (+0ms) 
23:08:40   ├─ /charts/e/e_NA2QKMK6XZM/commits-fcfd3a7ccdcb-b1.svg/ (+0ms) 
23:08:40   ├─ /charts/e/e_NA2QKMK6XZM/heatmap-fcfd3a7ccdcb-b1.svg/ (+0ms) 
23:08:40   ├─ /charts/e/e_NA2QKMK6XZM/citations-fcfd3a7ccdcb-b1.svg/ (+0ms) 
23:08:40   ├─ /charts/e/e_NA2QKMK6XZM/niche-fcfd3a7ccdcb-b1.svg/ (+0ms) 
23:08:40   ├─ /charts/e/e_NA2QKMK6XZM/changes-fcfd3a7ccdcb-b1.svg/ (+0ms) 
23:08:40   ├─ /charts/e/e_PCV8H6P7B04/commits-8b04a522dda1-b1.svg/ (+0ms) 
23:08:40   ├─ /charts/e/e_PCV8H6P7B04/heatmap-8b04a522dda1-b1.svg/ (+0ms) 
23:08:40   ├─ /charts/e/e_PCV8H6P7B04/backfill-8b04a522dda1-b1.svg/ (+1ms) 
23:08:40   ├─ /charts/e/e_PCV8H6P7B04/niche-8b04a522dda1-b1.svg/ (+0ms) 
23:08:40   ├─ /charts/e/e_PCV8H6P7B04/changes-8b04a522dda1-b1.svg/ (+0ms) 
23:08:40   ├─ /charts/e/e_PCV8H6P7B04/commits-f1f2495d518d-b1.svg/ (+1ms) 
23:08:40   ├─ /charts/e/e_PCV8H6P7B04/heatmap-f1f2495d518d-b1.svg/ (+0ms) 
23:08:40   ├─ /charts/e/e_PCV8H6P7B04/backfill-f1f2495d518d-b1.svg/ (+0ms) 
23:08:40   ├─ /charts/e/e_PCV8H6P7B04/niche-f1f2495d518d-b1.svg/ (+0ms) 
23:08:40   ├─ /charts/e/e_PCV8H6P7B04/changes-f1f2495d518d-b1.svg/ (+0ms) 
23:08:40   ├─ /charts/e/e_PCV8H6P7B04/commits-f1f2495d518d-b1.svg/ (+0ms) 
23:08:40   ├─ /charts/e/e_PCV8H6P7B04/heatmap-f1f2495d518d-b1.svg/ (+0ms) 
23:08:40   ├─ /charts/e/e_PCV8H6P7B04/backfill-f1f2495d518d-b1.svg/ (+0ms) 
23:08:40   ├─ /charts/e/e_PCV8H6P7B04/niche-f1f2495d518d-b1.svg/ (+0ms) 
23:08:40   ├─ /charts/e/e_PCV8H6P7B04/changes-f1f2495d518d-b1.svg/ (+1ms) 
23:08:40   ├─ /charts/e/e_PCV8H6P7B04/commits-7e6b5bcfba2a-b1.svg/ (+1ms) 
23:08:40   ├─ /charts/e/e_PCV8H6P7B04/heatmap-7e6b5bcfba2a-b1.svg/ (+0ms) 
23:08:40   ├─ /charts/e/e_PCV8H6P7B04/backfill-7e6b5bcfba2a-b1.svg/ (+0ms) 
23:08:40   ├─ /charts/e/e_PCV8H6P7B04/niche-7e6b5bcfba2a-b1.svg/ (+0ms) 
23:08:40   ├─ /charts/e/e_PCV8H6P7B04/changes-7e6b5bcfba2a-b1.svg/ (+0ms) 
23:08:40   ├─ /charts/e/e_PCV8H6P7B04/commits-df540ea0d40d-b1.svg/ (+0ms) 
23:08:40   ├─ /charts/e/e_PCV8H6P7B04/heatmap-df540ea0d40d-b1.svg/ (+0ms) 
23:08:40   ├─ /charts/e/e_PCV8H6P7B04/backfill-df540ea0d40d-b1.svg/ (+0ms) 
23:08:40   ├─ /charts/e/e_PCV8H6P7B04/niche-df540ea0d40d-b1.svg/ (+0ms) 
23:08:40   ├─ /charts/e/e_PCV8H6P7B04/changes-df540ea0d40d-b1.svg/ (+0ms) 
23:08:40   ├─ /charts/e/e_PCV8H6P7B04/commits-064bcdd1c2d3-b1.svg/ (+0ms) 
23:08:40   ├─ /charts/e/e_PCV8H6P7B04/heatmap-064bcdd1c2d3-b1.svg/ (+0ms) 
23:08:40   ├─ /charts/e/e_PCV8H6P7B04/backfill-064bcdd1c2d3-b1.svg/ (+0ms) 
23:08:40   ├─ /charts/e/e_PCV8H6P7B04/niche-064bcdd1c2d3-b1.svg/ (+0ms) 
23:08:40   ├─ /charts/e/e_PCV8H6P7B04/changes-064bcdd1c2d3-b1.svg/ (+0ms) 
23:08:40   ├─ /charts/e/e_PCV8H6P7B04/commits-be624cbf9aec-b1.svg/ (+0ms) 
23:08:40   ├─ /charts/e/e_PCV8H6P7B04/heatmap-be624cbf9aec-b1.svg/ (+0ms) 
23:08:40   ├─ /charts/e/e_PCV8H6P7B04/backfill-be624cbf9aec-b1.svg/ (+0ms) 
23:08:40   ├─ /charts/e/e_PCV8H6P7B04/niche-be624cbf9aec-b1.svg/ (+0ms) 
23:08:40   ├─ /charts/e/e_PCV8H6P7B04/changes-be624cbf9aec-b1.svg/ (+0ms) 
23:08:40   ├─ /charts/e/e_PCV8H6P7B04/commits-fe618519ff6a-b1.svg/ (+0ms) 
23:08:40   ├─ /charts/e/e_PCV8H6P7B04/heatmap-fe618519ff6a-b1.svg/ (+0ms) 
23:08:40   ├─ /charts/e/e_PCV8H6P7B04/backfill-fe618519ff6a-b1.svg/ (+0ms) 
23:08:40   ├─ /charts/e/e_PCV8H6P7B04/niche-fe618519ff6a-b1.svg/ (+0ms) 
23:08:40   ├─ /charts/e/e_PCV8H6P7B04/changes-fe618519ff6a-b1.svg/ (+0ms) 
23:08:40   ├─ /charts/e/e_PCV8H6P7B04/commits-035a72a81e59-b1.svg/ (+0ms) 
23:08:40   ├─ /charts/e/e_PCV8H6P7B04/heatmap-035a72a81e59-b1.svg/ (+1ms) 
23:08:40   ├─ /charts/e/e_PCV8H6P7B04/backfill-035a72a81e59-b1.svg/ (+1ms) 
23:08:40   ├─ /charts/e/e_PCV8H6P7B04/niche-035a72a81e59-b1.svg/ (+3ms) 
23:08:40   ├─ /charts/e/e_PCV8H6P7B04/changes-035a72a81e59-b1.svg/ (+1ms) 
23:08:40   ├─ /charts/e/e_PCV8H6P7B04/commits-9d18a826a3f1-b1.svg/ (+0ms) 
23:08:40   ├─ /charts/e/e_PCV8H6P7B04/heatmap-9d18a826a3f1-b1.svg/ (+1ms) 
23:08:40   ├─ /charts/e/e_PCV8H6P7B04/backfill-9d18a826a3f1-b1.svg/ (+0ms) 
23:08:40   ├─ /charts/e/e_PCV8H6P7B04/niche-9d18a826a3f1-b1.svg/ (+0ms) 
23:08:40   ├─ /charts/e/e_PCV8H6P7B04/changes-9d18a826a3f1-b1.svg/ (+0ms) 
23:08:40   ├─ /charts/e/e_PCV8H6P7B04/commits-66cffe06e8cb-b1.svg/ (+0ms) 
23:08:40   ├─ /charts/e/e_PCV8H6P7B04/heatmap-66cffe06e8cb-b1.svg/ (+0ms) 
23:08:40   ├─ /charts/e/e_PCV8H6P7B04/backfill-66cffe06e8cb-b1.svg/ (+0ms) 
23:08:40   ├─ /charts/e/e_PCV8H6P7B04/niche-66cffe06e8cb-b1.svg/ (+0ms) 
23:08:40   ├─ /charts/e/e_PCV8H6P7B04/changes-66cffe06e8cb-b1.svg/ (+0ms) 
23:08:40   ├─ /charts/e/e_PCV8H6P7B04/commits-46cf326e7985-b1.svg/ (+1ms) 
23:08:40   ├─ /charts/e/e_PCV8H6P7B04/heatmap-46cf326e7985-b1.svg/ (+0ms) 
23:08:40   ├─ /charts/e/e_PCV8H6P7B04/backfill-46cf326e7985-b1.svg/ (+0ms) 
23:08:40   ├─ /charts/e/e_PCV8H6P7B04/niche-46cf326e7985-b1.svg/ (+0ms) 
23:08:40   ├─ /charts/e/e_PCV8H6P7B04/changes-46cf326e7985-b1.svg/ (+0ms) 
23:08:40   ├─ /charts/e/e_PCV8H6P7B04/commits-515920e4ea3f-b1.svg/ (+0ms) 
23:08:40   ├─ /charts/e/e_PCV8H6P7B04/heatmap-515920e4ea3f-b1.svg/ (+0ms) 
23:08:40   ├─ /charts/e/e_PCV8H6P7B04/backfill-515920e4ea3f-b1.svg/ (+1ms) 
23:08:40   ├─ /charts/e/e_PCV8H6P7B04/niche-515920e4ea3f-b1.svg/ (+0ms) 
23:08:40   ├─ /charts/e/e_PCV8H6P7B04/changes-515920e4ea3f-b1.svg/ (+2ms) 
23:08:40   ├─ /charts/e/e_PCV8H6P7B04/commits-0a7b1714d0ad-b1.svg/ (+1ms) 
23:08:40   ├─ /charts/e/e_PCV8H6P7B04/heatmap-0a7b1714d0ad-b1.svg/ (+0ms) 
23:08:40   ├─ /charts/e/e_PCV8H6P7B04/backfill-0a7b1714d0ad-b1.svg/ (+0ms) 
23:08:40   ├─ /charts/e/e_PCV8H6P7B04/niche-0a7b1714d0ad-b1.svg/ (+0ms) 
23:08:40   ├─ /charts/e/e_PCV8H6P7B04/changes-0a7b1714d0ad-b1.svg/ (+0ms) 
23:08:40   ├─ /charts/e/e_PCV8H6P7B04/commits-fcfd3a7ccdcb-b1.svg/ (+1ms) 
23:08:40   ├─ /charts/e/e_PCV8H6P7B04/heatmap-fcfd3a7ccdcb-b1.svg/ (+0ms) 
23:08:40   ├─ /charts/e/e_PCV8H6P7B04/backfill-fcfd3a7ccdcb-b1.svg/ (+0ms) 
23:08:40   ├─ /charts/e/e_PCV8H6P7B04/niche-fcfd3a7ccdcb-b1.svg/ (+0ms) 
23:08:40   ├─ /charts/e/e_PCV8H6P7B04/changes-fcfd3a7ccdcb-b1.svg/ (+0ms) 
23:08:40   ├─ /charts/e/e_PJKJBCHCEFY/commits-515920e4ea3f-b1.svg/ (+1ms) 
23:08:40   ├─ /charts/e/e_PJKJBCHCEFY/heatmap-515920e4ea3f-b1.svg/ (+0ms) 
23:08:40   ├─ /charts/e/e_PJKJBCHCEFY/backfill-515920e4ea3f-b1.svg/ (+1ms) 
23:08:40   ├─ /charts/e/e_PJKJBCHCEFY/niche-515920e4ea3f-b1.svg/ (+0ms) 
23:08:40   ├─ /charts/e/e_PJKJBCHCEFY/changes-515920e4ea3f-b1.svg/ (+0ms) 
23:08:40   ├─ /charts/e/e_PJKJBCHCEFY/commits-0a7b1714d0ad-b1.svg/ (+1ms) 
23:08:40   ├─ /charts/e/e_PJKJBCHCEFY/heatmap-0a7b1714d0ad-b1.svg/ (+0ms) 
23:08:40   ├─ /charts/e/e_PJKJBCHCEFY/backfill-0a7b1714d0ad-b1.svg/ (+0ms) 
23:08:40   ├─ /charts/e/e_PJKJBCHCEFY/niche-0a7b1714d0ad-b1.svg/ (+1ms) 
23:08:40   ├─ /charts/e/e_PJKJBCHCEFY/changes-0a7b1714d0ad-b1.svg/ (+11ms) 
23:08:40   ├─ /charts/e/e_PJKJBCHCEFY/commits-fcfd3a7ccdcb-b1.svg/ (+4ms) 
23:08:40   ├─ /charts/e/e_PJKJBCHCEFY/heatmap-fcfd3a7ccdcb-b1.svg/ (+1ms) 
23:08:40   ├─ /charts/e/e_PJKJBCHCEFY/backfill-fcfd3a7ccdcb-b1.svg/ (+1ms) 
23:08:40   ├─ /charts/e/e_PJKJBCHCEFY/niche-fcfd3a7ccdcb-b1.svg/ (+1ms) 
23:08:40   ├─ /charts/e/e_PJKJBCHCEFY/changes-fcfd3a7ccdcb-b1.svg/ (+2ms) 
23:08:40   ├─ /charts/e/e_PRCZN95ZV2R/commits-515920e4ea3f-b1.svg/ (+4ms) 
23:08:40   ├─ /charts/e/e_PRCZN95ZV2R/heatmap-515920e4ea3f-b1.svg/ (+1ms) 
23:08:40   ├─ /charts/e/e_PRCZN95ZV2R/backfill-515920e4ea3f-b1.svg/ (+5ms) 
23:08:40   ├─ /charts/e/e_PRCZN95ZV2R/niche-515920e4ea3f-b1.svg/ (+1ms) 
23:08:40   ├─ /charts/e/e_PRCZN95ZV2R/changes-515920e4ea3f-b1.svg/ (+2ms) 
23:08:40   ├─ /charts/e/e_PRCZN95ZV2R/commits-0a7b1714d0ad-b1.svg/ (+3ms) 
23:08:40   ├─ /charts/e/e_PRCZN95ZV2R/heatmap-0a7b1714d0ad-b1.svg/ (+1ms) 
23:08:40   ├─ /charts/e/e_PRCZN95ZV2R/backfill-0a7b1714d0ad-b1.svg/ (+1ms) 
23:08:40   ├─ /charts/e/e_PRCZN95ZV2R/niche-0a7b1714d0ad-b1.svg/ (+1ms) 
23:08:40   ├─ /charts/e/e_PRCZN95ZV2R/changes-0a7b1714d0ad-b1.svg/ (+2ms) 
23:08:40   ├─ /charts/e/e_PRCZN95ZV2R/commits-fcfd3a7ccdcb-b1.svg/ (+3ms) 
23:08:40   ├─ /charts/e/e_PRCZN95ZV2R/heatmap-fcfd3a7ccdcb-b1.svg/ (+1ms) 
23:08:40   ├─ /charts/e/e_PRCZN95ZV2R/backfill-fcfd3a7ccdcb-b1.svg/ (+1ms) 
23:08:40   ├─ /charts/e/e_PRCZN95ZV2R/niche-fcfd3a7ccdcb-b1.svg/ (+1ms) 
23:08:40   ├─ /charts/e/e_PRCZN95ZV2R/changes-fcfd3a7ccdcb-b1.svg/ (+2ms) 
23:08:40   ├─ /charts/e/e_Q4X4XZ13Y2W/commits-515920e4ea3f-b1.svg/ (+1ms) 
23:08:40   ├─ /charts/e/e_Q4X4XZ13Y2W/heatmap-515920e4ea3f-b1.svg/ (+2ms) 
23:08:40   ├─ /charts/e/e_Q4X4XZ13Y2W/backfill-515920e4ea3f-b1.svg/ (+4ms) 
23:08:40   ├─ /charts/e/e_Q4X4XZ13Y2W/niche-515920e4ea3f-b1.svg/ (+2ms) 
23:08:40   ├─ /charts/e/e_Q4X4XZ13Y2W/changes-515920e4ea3f-b1.svg/ (+5ms) 
23:08:40   ├─ /charts/e/e_Q4X4XZ13Y2W/commits-0a7b1714d0ad-b1.svg/ (+4ms) 
23:08:40   ├─ /charts/e/e_Q4X4XZ13Y2W/heatmap-0a7b1714d0ad-b1.svg/ (+1ms) 
23:08:40   ├─ /charts/e/e_Q4X4XZ13Y2W/backfill-0a7b1714d0ad-b1.svg/ (+1ms) 
23:08:40   ├─ /charts/e/e_Q4X4XZ13Y2W/niche-0a7b1714d0ad-b1.svg/ (+1ms) 
23:08:40   ├─ /charts/e/e_Q4X4XZ13Y2W/changes-0a7b1714d0ad-b1.svg/ (+0ms) 
23:08:40   ├─ /charts/e/e_Q4X4XZ13Y2W/commits-fcfd3a7ccdcb-b1.svg/ (+2ms) 
23:08:40   ├─ /charts/e/e_Q4X4XZ13Y2W/heatmap-fcfd3a7ccdcb-b1.svg/ (+1ms) 
23:08:40   ├─ /charts/e/e_Q4X4XZ13Y2W/backfill-fcfd3a7ccdcb-b1.svg/ (+1ms) 
23:08:40   ├─ /charts/e/e_Q4X4XZ13Y2W/niche-fcfd3a7ccdcb-b1.svg/ (+4ms) 
23:08:40   ├─ /charts/e/e_Q4X4XZ13Y2W/changes-fcfd3a7ccdcb-b1.svg/ (+1ms) 
23:08:40   ├─ /charts/e/e_R372CCSVG44/commits-8b04a522dda1-b1.svg/ (+5ms) 
23:08:40   ├─ /charts/e/e_R372CCSVG44/heatmap-8b04a522dda1-b1.svg/ (+3ms) 
23:08:40   ├─ /charts/e/e_R372CCSVG44/niche-8b04a522dda1-b1.svg/ (+1ms) 
23:08:40   ├─ /charts/e/e_R372CCSVG44/changes-8b04a522dda1-b1.svg/ (+1ms) 
23:08:40   ├─ /charts/e/e_R372CCSVG44/commits-f1f2495d518d-b1.svg/ (+3ms) 
23:08:40   ├─ /charts/e/e_R372CCSVG44/heatmap-f1f2495d518d-b1.svg/ (+1ms) 
23:08:40   ├─ /charts/e/e_R372CCSVG44/niche-f1f2495d518d-b1.svg/ (+1ms) 
23:08:40   ├─ /charts/e/e_R372CCSVG44/changes-f1f2495d518d-b1.svg/ (+1ms) 
23:08:40   ├─ /charts/e/e_R372CCSVG44/commits-f1f2495d518d-b1.svg/ (+1ms) 
23:08:40   ├─ /charts/e/e_R372CCSVG44/heatmap-f1f2495d518d-b1.svg/ (+1ms) 
23:08:40   ├─ /charts/e/e_R372CCSVG44/niche-f1f2495d518d-b1.svg/ (+0ms) 
23:08:40   ├─ /charts/e/e_R372CCSVG44/changes-f1f2495d518d-b1.svg/ (+1ms) 
23:08:40   ├─ /charts/e/e_R372CCSVG44/commits-7e6b5bcfba2a-b1.svg/ (+0ms) 
23:08:40   ├─ /charts/e/e_R372CCSVG44/heatmap-7e6b5bcfba2a-b1.svg/ (+2ms) 
23:08:40   ├─ /charts/e/e_R372CCSVG44/citations-7e6b5bcfba2a-b1.svg/ (+1ms) 
23:08:40   ├─ /charts/e/e_R372CCSVG44/daily-7e6b5bcfba2a-b1.svg/ (+1ms) 
23:08:40   ├─ /charts/e/e_R372CCSVG44/niche-7e6b5bcfba2a-b1.svg/ (+0ms) 
23:08:40   ├─ /charts/e/e_R372CCSVG44/changes-7e6b5bcfba2a-b1.svg/ (+0ms) 
23:08:40   ├─ /charts/e/e_R372CCSVG44/commits-df540ea0d40d-b1.svg/ (+2ms) 
23:08:40   ├─ /charts/e/e_R372CCSVG44/heatmap-df540ea0d40d-b1.svg/ (+1ms) 
23:08:40   ├─ /charts/e/e_R372CCSVG44/citations-df540ea0d40d-b1.svg/ (+1ms) 
23:08:40   ├─ /charts/e/e_R372CCSVG44/daily-df540ea0d40d-b1.svg/ (+1ms) 
23:08:40   ├─ /charts/e/e_R372CCSVG44/niche-df540ea0d40d-b1.svg/ (+0ms) 
23:08:40   ├─ /charts/e/e_R372CCSVG44/changes-df540ea0d40d-b1.svg/ (+0ms) 
23:08:40   ├─ /charts/e/e_R372CCSVG44/commits-064bcdd1c2d3-b1.svg/ (+4ms) 
23:08:40   ├─ /charts/e/e_R372CCSVG44/heatmap-064bcdd1c2d3-b1.svg/ (+0ms) 
23:08:40   ├─ /charts/e/e_R372CCSVG44/citations-064bcdd1c2d3-b1.svg/ (+0ms) 
23:08:40   ├─ /charts/e/e_R372CCSVG44/daily-064bcdd1c2d3-b1.svg/ (+2ms) 
23:08:40   ├─ /charts/e/e_R372CCSVG44/niche-064bcdd1c2d3-b1.svg/ (+1ms) 
23:08:40   ├─ /charts/e/e_R372CCSVG44/changes-064bcdd1c2d3-b1.svg/ (+3ms) 
23:08:40   ├─ /charts/e/e_R372CCSVG44/commits-be624cbf9aec-b1.svg/ (+2ms) 
23:08:40   ├─ /charts/e/e_R372CCSVG44/heatmap-be624cbf9aec-b1.svg/ (+3ms) 
23:08:40   ├─ /charts/e/e_R372CCSVG44/citations-be624cbf9aec-b1.svg/ (+1ms) 
23:08:40   ├─ /charts/e/e_R372CCSVG44/daily-be624cbf9aec-b1.svg/ (+2ms) 
23:08:40   ├─ /charts/e/e_R372CCSVG44/niche-be624cbf9aec-b1.svg/ (+1ms) 
23:08:40   ├─ /charts/e/e_R372CCSVG44/changes-be624cbf9aec-b1.svg/ (+1ms) 
23:08:40   ├─ /charts/e/e_R372CCSVG44/commits-fe618519ff6a-b1.svg/ (+6ms) 
23:08:40   ├─ /charts/e/e_R372CCSVG44/heatmap-fe618519ff6a-b1.svg/ (+2ms) 
23:08:40   ├─ /charts/e/e_R372CCSVG44/citations-fe618519ff6a-b1.svg/ (+1ms) 
23:08:40   ├─ /charts/e/e_R372CCSVG44/daily-fe618519ff6a-b1.svg/ (+1ms) 
23:08:40   ├─ /charts/e/e_R372CCSVG44/niche-fe618519ff6a-b1.svg/ (+1ms) 
23:08:40   ├─ /charts/e/e_R372CCSVG44/changes-fe618519ff6a-b1.svg/ (+1ms) 
23:08:40   ├─ /charts/e/e_R372CCSVG44/commits-035a72a81e59-b1.svg/ (+1ms) 
23:08:40   ├─ /charts/e/e_R372CCSVG44/heatmap-035a72a81e59-b1.svg/ (+1ms) 
23:08:40   ├─ /charts/e/e_R372CCSVG44/citations-035a72a81e59-b1.svg/ (+1ms) 
23:08:40   ├─ /charts/e/e_R372CCSVG44/daily-035a72a81e59-b1.svg/ (+1ms) 
23:08:40   ├─ /charts/e/e_R372CCSVG44/niche-035a72a81e59-b1.svg/ (+1ms) 
23:08:40   ├─ /charts/e/e_R372CCSVG44/changes-035a72a81e59-b1.svg/ (+1ms) 
23:08:40   ├─ /charts/e/e_R372CCSVG44/commits-9d18a826a3f1-b1.svg/ (+1ms) 
23:08:40   ├─ /charts/e/e_R372CCSVG44/heatmap-9d18a826a3f1-b1.svg/ (+2ms) 
23:08:40   ├─ /charts/e/e_R372CCSVG44/citations-9d18a826a3f1-b1.svg/ (+1ms) 
23:08:40   ├─ /charts/e/e_R372CCSVG44/daily-9d18a826a3f1-b1.svg/ (+1ms) 
23:08:40   ├─ /charts/e/e_R372CCSVG44/niche-9d18a826a3f1-b1.svg/ (+2ms) 
23:08:40   ├─ /charts/e/e_R372CCSVG44/changes-9d18a826a3f1-b1.svg/ (+1ms) 
23:08:40   ├─ /charts/e/e_R372CCSVG44/commits-66cffe06e8cb-b1.svg/ (+4ms) 
23:08:40   ├─ /charts/e/e_R372CCSVG44/heatmap-66cffe06e8cb-b1.svg/ (+1ms) 
23:08:40   ├─ /charts/e/e_R372CCSVG44/citations-66cffe06e8cb-b1.svg/ (+1ms) 
23:08:40   ├─ /charts/e/e_R372CCSVG44/daily-66cffe06e8cb-b1.svg/ (+2ms) 
23:08:40   ├─ /charts/e/e_R372CCSVG44/niche-66cffe06e8cb-b1.svg/ (+1ms) 
23:08:40   ├─ /charts/e/e_R372CCSVG44/changes-66cffe06e8cb-b1.svg/ (+1ms) 
23:08:40   ├─ /charts/e/e_R372CCSVG44/commits-46cf326e7985-b1.svg/ (+2ms) 
23:08:40   ├─ /charts/e/e_R372CCSVG44/heatmap-46cf326e7985-b1.svg/ (+1ms) 
23:08:40   ├─ /charts/e/e_R372CCSVG44/citations-46cf326e7985-b1.svg/ (+1ms) 
23:08:40   ├─ /charts/e/e_R372CCSVG44/daily-46cf326e7985-b1.svg/ (+1ms) 
23:08:40   ├─ /charts/e/e_R372CCSVG44/niche-46cf326e7985-b1.svg/ (+1ms) 
23:08:40   ├─ /charts/e/e_R372CCSVG44/changes-46cf326e7985-b1.svg/ (+2ms) 
23:08:40   ├─ /charts/e/e_R372CCSVG44/commits-515920e4ea3f-b1.svg/ (+1ms) 
23:08:40   ├─ /charts/e/e_R372CCSVG44/heatmap-515920e4ea3f-b1.svg/ (+1ms) 
23:08:40   ├─ /charts/e/e_R372CCSVG44/citations-515920e4ea3f-b1.svg/ (+1ms) 
23:08:40   ├─ /charts/e/e_R372CCSVG44/daily-515920e4ea3f-b1.svg/ (+1ms) 
23:08:40   ├─ /charts/e/e_R372CCSVG44/niche-515920e4ea3f-b1.svg/ (+1ms) 
23:08:40   ├─ /charts/e/e_R372CCSVG44/changes-515920e4ea3f-b1.svg/ (+1ms) 
23:08:40   ├─ /charts/e/e_R372CCSVG44/commits-0a7b1714d0ad-b1.svg/ (+1ms) 
23:08:40   ├─ /charts/e/e_R372CCSVG44/heatmap-0a7b1714d0ad-b1.svg/ (+1ms) 
23:08:40   ├─ /charts/e/e_R372CCSVG44/citations-0a7b1714d0ad-b1.svg/ (+1ms) 
23:08:40   ├─ /charts/e/e_R372CCSVG44/daily-0a7b1714d0ad-b1.svg/ (+1ms) 
23:08:40   ├─ /charts/e/e_R372CCSVG44/niche-0a7b1714d0ad-b1.svg/ (+1ms) 
23:08:40   ├─ /charts/e/e_R372CCSVG44/changes-0a7b1714d0ad-b1.svg/ (+1ms) 
23:08:40   ├─ /charts/e/e_R372CCSVG44/commits-fcfd3a7ccdcb-b1.svg/ (+1ms) 
23:08:40   ├─ /charts/e/e_R372CCSVG44/heatmap-fcfd3a7ccdcb-b1.svg/ (+1ms) 
23:08:40   ├─ /charts/e/e_R372CCSVG44/citations-fcfd3a7ccdcb-b1.svg/ (+1ms) 
23:08:40   ├─ /charts/e/e_R372CCSVG44/dependents-fcfd3a7ccdcb-b1.svg/ (+1ms) 
23:08:40   ├─ /charts/e/e_R372CCSVG44/daily-fcfd3a7ccdcb-b1.svg/ (+0ms) 
23:08:40   ├─ /charts/e/e_R372CCSVG44/niche-fcfd3a7ccdcb-b1.svg/ (+1ms) 
23:08:40   ├─ /charts/e/e_R372CCSVG44/changes-fcfd3a7ccdcb-b1.svg/ (+2ms) 
23:08:40   ├─ /charts/e/e_SFVE63D71XC/commits-fcfd3a7ccdcb-b1.svg/ (+1ms) 
23:08:40   ├─ /charts/e/e_SFVE63D71XC/heatmap-fcfd3a7ccdcb-b1.svg/ (+0ms) 
23:08:40   ├─ /charts/e/e_SFVE63D71XC/niche-fcfd3a7ccdcb-b1.svg/ (+2ms) 
23:08:40   ├─ /charts/e/e_SFVE63D71XC/changes-fcfd3a7ccdcb-b1.svg/ (+1ms) 
23:08:40   ├─ /charts/e/e_SNWV2DC244A/commits-8b04a522dda1-b1.svg/ (+1ms) 
23:08:40   ├─ /charts/e/e_SNWV2DC244A/heatmap-8b04a522dda1-b1.svg/ (+2ms) 
23:08:40   ├─ /charts/e/e_SNWV2DC244A/niche-8b04a522dda1-b1.svg/ (+1ms) 
23:08:40   ├─ /charts/e/e_SNWV2DC244A/changes-8b04a522dda1-b1.svg/ (+1ms) 
23:08:40   ├─ /charts/e/e_SNWV2DC244A/commits-f1f2495d518d-b1.svg/ (+1ms) 
23:08:40   ├─ /charts/e/e_SNWV2DC244A/heatmap-f1f2495d518d-b1.svg/ (+1ms) 
23:08:40   ├─ /charts/e/e_SNWV2DC244A/niche-f1f2495d518d-b1.svg/ (+1ms) 
23:08:40   ├─ /charts/e/e_SNWV2DC244A/changes-f1f2495d518d-b1.svg/ (+1ms) 
23:08:40   ├─ /charts/e/e_SNWV2DC244A/commits-f1f2495d518d-b1.svg/ (+3ms) 
23:08:40   ├─ /charts/e/e_SNWV2DC244A/heatmap-f1f2495d518d-b1.svg/ (+1ms) 
23:08:40   ├─ /charts/e/e_SNWV2DC244A/niche-f1f2495d518d-b1.svg/ (+2ms) 
23:08:40   ├─ /charts/e/e_SNWV2DC244A/changes-f1f2495d518d-b1.svg/ (+4ms) 
23:08:40   ├─ /charts/e/e_SNWV2DC244A/commits-7e6b5bcfba2a-b1.svg/ (+4ms) 
23:08:40   ├─ /charts/e/e_SNWV2DC244A/heatmap-7e6b5bcfba2a-b1.svg/ (+1ms) 
23:08:40   ├─ /charts/e/e_SNWV2DC244A/citations-7e6b5bcfba2a-b1.svg/ (+1ms) 
23:08:40   ├─ /charts/e/e_SNWV2DC244A/niche-7e6b5bcfba2a-b1.svg/ (+2ms) 
23:08:40   ├─ /charts/e/e_SNWV2DC244A/changes-7e6b5bcfba2a-b1.svg/ (+1ms) 
23:08:40   ├─ /charts/e/e_SNWV2DC244A/commits-df540ea0d40d-b1.svg/ (+1ms) 
23:08:40   ├─ /charts/e/e_SNWV2DC244A/heatmap-df540ea0d40d-b1.svg/ (+1ms) 
23:08:40   ├─ /charts/e/e_SNWV2DC244A/citations-df540ea0d40d-b1.svg/ (+0ms) 
23:08:40   ├─ /charts/e/e_SNWV2DC244A/niche-df540ea0d40d-b1.svg/ (+1ms) 
23:08:40   ├─ /charts/e/e_SNWV2DC244A/changes-df540ea0d40d-b1.svg/ (+1ms) 
23:08:40   ├─ /charts/e/e_SNWV2DC244A/commits-064bcdd1c2d3-b1.svg/ (+4ms) 
23:08:40   ├─ /charts/e/e_SNWV2DC244A/heatmap-064bcdd1c2d3-b1.svg/ (+0ms) 
23:08:40   ├─ /charts/e/e_SNWV2DC244A/citations-064bcdd1c2d3-b1.svg/ (+1ms) 
23:08:40   ├─ /charts/e/e_SNWV2DC244A/niche-064bcdd1c2d3-b1.svg/ (+1ms) 
23:08:40   ├─ /charts/e/e_SNWV2DC244A/changes-064bcdd1c2d3-b1.svg/ (+3ms) 
23:08:40   ├─ /charts/e/e_SNWV2DC244A/commits-be624cbf9aec-b1.svg/ (+1ms) 
23:08:40   ├─ /charts/e/e_SNWV2DC244A/heatmap-be624cbf9aec-b1.svg/ (+1ms) 
23:08:40   ├─ /charts/e/e_SNWV2DC244A/citations-be624cbf9aec-b1.svg/ (+1ms) 
23:08:40   ├─ /charts/e/e_SNWV2DC244A/niche-be624cbf9aec-b1.svg/ (+1ms) 
23:08:40   ├─ /charts/e/e_SNWV2DC244A/changes-be624cbf9aec-b1.svg/ (+2ms) 
23:08:40   ├─ /charts/e/e_SNWV2DC244A/commits-fe618519ff6a-b1.svg/ (+2ms) 
23:08:40   ├─ /charts/e/e_SNWV2DC244A/heatmap-fe618519ff6a-b1.svg/ (+2ms) 
23:08:40   ├─ /charts/e/e_SNWV2DC244A/citations-fe618519ff6a-b1.svg/ (+0ms) 
23:08:40   ├─ /charts/e/e_SNWV2DC244A/niche-fe618519ff6a-b1.svg/ (+8ms) 
23:08:40   ├─ /charts/e/e_SNWV2DC244A/changes-fe618519ff6a-b1.svg/ (+1ms) 
23:08:40   ├─ /charts/e/e_SNWV2DC244A/commits-035a72a81e59-b1.svg/ (+3ms) 
23:08:40   ├─ /charts/e/e_SNWV2DC244A/heatmap-035a72a81e59-b1.svg/ (+2ms) 
23:08:40   ├─ /charts/e/e_SNWV2DC244A/citations-035a72a81e59-b1.svg/ (+1ms) 
23:08:40   ├─ /charts/e/e_SNWV2DC244A/niche-035a72a81e59-b1.svg/ (+0ms) 
23:08:40   ├─ /charts/e/e_SNWV2DC244A/changes-035a72a81e59-b1.svg/ (+1ms) 
23:08:40   ├─ /charts/e/e_SNWV2DC244A/commits-9d18a826a3f1-b1.svg/ (+0ms) 
23:08:40   ├─ /charts/e/e_SNWV2DC244A/heatmap-9d18a826a3f1-b1.svg/ (+0ms) 
23:08:40   ├─ /charts/e/e_SNWV2DC244A/citations-9d18a826a3f1-b1.svg/ (+0ms) 
23:08:40   ├─ /charts/e/e_SNWV2DC244A/niche-9d18a826a3f1-b1.svg/ (+1ms) 
23:08:40   ├─ /charts/e/e_SNWV2DC244A/changes-9d18a826a3f1-b1.svg/ (+1ms) 
23:08:40   ├─ /charts/e/e_SNWV2DC244A/commits-66cffe06e8cb-b1.svg/ (+2ms) 
23:08:40   ├─ /charts/e/e_SNWV2DC244A/heatmap-66cffe06e8cb-b1.svg/ (+4ms) 
23:08:40   ├─ /charts/e/e_SNWV2DC244A/citations-66cffe06e8cb-b1.svg/ (+1ms) 
23:08:40   ├─ /charts/e/e_SNWV2DC244A/niche-66cffe06e8cb-b1.svg/ (+1ms) 
23:08:40   ├─ /charts/e/e_SNWV2DC244A/changes-66cffe06e8cb-b1.svg/ (+0ms) 
23:08:40   ├─ /charts/e/e_SNWV2DC244A/commits-46cf326e7985-b1.svg/ (+1ms) 
23:08:40   ├─ /charts/e/e_SNWV2DC244A/heatmap-46cf326e7985-b1.svg/ (+0ms) 
23:08:40   ├─ /charts/e/e_SNWV2DC244A/citations-46cf326e7985-b1.svg/ (+1ms) 
23:08:40   ├─ /charts/e/e_SNWV2DC244A/niche-46cf326e7985-b1.svg/ (+1ms) 
23:08:40   ├─ /charts/e/e_SNWV2DC244A/changes-46cf326e7985-b1.svg/ (+1ms) 
23:08:40   ├─ /charts/e/e_SNWV2DC244A/commits-515920e4ea3f-b1.svg/ (+1ms) 
23:08:40   ├─ /charts/e/e_SNWV2DC244A/heatmap-515920e4ea3f-b1.svg/ (+1ms) 
23:08:40   ├─ /charts/e/e_SNWV2DC244A/citations-515920e4ea3f-b1.svg/ (+0ms) 
23:08:40   ├─ /charts/e/e_SNWV2DC244A/niche-515920e4ea3f-b1.svg/ (+1ms) 
23:08:40   ├─ /charts/e/e_SNWV2DC244A/changes-515920e4ea3f-b1.svg/ (+1ms) 
23:08:40   ├─ /charts/e/e_SNWV2DC244A/commits-0a7b1714d0ad-b1.svg/ (+1ms) 
23:08:40   ├─ /charts/e/e_SNWV2DC244A/heatmap-0a7b1714d0ad-b1.svg/ (+2ms) 
23:08:40   ├─ /charts/e/e_SNWV2DC244A/citations-0a7b1714d0ad-b1.svg/ (+1ms) 
23:08:40   ├─ /charts/e/e_SNWV2DC244A/niche-0a7b1714d0ad-b1.svg/ (+3ms) 
23:08:40   ├─ /charts/e/e_SNWV2DC244A/changes-0a7b1714d0ad-b1.svg/ (+5ms) 
23:08:40   ├─ /charts/e/e_SNWV2DC244A/commits-fcfd3a7ccdcb-b1.svg/ (+7ms) 
23:08:40   ├─ /charts/e/e_SNWV2DC244A/heatmap-fcfd3a7ccdcb-b1.svg/ (+0ms) 
23:08:40   ├─ /charts/e/e_SNWV2DC244A/citations-fcfd3a7ccdcb-b1.svg/ (+1ms) 
23:08:40   ├─ /charts/e/e_SNWV2DC244A/niche-fcfd3a7ccdcb-b1.svg/ (+4ms) 
23:08:40   ├─ /charts/e/e_SNWV2DC244A/changes-fcfd3a7ccdcb-b1.svg/ (+2ms) 
23:08:40   ├─ /charts/e/e_SV1CWRNS2SY/commits-fcfd3a7ccdcb-b1.svg/ (+1ms) 
23:08:40   ├─ /charts/e/e_SV1CWRNS2SY/heatmap-fcfd3a7ccdcb-b1.svg/ (+1ms) 
23:08:40   ├─ /charts/e/e_SV1CWRNS2SY/niche-fcfd3a7ccdcb-b1.svg/ (+2ms) 
23:08:40   ├─ /charts/e/e_SV1CWRNS2SY/changes-fcfd3a7ccdcb-b1.svg/ (+1ms) 
23:08:40   ├─ /charts/e/e_SW0DQ4N81NG/commits-035a72a81e59-b1.svg/ (+1ms) 
23:08:40   ├─ /charts/e/e_SW0DQ4N81NG/heatmap-035a72a81e59-b1.svg/ (+1ms) 
23:08:40   ├─ /charts/e/e_SW0DQ4N81NG/niche-035a72a81e59-b1.svg/ (+0ms) 
23:08:40   ├─ /charts/e/e_SW0DQ4N81NG/changes-035a72a81e59-b1.svg/ (+1ms) 
23:08:40   ├─ /charts/e/e_SW0DQ4N81NG/commits-9d18a826a3f1-b1.svg/ (+2ms) 
23:08:40   ├─ /charts/e/e_SW0DQ4N81NG/heatmap-9d18a826a3f1-b1.svg/ (+1ms) 
23:08:40   ├─ /charts/e/e_SW0DQ4N81NG/daily-9d18a826a3f1-b1.svg/ (+1ms) 
23:08:40   ├─ /charts/e/e_SW0DQ4N81NG/niche-9d18a826a3f1-b1.svg/ (+1ms) 
23:08:40   ├─ /charts/e/e_SW0DQ4N81NG/changes-9d18a826a3f1-b1.svg/ (+1ms) 
23:08:40   ├─ /charts/e/e_SW0DQ4N81NG/commits-66cffe06e8cb-b1.svg/ (+1ms) 
23:08:40   ├─ /charts/e/e_SW0DQ4N81NG/heatmap-66cffe06e8cb-b1.svg/ (+1ms) 
23:08:40   ├─ /charts/e/e_SW0DQ4N81NG/daily-66cffe06e8cb-b1.svg/ (+2ms) 
23:08:40   ├─ /charts/e/e_SW0DQ4N81NG/niche-66cffe06e8cb-b1.svg/ (+2ms) 
23:08:40   ├─ /charts/e/e_SW0DQ4N81NG/changes-66cffe06e8cb-b1.svg/ (+1ms) 
23:08:40   ├─ /charts/e/e_SW0DQ4N81NG/commits-46cf326e7985-b1.svg/ (+2ms) 
23:08:40   ├─ /charts/e/e_SW0DQ4N81NG/heatmap-46cf326e7985-b1.svg/ (+2ms) 
23:08:40   ├─ /charts/e/e_SW0DQ4N81NG/daily-46cf326e7985-b1.svg/ (+1ms) 
23:08:40   ├─ /charts/e/e_SW0DQ4N81NG/niche-46cf326e7985-b1.svg/ (+0ms) 
23:08:40   ├─ /charts/e/e_SW0DQ4N81NG/changes-46cf326e7985-b1.svg/ (+1ms) 
23:08:40   ├─ /charts/e/e_SW0DQ4N81NG/commits-515920e4ea3f-b1.svg/ (+0ms) 
23:08:40   ├─ /charts/e/e_SW0DQ4N81NG/heatmap-515920e4ea3f-b1.svg/ (+1ms) 
23:08:40   ├─ /charts/e/e_SW0DQ4N81NG/daily-515920e4ea3f-b1.svg/ (+1ms) 
23:08:40   ├─ /charts/e/e_SW0DQ4N81NG/niche-515920e4ea3f-b1.svg/ (+2ms) 
23:08:40   ├─ /charts/e/e_SW0DQ4N81NG/changes-515920e4ea3f-b1.svg/ (+0ms) 
23:08:40   ├─ /charts/e/e_SW0DQ4N81NG/commits-0a7b1714d0ad-b1.svg/ (+3ms) 
23:08:40   ├─ /charts/e/e_SW0DQ4N81NG/heatmap-0a7b1714d0ad-b1.svg/ (+1ms) 
23:08:40   ├─ /charts/e/e_SW0DQ4N81NG/daily-0a7b1714d0ad-b1.svg/ (+2ms) 
23:08:40   ├─ /charts/e/e_SW0DQ4N81NG/niche-0a7b1714d0ad-b1.svg/ (+1ms) 
23:08:40   ├─ /charts/e/e_SW0DQ4N81NG/changes-0a7b1714d0ad-b1.svg/ (+2ms) 
23:08:40   ├─ /charts/e/e_SW0DQ4N81NG/commits-fcfd3a7ccdcb-b1.svg/ (+2ms) 
23:08:40   ├─ /charts/e/e_SW0DQ4N81NG/heatmap-fcfd3a7ccdcb-b1.svg/ (+1ms) 
23:08:40   ├─ /charts/e/e_SW0DQ4N81NG/daily-fcfd3a7ccdcb-b1.svg/ (+1ms) 
23:08:40   ├─ /charts/e/e_SW0DQ4N81NG/niche-fcfd3a7ccdcb-b1.svg/ (+1ms) 
23:08:40   ├─ /charts/e/e_SW0DQ4N81NG/changes-fcfd3a7ccdcb-b1.svg/ (+1ms) 
23:08:40   ├─ /charts/e/e_TBARBJKAD2G/commits-90e607b982fa-b1.svg/ (+1ms) 
23:08:40   ├─ /charts/e/e_TBARBJKAD2G/heatmap-90e607b982fa-b1.svg/ (+0ms) 
23:08:40   ├─ /charts/e/e_TBARBJKAD2G/niche-90e607b982fa-b1.svg/ (+0ms) 
23:08:40   ├─ /charts/e/e_TBARBJKAD2G/changes-90e607b982fa-b1.svg/ (+1ms) 
23:08:40   ├─ /charts/e/e_TBARBJKAD2G/commits-8b04a522dda1-b1.svg/ (+3ms) 
23:08:40   ├─ /charts/e/e_TBARBJKAD2G/heatmap-8b04a522dda1-b1.svg/ (+1ms) 
23:08:40   ├─ /charts/e/e_TBARBJKAD2G/niche-8b04a522dda1-b1.svg/ (+1ms) 
23:08:40   ├─ /charts/e/e_TBARBJKAD2G/changes-8b04a522dda1-b1.svg/ (+1ms) 
23:08:40   ├─ /charts/e/e_TBARBJKAD2G/commits-f1f2495d518d-b1.svg/ (+3ms) 
23:08:40   ├─ /charts/e/e_TBARBJKAD2G/heatmap-f1f2495d518d-b1.svg/ (+1ms) 
23:08:40   ├─ /charts/e/e_TBARBJKAD2G/niche-f1f2495d518d-b1.svg/ (+1ms) 
23:08:40   ├─ /charts/e/e_TBARBJKAD2G/changes-f1f2495d518d-b1.svg/ (+0ms) 
23:08:40   ├─ /charts/e/e_TBARBJKAD2G/commits-f1f2495d518d-b1.svg/ (+1ms) 
23:08:40   ├─ /charts/e/e_TBARBJKAD2G/heatmap-f1f2495d518d-b1.svg/ (+2ms) 
23:08:40   ├─ /charts/e/e_TBARBJKAD2G/niche-f1f2495d518d-b1.svg/ (+5ms) 
23:08:40   ├─ /charts/e/e_TBARBJKAD2G/changes-f1f2495d518d-b1.svg/ (+6ms) 
23:08:40   ├─ /charts/e/e_TBARBJKAD2G/commits-7e6b5bcfba2a-b1.svg/ (+5ms) 
23:08:40   ├─ /charts/e/e_TBARBJKAD2G/heatmap-7e6b5bcfba2a-b1.svg/ (+1ms) 
23:08:40   ├─ /charts/e/e_TBARBJKAD2G/niche-7e6b5bcfba2a-b1.svg/ (+1ms) 
23:08:40   ├─ /charts/e/e_TBARBJKAD2G/changes-7e6b5bcfba2a-b1.svg/ (+1ms) 
23:08:40   ├─ /charts/e/e_TBARBJKAD2G/commits-df540ea0d40d-b1.svg/ (+3ms) 
23:08:40   ├─ /charts/e/e_TBARBJKAD2G/heatmap-df540ea0d40d-b1.svg/ (+0ms) 
23:08:40   ├─ /charts/e/e_TBARBJKAD2G/niche-df540ea0d40d-b1.svg/ (+1ms) 
23:08:40   ├─ /charts/e/e_TBARBJKAD2G/changes-df540ea0d40d-b1.svg/ (+0ms) 
23:08:40   ├─ /charts/e/e_TBARBJKAD2G/commits-064bcdd1c2d3-b1.svg/ (+1ms) 
23:08:40   ├─ /charts/e/e_TBARBJKAD2G/heatmap-064bcdd1c2d3-b1.svg/ (+0ms) 
23:08:40   ├─ /charts/e/e_TBARBJKAD2G/niche-064bcdd1c2d3-b1.svg/ (+0ms) 
23:08:40   ├─ /charts/e/e_TBARBJKAD2G/changes-064bcdd1c2d3-b1.svg/ (+0ms) 
23:08:40   ├─ /charts/e/e_TBARBJKAD2G/commits-be624cbf9aec-b1.svg/ (+4ms) 
23:08:40   ├─ /charts/e/e_TBARBJKAD2G/heatmap-be624cbf9aec-b1.svg/ (+2ms) 
23:08:40   ├─ /charts/e/e_TBARBJKAD2G/niche-be624cbf9aec-b1.svg/ (+1ms) 
23:08:40   ├─ /charts/e/e_TBARBJKAD2G/changes-be624cbf9aec-b1.svg/ (+1ms) 
23:08:40   ├─ /charts/e/e_TBARBJKAD2G/commits-fe618519ff6a-b1.svg/ (+2ms) 
23:08:40   ├─ /charts/e/e_TBARBJKAD2G/heatmap-fe618519ff6a-b1.svg/ (+1ms) 
23:08:40   ├─ /charts/e/e_TBARBJKAD2G/niche-fe618519ff6a-b1.svg/ (+1ms) 
23:08:40   ├─ /charts/e/e_TBARBJKAD2G/changes-fe618519ff6a-b1.svg/ (+0ms) 
23:08:40   ├─ /charts/e/e_TBARBJKAD2G/commits-035a72a81e59-b1.svg/ (+0ms) 
23:08:40   ├─ /charts/e/e_TBARBJKAD2G/heatmap-035a72a81e59-b1.svg/ (+0ms) 
23:08:40   ├─ /charts/e/e_TBARBJKAD2G/niche-035a72a81e59-b1.svg/ (+1ms) 
23:08:40   ├─ /charts/e/e_TBARBJKAD2G/changes-035a72a81e59-b1.svg/ (+1ms) 
23:08:40   ├─ /charts/e/e_TBARBJKAD2G/commits-9d18a826a3f1-b1.svg/ (+1ms) 
23:08:40   ├─ /charts/e/e_TBARBJKAD2G/heatmap-9d18a826a3f1-b1.svg/ (+1ms) 
23:08:40   ├─ /charts/e/e_TBARBJKAD2G/niche-9d18a826a3f1-b1.svg/ (+1ms) 
23:08:40   ├─ /charts/e/e_TBARBJKAD2G/changes-9d18a826a3f1-b1.svg/ (+1ms) 
23:08:40   ├─ /charts/e/e_TBARBJKAD2G/commits-66cffe06e8cb-b1.svg/ (+1ms) 
23:08:40   ├─ /charts/e/e_TBARBJKAD2G/heatmap-66cffe06e8cb-b1.svg/ (+1ms) 
23:08:40   ├─ /charts/e/e_TBARBJKAD2G/niche-66cffe06e8cb-b1.svg/ (+1ms) 
23:08:40   ├─ /charts/e/e_TBARBJKAD2G/changes-66cffe06e8cb-b1.svg/ (+0ms) 
23:08:40   ├─ /charts/e/e_TBARBJKAD2G/commits-46cf326e7985-b1.svg/ (+1ms) 
23:08:40   ├─ /charts/e/e_TBARBJKAD2G/heatmap-46cf326e7985-b1.svg/ (+1ms) 
23:08:40   ├─ /charts/e/e_TBARBJKAD2G/niche-46cf326e7985-b1.svg/ (+1ms) 
23:08:40   ├─ /charts/e/e_TBARBJKAD2G/changes-46cf326e7985-b1.svg/ (+0ms) 
23:08:40   ├─ /charts/e/e_TBARBJKAD2G/commits-515920e4ea3f-b1.svg/ (+5ms) 
23:08:40   ├─ /charts/e/e_TBARBJKAD2G/heatmap-515920e4ea3f-b1.svg/ (+0ms) 
23:08:40   ├─ /charts/e/e_TBARBJKAD2G/niche-515920e4ea3f-b1.svg/ (+1ms) 
23:08:40   ├─ /charts/e/e_TBARBJKAD2G/changes-515920e4ea3f-b1.svg/ (+0ms) 
23:08:40   ├─ /charts/e/e_TBARBJKAD2G/commits-0a7b1714d0ad-b1.svg/ (+3ms) 
23:08:40   ├─ /charts/e/e_TBARBJKAD2G/heatmap-0a7b1714d0ad-b1.svg/ (+1ms) 
23:08:40   ├─ /charts/e/e_TBARBJKAD2G/niche-0a7b1714d0ad-b1.svg/ (+2ms) 
23:08:40   ├─ /charts/e/e_TBARBJKAD2G/changes-0a7b1714d0ad-b1.svg/ (+1ms) 
23:08:40   ├─ /charts/e/e_TBARBJKAD2G/commits-fcfd3a7ccdcb-b1.svg/ (+1ms) 
23:08:40   ├─ /charts/e/e_TBARBJKAD2G/heatmap-fcfd3a7ccdcb-b1.svg/ (+1ms) 
23:08:40   ├─ /charts/e/e_TBARBJKAD2G/dependents-fcfd3a7ccdcb-b1.svg/ (+1ms) 
23:08:40   ├─ /charts/e/e_TBARBJKAD2G/niche-fcfd3a7ccdcb-b1.svg/ (+0ms) 
23:08:40   ├─ /charts/e/e_TBARBJKAD2G/changes-fcfd3a7ccdcb-b1.svg/ (+1ms) 
23:08:40   ├─ /charts/e/e_TEVNVWBZ8HJ/commits-515920e4ea3f-b1.svg/ (+2ms) 
23:08:40   ├─ /charts/e/e_TEVNVWBZ8HJ/heatmap-515920e4ea3f-b1.svg/ (+1ms) 
23:08:40   ├─ /charts/e/e_TEVNVWBZ8HJ/backfill-515920e4ea3f-b1.svg/ (+1ms) 
23:08:40   ├─ /charts/e/e_TEVNVWBZ8HJ/niche-515920e4ea3f-b1.svg/ (+4ms) 
23:08:40   ├─ /charts/e/e_TEVNVWBZ8HJ/changes-515920e4ea3f-b1.svg/ (+0ms) 
23:08:40   ├─ /charts/e/e_TEVNVWBZ8HJ/commits-0a7b1714d0ad-b1.svg/ (+1ms) 
23:08:40   ├─ /charts/e/e_TEVNVWBZ8HJ/heatmap-0a7b1714d0ad-b1.svg/ (+1ms) 
23:08:40   ├─ /charts/e/e_TEVNVWBZ8HJ/backfill-0a7b1714d0ad-b1.svg/ (+1ms) 
23:08:40   ├─ /charts/e/e_TEVNVWBZ8HJ/niche-0a7b1714d0ad-b1.svg/ (+1ms) 
23:08:40   ├─ /charts/e/e_TEVNVWBZ8HJ/changes-0a7b1714d0ad-b1.svg/ (+1ms) 
23:08:40   ├─ /charts/e/e_TEVNVWBZ8HJ/commits-fcfd3a7ccdcb-b1.svg/ (+7ms) 
23:08:40   ├─ /charts/e/e_TEVNVWBZ8HJ/heatmap-fcfd3a7ccdcb-b1.svg/ (+1ms) 
23:08:40   ├─ /charts/e/e_TEVNVWBZ8HJ/backfill-fcfd3a7ccdcb-b1.svg/ (+0ms) 
23:08:40   ├─ /charts/e/e_TEVNVWBZ8HJ/niche-fcfd3a7ccdcb-b1.svg/ (+1ms) 
23:08:40   ├─ /charts/e/e_TEVNVWBZ8HJ/changes-fcfd3a7ccdcb-b1.svg/ (+1ms) 
23:08:40   ├─ /charts/e/e_TPZFR15XYF6/commits-8b04a522dda1-b1.svg/ (+1ms) 
23:08:40   ├─ /charts/e/e_TPZFR15XYF6/heatmap-8b04a522dda1-b1.svg/ (+1ms) 
23:08:40   ├─ /charts/e/e_TPZFR15XYF6/niche-8b04a522dda1-b1.svg/ (+1ms) 
23:08:40   ├─ /charts/e/e_TPZFR15XYF6/changes-8b04a522dda1-b1.svg/ (+1ms) 
23:08:40   ├─ /charts/e/e_TPZFR15XYF6/commits-f1f2495d518d-b1.svg/ (+1ms) 
23:08:40   ├─ /charts/e/e_TPZFR15XYF6/heatmap-f1f2495d518d-b1.svg/ (+1ms) 
23:08:40   ├─ /charts/e/e_TPZFR15XYF6/niche-f1f2495d518d-b1.svg/ (+0ms) 
23:08:40   ├─ /charts/e/e_TPZFR15XYF6/changes-f1f2495d518d-b1.svg/ (+2ms) 
23:08:40   ├─ /charts/e/e_TPZFR15XYF6/commits-f1f2495d518d-b1.svg/ (+4ms) 
23:08:40   ├─ /charts/e/e_TPZFR15XYF6/heatmap-f1f2495d518d-b1.svg/ (+3ms) 
23:08:40   ├─ /charts/e/e_TPZFR15XYF6/niche-f1f2495d518d-b1.svg/ (+1ms) 
23:08:40   ├─ /charts/e/e_TPZFR15XYF6/changes-f1f2495d518d-b1.svg/ (+0ms) 
23:08:40   ├─ /charts/e/e_TPZFR15XYF6/commits-7e6b5bcfba2a-b1.svg/ (+1ms) 
23:08:40   ├─ /charts/e/e_TPZFR15XYF6/heatmap-7e6b5bcfba2a-b1.svg/ (+1ms) 
23:08:40   ├─ /charts/e/e_TPZFR15XYF6/niche-7e6b5bcfba2a-b1.svg/ (+0ms) 
23:08:40   ├─ /charts/e/e_TPZFR15XYF6/changes-7e6b5bcfba2a-b1.svg/ (+1ms) 
23:08:40   ├─ /charts/e/e_TPZFR15XYF6/commits-df540ea0d40d-b1.svg/ (+2ms) 
23:08:40   ├─ /charts/e/e_TPZFR15XYF6/heatmap-df540ea0d40d-b1.svg/ (+2ms) 
23:08:40   ├─ /charts/e/e_TPZFR15XYF6/niche-df540ea0d40d-b1.svg/ (+1ms) 
23:08:40   ├─ /charts/e/e_TPZFR15XYF6/changes-df540ea0d40d-b1.svg/ (+1ms) 
23:08:40   ├─ /charts/e/e_TPZFR15XYF6/commits-064bcdd1c2d3-b1.svg/ (+1ms) 
23:08:40   ├─ /charts/e/e_TPZFR15XYF6/heatmap-064bcdd1c2d3-b1.svg/ (+1ms) 
23:08:40   ├─ /charts/e/e_TPZFR15XYF6/niche-064bcdd1c2d3-b1.svg/ (+1ms) 
23:08:40   ├─ /charts/e/e_TPZFR15XYF6/changes-064bcdd1c2d3-b1.svg/ (+1ms) 
23:08:40   ├─ /charts/e/e_TPZFR15XYF6/commits-be624cbf9aec-b1.svg/ (+1ms) 
23:08:40   ├─ /charts/e/e_TPZFR15XYF6/heatmap-be624cbf9aec-b1.svg/ (+4ms) 
23:08:40   ├─ /charts/e/e_TPZFR15XYF6/niche-be624cbf9aec-b1.svg/ (+1ms) 
23:08:40   ├─ /charts/e/e_TPZFR15XYF6/changes-be624cbf9aec-b1.svg/ (+2ms) 
23:08:40   ├─ /charts/e/e_TPZFR15XYF6/commits-fe618519ff6a-b1.svg/ (+1ms) 
23:08:40   ├─ /charts/e/e_TPZFR15XYF6/heatmap-fe618519ff6a-b1.svg/ (+2ms) 
23:08:40   ├─ /charts/e/e_TPZFR15XYF6/niche-fe618519ff6a-b1.svg/ (+7ms) 
23:08:40   ├─ /charts/e/e_TPZFR15XYF6/changes-fe618519ff6a-b1.svg/ (+2ms) 
23:08:40   ├─ /charts/e/e_TPZFR15XYF6/commits-035a72a81e59-b1.svg/ (+2ms) 
23:08:40   ├─ /charts/e/e_TPZFR15XYF6/heatmap-035a72a81e59-b1.svg/ (+1ms) 
23:08:40   ├─ /charts/e/e_TPZFR15XYF6/niche-035a72a81e59-b1.svg/ (+1ms) 
23:08:40   ├─ /charts/e/e_TPZFR15XYF6/changes-035a72a81e59-b1.svg/ (+7ms) 
23:08:40   ├─ /charts/e/e_TPZFR15XYF6/commits-9d18a826a3f1-b1.svg/ (+1ms) 
23:08:40   ├─ /charts/e/e_TPZFR15XYF6/heatmap-9d18a826a3f1-b1.svg/ (+1ms) 
23:08:40   ├─ /charts/e/e_TPZFR15XYF6/niche-9d18a826a3f1-b1.svg/ (+2ms) 
23:08:40   ├─ /charts/e/e_TPZFR15XYF6/changes-9d18a826a3f1-b1.svg/ (+2ms) 
23:08:40   ├─ /charts/e/e_TPZFR15XYF6/commits-66cffe06e8cb-b1.svg/ (+6ms) 
23:08:40   ├─ /charts/e/e_TPZFR15XYF6/heatmap-66cffe06e8cb-b1.svg/ (+2ms) 
23:08:40   ├─ /charts/e/e_TPZFR15XYF6/niche-66cffe06e8cb-b1.svg/ (+4ms) 
23:08:40   ├─ /charts/e/e_TPZFR15XYF6/changes-66cffe06e8cb-b1.svg/ (+1ms) 
23:08:40   ├─ /charts/e/e_TPZFR15XYF6/commits-46cf326e7985-b1.svg/ (+4ms) 
23:08:40   ├─ /charts/e/e_TPZFR15XYF6/heatmap-46cf326e7985-b1.svg/ (+1ms) 
23:08:40   ├─ /charts/e/e_TPZFR15XYF6/niche-46cf326e7985-b1.svg/ (+22ms) 
23:08:40   ├─ /charts/e/e_TPZFR15XYF6/changes-46cf326e7985-b1.svg/ (+1ms) 
23:08:40   ├─ /charts/e/e_TPZFR15XYF6/commits-515920e4ea3f-b1.svg/ (+11ms) 
23:08:40   ├─ /charts/e/e_TPZFR15XYF6/heatmap-515920e4ea3f-b1.svg/ (+4ms) 
23:08:40   ├─ /charts/e/e_TPZFR15XYF6/niche-515920e4ea3f-b1.svg/ (+9ms) 
23:08:40   ├─ /charts/e/e_TPZFR15XYF6/changes-515920e4ea3f-b1.svg/ (+2ms) 
23:08:40   ├─ /charts/e/e_TPZFR15XYF6/commits-0a7b1714d0ad-b1.svg/ (+1ms) 
23:08:40   ├─ /charts/e/e_TPZFR15XYF6/heatmap-0a7b1714d0ad-b1.svg/ (+1ms) 
23:08:40   ├─ /charts/e/e_TPZFR15XYF6/niche-0a7b1714d0ad-b1.svg/ (+2ms) 
23:08:40   ├─ /charts/e/e_TPZFR15XYF6/changes-0a7b1714d0ad-b1.svg/ (+1ms) 
23:08:40   ├─ /charts/e/e_TPZFR15XYF6/commits-fcfd3a7ccdcb-b1.svg/ (+3ms) 
23:08:40   ├─ /charts/e/e_TPZFR15XYF6/heatmap-fcfd3a7ccdcb-b1.svg/ (+63ms) 
23:08:40   ├─ /charts/e/e_TPZFR15XYF6/niche-fcfd3a7ccdcb-b1.svg/ (+1ms) 
23:08:40   ├─ /charts/e/e_TPZFR15XYF6/changes-fcfd3a7ccdcb-b1.svg/ (+2ms) 
23:08:40   ├─ /charts/e/e_V05C8HCBBV2/commits-8b04a522dda1-b1.svg/ (+32ms) 
23:08:40   ├─ /charts/e/e_V05C8HCBBV2/heatmap-8b04a522dda1-b1.svg/ (+5ms) 
23:08:40   ├─ /charts/e/e_V05C8HCBBV2/backfill-8b04a522dda1-b1.svg/ (+4ms) 
23:08:40   ├─ /charts/e/e_V05C8HCBBV2/niche-8b04a522dda1-b1.svg/ (+2ms) 
23:08:40   ├─ /charts/e/e_V05C8HCBBV2/changes-8b04a522dda1-b1.svg/ (+2ms) 
23:08:40   ├─ /charts/e/e_V05C8HCBBV2/commits-f1f2495d518d-b1.svg/ (+2ms) 
23:08:40   ├─ /charts/e/e_V05C8HCBBV2/heatmap-f1f2495d518d-b1.svg/ (+2ms) 
23:08:40   ├─ /charts/e/e_V05C8HCBBV2/backfill-f1f2495d518d-b1.svg/ (+1ms) 
23:08:40   ├─ /charts/e/e_V05C8HCBBV2/niche-f1f2495d518d-b1.svg/ (+1ms) 
23:08:40   ├─ /charts/e/e_V05C8HCBBV2/changes-f1f2495d518d-b1.svg/ (+2ms) 
23:08:40   ├─ /charts/e/e_V05C8HCBBV2/commits-f1f2495d518d-b1.svg/ (+4ms) 
23:08:40   ├─ /charts/e/e_V05C8HCBBV2/heatmap-f1f2495d518d-b1.svg/ (+1ms) 
23:08:40   ├─ /charts/e/e_V05C8HCBBV2/backfill-f1f2495d518d-b1.svg/ (+2ms) 
23:08:40   ├─ /charts/e/e_V05C8HCBBV2/niche-f1f2495d518d-b1.svg/ (+1ms) 
23:08:40   ├─ /charts/e/e_V05C8HCBBV2/changes-f1f2495d518d-b1.svg/ (+2ms) 
23:08:40   ├─ /charts/e/e_V05C8HCBBV2/commits-7e6b5bcfba2a-b1.svg/ (+1ms) 
23:08:40   ├─ /charts/e/e_V05C8HCBBV2/heatmap-7e6b5bcfba2a-b1.svg/ (+2ms) 
23:08:40   ├─ /charts/e/e_V05C8HCBBV2/daily-7e6b5bcfba2a-b1.svg/ (+2ms) 
23:08:40   ├─ /charts/e/e_V05C8HCBBV2/backfill-7e6b5bcfba2a-b1.svg/ (+2ms) 
23:08:40   ├─ /charts/e/e_V05C8HCBBV2/niche-7e6b5bcfba2a-b1.svg/ (+2ms) 
23:08:40   ├─ /charts/e/e_V05C8HCBBV2/changes-7e6b5bcfba2a-b1.svg/ (+0ms) 
23:08:40   ├─ /charts/e/e_V05C8HCBBV2/commits-df540ea0d40d-b1.svg/ (+1ms) 
23:08:40   ├─ /charts/e/e_V05C8HCBBV2/heatmap-df540ea0d40d-b1.svg/ (+2ms) 
23:08:40   ├─ /charts/e/e_V05C8HCBBV2/daily-df540ea0d40d-b1.svg/ (+1ms) 
23:08:40   ├─ /charts/e/e_V05C8HCBBV2/backfill-df540ea0d40d-b1.svg/ (+3ms) 
23:08:40   ├─ /charts/e/e_V05C8HCBBV2/niche-df540ea0d40d-b1.svg/ (+1ms) 
23:08:40   ├─ /charts/e/e_V05C8HCBBV2/changes-df540ea0d40d-b1.svg/ (+1ms) 
23:08:40   ├─ /charts/e/e_V05C8HCBBV2/commits-064bcdd1c2d3-b1.svg/ (+2ms) 
23:08:40   ├─ /charts/e/e_V05C8HCBBV2/heatmap-064bcdd1c2d3-b1.svg/ (+2ms) 
23:08:40   ├─ /charts/e/e_V05C8HCBBV2/daily-064bcdd1c2d3-b1.svg/ (+1ms) 
23:08:40   ├─ /charts/e/e_V05C8HCBBV2/backfill-064bcdd1c2d3-b1.svg/ (+2ms) 
23:08:40   ├─ /charts/e/e_V05C8HCBBV2/niche-064bcdd1c2d3-b1.svg/ (+1ms) 
23:08:40   ├─ /charts/e/e_V05C8HCBBV2/changes-064bcdd1c2d3-b1.svg/ (+2ms) 
23:08:40   ├─ /charts/e/e_V05C8HCBBV2/commits-be624cbf9aec-b1.svg/ (+1ms) 
23:08:40   ├─ /charts/e/e_V05C8HCBBV2/heatmap-be624cbf9aec-b1.svg/ (+2ms) 
23:08:40   ├─ /charts/e/e_V05C8HCBBV2/daily-be624cbf9aec-b1.svg/ (+1ms) 
23:08:40   ├─ /charts/e/e_V05C8HCBBV2/backfill-be624cbf9aec-b1.svg/ (+1ms) 
23:08:40   ├─ /charts/e/e_V05C8HCBBV2/niche-be624cbf9aec-b1.svg/ (+2ms) 
23:08:40   ├─ /charts/e/e_V05C8HCBBV2/changes-be624cbf9aec-b1.svg/ (+2ms) 
23:08:40   ├─ /charts/e/e_V05C8HCBBV2/commits-fe618519ff6a-b1.svg/ (+1ms) 
23:08:40   ├─ /charts/e/e_V05C8HCBBV2/heatmap-fe618519ff6a-b1.svg/ (+1ms) 
23:08:40   ├─ /charts/e/e_V05C8HCBBV2/daily-fe618519ff6a-b1.svg/ (+1ms) 
23:08:40   ├─ /charts/e/e_V05C8HCBBV2/backfill-fe618519ff6a-b1.svg/ (+1ms) 
23:08:40   ├─ /charts/e/e_V05C8HCBBV2/niche-fe618519ff6a-b1.svg/ (+2ms) 
23:08:40   ├─ /charts/e/e_V05C8HCBBV2/changes-fe618519ff6a-b1.svg/ (+1ms) 
23:08:40   ├─ /charts/e/e_V05C8HCBBV2/commits-035a72a81e59-b1.svg/ (+3ms) 
23:08:40   ├─ /charts/e/e_V05C8HCBBV2/heatmap-035a72a81e59-b1.svg/ (+1ms) 
23:08:40   ├─ /charts/e/e_V05C8HCBBV2/daily-035a72a81e59-b1.svg/ (+1ms) 
23:08:40   ├─ /charts/e/e_V05C8HCBBV2/backfill-035a72a81e59-b1.svg/ (+0ms) 
23:08:40   ├─ /charts/e/e_V05C8HCBBV2/niche-035a72a81e59-b1.svg/ (+0ms) 
23:08:40   ├─ /charts/e/e_V05C8HCBBV2/changes-035a72a81e59-b1.svg/ (+0ms) 
23:08:40   ├─ /charts/e/e_V05C8HCBBV2/commits-46cf326e7985-b1.svg/ (+2ms) 
23:08:40   ├─ /charts/e/e_V05C8HCBBV2/heatmap-46cf326e7985-b1.svg/ (+0ms) 
23:08:40   ├─ /charts/e/e_V05C8HCBBV2/daily-46cf326e7985-b1.svg/ (+0ms) 
23:08:40   ├─ /charts/e/e_V05C8HCBBV2/backfill-46cf326e7985-b1.svg/ (+0ms) 
23:08:40   ├─ /charts/e/e_V05C8HCBBV2/niche-46cf326e7985-b1.svg/ (+1ms) 
23:08:40   ├─ /charts/e/e_V05C8HCBBV2/changes-46cf326e7985-b1.svg/ (+0ms) 
23:08:40   ├─ /charts/e/e_V05C8HCBBV2/commits-515920e4ea3f-b1.svg/ (+1ms) 
23:08:40   ├─ /charts/e/e_V05C8HCBBV2/heatmap-515920e4ea3f-b1.svg/ (+2ms) 
23:08:40   ├─ /charts/e/e_V05C8HCBBV2/daily-515920e4ea3f-b1.svg/ (+1ms) 
23:08:40   ├─ /charts/e/e_V05C8HCBBV2/backfill-515920e4ea3f-b1.svg/ (+1ms) 
23:08:40   ├─ /charts/e/e_V05C8HCBBV2/niche-515920e4ea3f-b1.svg/ (+0ms) 
23:08:40   ├─ /charts/e/e_V05C8HCBBV2/changes-515920e4ea3f-b1.svg/ (+0ms) 
23:08:40   ├─ /charts/e/e_V05C8HCBBV2/commits-0a7b1714d0ad-b1.svg/ (+2ms) 
23:08:40   ├─ /charts/e/e_V05C8HCBBV2/heatmap-0a7b1714d0ad-b1.svg/ (+2ms) 
23:08:40   ├─ /charts/e/e_V05C8HCBBV2/daily-0a7b1714d0ad-b1.svg/ (+0ms) 
23:08:40   ├─ /charts/e/e_V05C8HCBBV2/backfill-0a7b1714d0ad-b1.svg/ (+1ms) 
23:08:40   ├─ /charts/e/e_V05C8HCBBV2/niche-0a7b1714d0ad-b1.svg/ (+1ms) 
23:08:40   ├─ /charts/e/e_V05C8HCBBV2/changes-0a7b1714d0ad-b1.svg/ (+3ms) 
23:08:40   ├─ /charts/e/e_V05C8HCBBV2/commits-fcfd3a7ccdcb-b1.svg/ (+1ms) 
23:08:40   ├─ /charts/e/e_V05C8HCBBV2/heatmap-fcfd3a7ccdcb-b1.svg/ (+1ms) 
23:08:40   ├─ /charts/e/e_V05C8HCBBV2/daily-fcfd3a7ccdcb-b1.svg/ (+0ms) 
23:08:40   ├─ /charts/e/e_V05C8HCBBV2/backfill-fcfd3a7ccdcb-b1.svg/ (+0ms) 
23:08:40   ├─ /charts/e/e_V05C8HCBBV2/niche-fcfd3a7ccdcb-b1.svg/ (+1ms) 
23:08:40   ├─ /charts/e/e_V05C8HCBBV2/changes-fcfd3a7ccdcb-b1.svg/ (+1ms) 
23:08:40   ├─ /charts/e/e_V42GXYWY24C/commits-46cf326e7985-b1.svg/ (+1ms) 
23:08:40   ├─ /charts/e/e_V42GXYWY24C/heatmap-46cf326e7985-b1.svg/ (+0ms) 
23:08:40   ├─ /charts/e/e_V42GXYWY24C/backfill-46cf326e7985-b1.svg/ (+1ms) 
23:08:40   ├─ /charts/e/e_V42GXYWY24C/niche-46cf326e7985-b1.svg/ (+1ms) 
23:08:40   ├─ /charts/e/e_V42GXYWY24C/changes-46cf326e7985-b1.svg/ (+1ms) 
23:08:40   ├─ /charts/e/e_V42GXYWY24C/commits-515920e4ea3f-b1.svg/ (+0ms) 
23:08:40   ├─ /charts/e/e_V42GXYWY24C/heatmap-515920e4ea3f-b1.svg/ (+1ms) 
23:08:40   ├─ /charts/e/e_V42GXYWY24C/backfill-515920e4ea3f-b1.svg/ (+2ms) 
23:08:40   ├─ /charts/e/e_V42GXYWY24C/niche-515920e4ea3f-b1.svg/ (+1ms) 
23:08:40   ├─ /charts/e/e_V42GXYWY24C/changes-515920e4ea3f-b1.svg/ (+1ms) 
23:08:40   ├─ /charts/e/e_V42GXYWY24C/commits-0a7b1714d0ad-b1.svg/ (+3ms) 
23:08:40   ├─ /charts/e/e_V42GXYWY24C/heatmap-0a7b1714d0ad-b1.svg/ (+2ms) 
23:08:40   ├─ /charts/e/e_V42GXYWY24C/backfill-0a7b1714d0ad-b1.svg/ (+0ms) 
23:08:40   ├─ /charts/e/e_V42GXYWY24C/niche-0a7b1714d0ad-b1.svg/ (+0ms) 
23:08:40   ├─ /charts/e/e_V42GXYWY24C/changes-0a7b1714d0ad-b1.svg/ (+1ms) 
23:08:40   ├─ /charts/e/e_V42GXYWY24C/commits-fcfd3a7ccdcb-b1.svg/ (+1ms) 
23:08:40   ├─ /charts/e/e_V42GXYWY24C/heatmap-fcfd3a7ccdcb-b1.svg/ (+2ms) 
23:08:40   ├─ /charts/e/e_V42GXYWY24C/backfill-fcfd3a7ccdcb-b1.svg/ (+1ms) 
23:08:40   ├─ /charts/e/e_V42GXYWY24C/niche-fcfd3a7ccdcb-b1.svg/ (+0ms) 
23:08:40   ├─ /charts/e/e_V42GXYWY24C/changes-fcfd3a7ccdcb-b1.svg/ (+1ms) 
23:08:40   ├─ /charts/e/e_V7MSNX3WC6J/commits-0a7b1714d0ad-b1.svg/ (+2ms) 
23:08:40   ├─ /charts/e/e_V7MSNX3WC6J/heatmap-0a7b1714d0ad-b1.svg/ (+0ms) 
23:08:40   ├─ /charts/e/e_V7MSNX3WC6J/backfill-0a7b1714d0ad-b1.svg/ (+1ms) 
23:08:40   ├─ /charts/e/e_V7MSNX3WC6J/niche-0a7b1714d0ad-b1.svg/ (+1ms) 
23:08:40   ├─ /charts/e/e_V7MSNX3WC6J/changes-0a7b1714d0ad-b1.svg/ (+0ms) 
23:08:40   ├─ /charts/e/e_V7MSNX3WC6J/commits-fcfd3a7ccdcb-b1.svg/ (+2ms) 
23:08:40   ├─ /charts/e/e_V7MSNX3WC6J/heatmap-fcfd3a7ccdcb-b1.svg/ (+3ms) 
23:08:40   ├─ /charts/e/e_V7MSNX3WC6J/backfill-fcfd3a7ccdcb-b1.svg/ (+0ms) 
23:08:40   ├─ /charts/e/e_V7MSNX3WC6J/niche-fcfd3a7ccdcb-b1.svg/ (+1ms) 
23:08:40   ├─ /charts/e/e_V7MSNX3WC6J/changes-fcfd3a7ccdcb-b1.svg/ (+1ms) 
23:08:40   ├─ /charts/e/e_V9ERGE3E0B4/commits-8b04a522dda1-b1.svg/ (+1ms) 
23:08:40   ├─ /charts/e/e_V9ERGE3E0B4/heatmap-8b04a522dda1-b1.svg/ (+1ms) 
23:08:40   ├─ /charts/e/e_V9ERGE3E0B4/backfill-8b04a522dda1-b1.svg/ (+1ms) 
23:08:40   ├─ /charts/e/e_V9ERGE3E0B4/niche-8b04a522dda1-b1.svg/ (+1ms) 
23:08:40   ├─ /charts/e/e_V9ERGE3E0B4/changes-8b04a522dda1-b1.svg/ (+1ms) 
23:08:40   ├─ /charts/e/e_V9ERGE3E0B4/commits-f1f2495d518d-b1.svg/ (+1ms) 
23:08:40   ├─ /charts/e/e_V9ERGE3E0B4/heatmap-f1f2495d518d-b1.svg/ (+2ms) 
23:08:40   ├─ /charts/e/e_V9ERGE3E0B4/backfill-f1f2495d518d-b1.svg/ (+1ms) 
23:08:40   ├─ /charts/e/e_V9ERGE3E0B4/niche-f1f2495d518d-b1.svg/ (+1ms) 
23:08:40   ├─ /charts/e/e_V9ERGE3E0B4/changes-f1f2495d518d-b1.svg/ (+1ms) 
23:08:40   ├─ /charts/e/e_V9ERGE3E0B4/commits-f1f2495d518d-b1.svg/ (+1ms) 
23:08:40   ├─ /charts/e/e_V9ERGE3E0B4/heatmap-f1f2495d518d-b1.svg/ (+3ms) 
23:08:40   ├─ /charts/e/e_V9ERGE3E0B4/backfill-f1f2495d518d-b1.svg/ (+1ms) 
23:08:40   ├─ /charts/e/e_V9ERGE3E0B4/niche-f1f2495d518d-b1.svg/ (+1ms) 
23:08:40   ├─ /charts/e/e_V9ERGE3E0B4/changes-f1f2495d518d-b1.svg/ (+2ms) 
23:08:40   ├─ /charts/e/e_V9ERGE3E0B4/commits-7e6b5bcfba2a-b1.svg/ (+1ms) 
23:08:40   ├─ /charts/e/e_V9ERGE3E0B4/heatmap-7e6b5bcfba2a-b1.svg/ (+1ms) 
23:08:40   ├─ /charts/e/e_V9ERGE3E0B4/backfill-7e6b5bcfba2a-b1.svg/ (+0ms) 
23:08:40   ├─ /charts/e/e_V9ERGE3E0B4/niche-7e6b5bcfba2a-b1.svg/ (+0ms) 
23:08:40   ├─ /charts/e/e_V9ERGE3E0B4/changes-7e6b5bcfba2a-b1.svg/ (+0ms) 
23:08:40   ├─ /charts/e/e_V9ERGE3E0B4/commits-df540ea0d40d-b1.svg/ (+2ms) 
23:08:40   ├─ /charts/e/e_V9ERGE3E0B4/heatmap-df540ea0d40d-b1.svg/ (+1ms) 
23:08:40   ├─ /charts/e/e_V9ERGE3E0B4/backfill-df540ea0d40d-b1.svg/ (+1ms) 
23:08:40   ├─ /charts/e/e_V9ERGE3E0B4/niche-df540ea0d40d-b1.svg/ (+2ms) 
23:08:40   ├─ /charts/e/e_V9ERGE3E0B4/changes-df540ea0d40d-b1.svg/ (+0ms) 
23:08:40   ├─ /charts/e/e_V9ERGE3E0B4/commits-064bcdd1c2d3-b1.svg/ (+5ms) 
23:08:40   ├─ /charts/e/e_V9ERGE3E0B4/heatmap-064bcdd1c2d3-b1.svg/ (+3ms) 
23:08:40   ├─ /charts/e/e_V9ERGE3E0B4/backfill-064bcdd1c2d3-b1.svg/ (+1ms) 
23:08:40   ├─ /charts/e/e_V9ERGE3E0B4/niche-064bcdd1c2d3-b1.svg/ (+1ms) 
23:08:40   ├─ /charts/e/e_V9ERGE3E0B4/changes-064bcdd1c2d3-b1.svg/ (+1ms) 
23:08:40   ├─ /charts/e/e_V9ERGE3E0B4/commits-be624cbf9aec-b1.svg/ (+1ms) 
23:08:40   ├─ /charts/e/e_V9ERGE3E0B4/heatmap-be624cbf9aec-b1.svg/ (+1ms) 
23:08:40   ├─ /charts/e/e_V9ERGE3E0B4/backfill-be624cbf9aec-b1.svg/ (+1ms) 
23:08:40   ├─ /charts/e/e_V9ERGE3E0B4/niche-be624cbf9aec-b1.svg/ (+1ms) 
23:08:40   ├─ /charts/e/e_V9ERGE3E0B4/changes-be624cbf9aec-b1.svg/ (+0ms) 
23:08:40   ├─ /charts/e/e_V9ERGE3E0B4/commits-fe618519ff6a-b1.svg/ (+0ms) 
23:08:40   ├─ /charts/e/e_V9ERGE3E0B4/heatmap-fe618519ff6a-b1.svg/ (+1ms) 
23:08:40   ├─ /charts/e/e_V9ERGE3E0B4/backfill-fe618519ff6a-b1.svg/ (+1ms) 
23:08:40   ├─ /charts/e/e_V9ERGE3E0B4/niche-fe618519ff6a-b1.svg/ (+1ms) 
23:08:40   ├─ /charts/e/e_V9ERGE3E0B4/changes-fe618519ff6a-b1.svg/ (+0ms) 
23:08:40   ├─ /charts/e/e_V9ERGE3E0B4/commits-035a72a81e59-b1.svg/ (+1ms) 
23:08:40   ├─ /charts/e/e_V9ERGE3E0B4/heatmap-035a72a81e59-b1.svg/ (+1ms) 
23:08:40   ├─ /charts/e/e_V9ERGE3E0B4/backfill-035a72a81e59-b1.svg/ (+1ms) 
23:08:40   ├─ /charts/e/e_V9ERGE3E0B4/niche-035a72a81e59-b1.svg/ (+2ms) 
23:08:40   ├─ /charts/e/e_V9ERGE3E0B4/changes-035a72a81e59-b1.svg/ (+1ms) 
23:08:40   ├─ /charts/e/e_V9ERGE3E0B4/commits-9d18a826a3f1-b1.svg/ (+3ms) 
23:08:40   ├─ /charts/e/e_V9ERGE3E0B4/heatmap-9d18a826a3f1-b1.svg/ (+1ms) 
23:08:40   ├─ /charts/e/e_V9ERGE3E0B4/backfill-9d18a826a3f1-b1.svg/ (+1ms) 
23:08:40   ├─ /charts/e/e_V9ERGE3E0B4/niche-9d18a826a3f1-b1.svg/ (+0ms) 
23:08:40   ├─ /charts/e/e_V9ERGE3E0B4/changes-9d18a826a3f1-b1.svg/ (+0ms) 
23:08:40   ├─ /charts/e/e_V9ERGE3E0B4/commits-66cffe06e8cb-b1.svg/ (+1ms) 
23:08:40   ├─ /charts/e/e_V9ERGE3E0B4/heatmap-66cffe06e8cb-b1.svg/ (+1ms) 
23:08:40   ├─ /charts/e/e_V9ERGE3E0B4/backfill-66cffe06e8cb-b1.svg/ (+0ms) 
23:08:40   ├─ /charts/e/e_V9ERGE3E0B4/niche-66cffe06e8cb-b1.svg/ (+2ms) 
23:08:40   ├─ /charts/e/e_V9ERGE3E0B4/changes-66cffe06e8cb-b1.svg/ (+0ms) 
23:08:40   ├─ /charts/e/e_V9ERGE3E0B4/commits-46cf326e7985-b1.svg/ (+1ms) 
23:08:40   ├─ /charts/e/e_V9ERGE3E0B4/heatmap-46cf326e7985-b1.svg/ (+2ms) 
23:08:40   ├─ /charts/e/e_V9ERGE3E0B4/backfill-46cf326e7985-b1.svg/ (+1ms) 
23:08:40   ├─ /charts/e/e_V9ERGE3E0B4/niche-46cf326e7985-b1.svg/ (+1ms) 
23:08:40   ├─ /charts/e/e_V9ERGE3E0B4/changes-46cf326e7985-b1.svg/ (+1ms) 
23:08:40   ├─ /charts/e/e_V9ERGE3E0B4/commits-515920e4ea3f-b1.svg/ (+1ms) 
23:08:40   ├─ /charts/e/e_V9ERGE3E0B4/heatmap-515920e4ea3f-b1.svg/ (+0ms) 
23:08:40   ├─ /charts/e/e_V9ERGE3E0B4/backfill-515920e4ea3f-b1.svg/ (+2ms) 
23:08:40   ├─ /charts/e/e_V9ERGE3E0B4/niche-515920e4ea3f-b1.svg/ (+1ms) 
23:08:40   ├─ /charts/e/e_V9ERGE3E0B4/changes-515920e4ea3f-b1.svg/ (+1ms) 
23:08:40   ├─ /charts/e/e_V9ERGE3E0B4/commits-0a7b1714d0ad-b1.svg/ (+1ms) 
23:08:40   ├─ /charts/e/e_V9ERGE3E0B4/heatmap-0a7b1714d0ad-b1.svg/ (+1ms) 
23:08:40   ├─ /charts/e/e_V9ERGE3E0B4/backfill-0a7b1714d0ad-b1.svg/ (+1ms) 
23:08:40   ├─ /charts/e/e_V9ERGE3E0B4/niche-0a7b1714d0ad-b1.svg/ (+1ms) 
23:08:41   ├─ /charts/e/e_V9ERGE3E0B4/changes-0a7b1714d0ad-b1.svg/ (+0ms) 
23:08:41   ├─ /charts/e/e_V9ERGE3E0B4/commits-fcfd3a7ccdcb-b1.svg/ (+1ms) 
23:08:41   ├─ /charts/e/e_V9ERGE3E0B4/heatmap-fcfd3a7ccdcb-b1.svg/ (+1ms) 
23:08:41   ├─ /charts/e/e_V9ERGE3E0B4/backfill-fcfd3a7ccdcb-b1.svg/ (+1ms) 
23:08:41   ├─ /charts/e/e_V9ERGE3E0B4/niche-fcfd3a7ccdcb-b1.svg/ (+0ms) 
23:08:41   ├─ /charts/e/e_V9ERGE3E0B4/changes-fcfd3a7ccdcb-b1.svg/ (+0ms) 
23:08:41   ├─ /charts/e/e_VBBNJDDB0DA/commits-8b04a522dda1-b1.svg/ (+5ms) 
23:08:41   ├─ /charts/e/e_VBBNJDDB0DA/heatmap-8b04a522dda1-b1.svg/ (+5ms) 
23:08:41   ├─ /charts/e/e_VBBNJDDB0DA/backfill-8b04a522dda1-b1.svg/ (+1ms) 
23:08:41   ├─ /charts/e/e_VBBNJDDB0DA/niche-8b04a522dda1-b1.svg/ (+1ms) 
23:08:41   ├─ /charts/e/e_VBBNJDDB0DA/changes-8b04a522dda1-b1.svg/ (+2ms) 
23:08:41   ├─ /charts/e/e_VBBNJDDB0DA/commits-f1f2495d518d-b1.svg/ (+3ms) 
23:08:41   ├─ /charts/e/e_VBBNJDDB0DA/heatmap-f1f2495d518d-b1.svg/ (+1ms) 
23:08:41   ├─ /charts/e/e_VBBNJDDB0DA/backfill-f1f2495d518d-b1.svg/ (+1ms) 
23:08:41   ├─ /charts/e/e_VBBNJDDB0DA/niche-f1f2495d518d-b1.svg/ (+1ms) 
23:08:41   ├─ /charts/e/e_VBBNJDDB0DA/changes-f1f2495d518d-b1.svg/ (+1ms) 
23:08:41   ├─ /charts/e/e_VBBNJDDB0DA/commits-f1f2495d518d-b1.svg/ (+1ms) 
23:08:41   ├─ /charts/e/e_VBBNJDDB0DA/heatmap-f1f2495d518d-b1.svg/ (+2ms) 
23:08:41   ├─ /charts/e/e_VBBNJDDB0DA/backfill-f1f2495d518d-b1.svg/ (+2ms) 
23:08:41   ├─ /charts/e/e_VBBNJDDB0DA/niche-f1f2495d518d-b1.svg/ (+1ms) 
23:08:41   ├─ /charts/e/e_VBBNJDDB0DA/changes-f1f2495d518d-b1.svg/ (+1ms) 
23:08:41   ├─ /charts/e/e_VBBNJDDB0DA/commits-7e6b5bcfba2a-b1.svg/ (+1ms) 
23:08:41   ├─ /charts/e/e_VBBNJDDB0DA/heatmap-7e6b5bcfba2a-b1.svg/ (+2ms) 
23:08:41   ├─ /charts/e/e_VBBNJDDB0DA/citations-7e6b5bcfba2a-b1.svg/ (+2ms) 
23:08:41   ├─ /charts/e/e_VBBNJDDB0DA/backfill-7e6b5bcfba2a-b1.svg/ (+1ms) 
23:08:41   ├─ /charts/e/e_VBBNJDDB0DA/niche-7e6b5bcfba2a-b1.svg/ (+0ms) 
23:08:41   ├─ /charts/e/e_VBBNJDDB0DA/changes-7e6b5bcfba2a-b1.svg/ (+1ms) 
23:08:41   ├─ /charts/e/e_VBBNJDDB0DA/commits-df540ea0d40d-b1.svg/ (+3ms) 
23:08:41   ├─ /charts/e/e_VBBNJDDB0DA/heatmap-df540ea0d40d-b1.svg/ (+5ms) 
23:08:41   ├─ /charts/e/e_VBBNJDDB0DA/citations-df540ea0d40d-b1.svg/ (+2ms) 
23:08:41   ├─ /charts/e/e_VBBNJDDB0DA/backfill-df540ea0d40d-b1.svg/ (+1ms) 
23:08:41   ├─ /charts/e/e_VBBNJDDB0DA/niche-df540ea0d40d-b1.svg/ (+4ms) 
23:08:41   ├─ /charts/e/e_VBBNJDDB0DA/changes-df540ea0d40d-b1.svg/ (+2ms) 
23:08:41   ├─ /charts/e/e_VBBNJDDB0DA/commits-064bcdd1c2d3-b1.svg/ (+8ms) 
23:08:41   ├─ /charts/e/e_VBBNJDDB0DA/heatmap-064bcdd1c2d3-b1.svg/ (+6ms) 
23:08:41   ├─ /charts/e/e_VBBNJDDB0DA/citations-064bcdd1c2d3-b1.svg/ (+2ms) 
23:08:41   ├─ /charts/e/e_VBBNJDDB0DA/backfill-064bcdd1c2d3-b1.svg/ (+14ms) 
23:08:41   ├─ /charts/e/e_VBBNJDDB0DA/niche-064bcdd1c2d3-b1.svg/ (+14ms) 
23:08:41   ├─ /charts/e/e_VBBNJDDB0DA/changes-064bcdd1c2d3-b1.svg/ (+13ms) 
23:08:41   ├─ /charts/e/e_VBBNJDDB0DA/commits-be624cbf9aec-b1.svg/ (+26ms) 
23:08:41   ├─ /charts/e/e_VBBNJDDB0DA/heatmap-be624cbf9aec-b1.svg/ (+11ms) 
23:08:41   ├─ /charts/e/e_VBBNJDDB0DA/citations-be624cbf9aec-b1.svg/ (+11ms) 
23:08:41   ├─ /charts/e/e_VBBNJDDB0DA/backfill-be624cbf9aec-b1.svg/ (+9ms) 
23:08:41   ├─ /charts/e/e_VBBNJDDB0DA/niche-be624cbf9aec-b1.svg/ (+5ms) 
23:08:41   ├─ /charts/e/e_VBBNJDDB0DA/changes-be624cbf9aec-b1.svg/ (+3ms) 
23:08:41   ├─ /charts/e/e_VBBNJDDB0DA/commits-fe618519ff6a-b1.svg/ (+3ms) 
23:08:41   ├─ /charts/e/e_VBBNJDDB0DA/heatmap-fe618519ff6a-b1.svg/ (+1ms) 
23:08:41   ├─ /charts/e/e_VBBNJDDB0DA/citations-fe618519ff6a-b1.svg/ (+1ms) 
23:08:41   ├─ /charts/e/e_VBBNJDDB0DA/backfill-fe618519ff6a-b1.svg/ (+1ms) 
23:08:41   ├─ /charts/e/e_VBBNJDDB0DA/niche-fe618519ff6a-b1.svg/ (+1ms) 
23:08:41   ├─ /charts/e/e_VBBNJDDB0DA/changes-fe618519ff6a-b1.svg/ (+2ms) 
23:08:41   ├─ /charts/e/e_VBBNJDDB0DA/commits-035a72a81e59-b1.svg/ (+2ms) 
23:08:41   ├─ /charts/e/e_VBBNJDDB0DA/heatmap-035a72a81e59-b1.svg/ (+2ms) 
23:08:41   ├─ /charts/e/e_VBBNJDDB0DA/citations-035a72a81e59-b1.svg/ (+1ms) 
23:08:41   ├─ /charts/e/e_VBBNJDDB0DA/backfill-035a72a81e59-b1.svg/ (+1ms) 
23:08:41   ├─ /charts/e/e_VBBNJDDB0DA/niche-035a72a81e59-b1.svg/ (+0ms) 
23:08:41   ├─ /charts/e/e_VBBNJDDB0DA/changes-035a72a81e59-b1.svg/ (+0ms) 
23:08:41   ├─ /charts/e/e_VBBNJDDB0DA/commits-9d18a826a3f1-b1.svg/ (+2ms) 
23:08:41   ├─ /charts/e/e_VBBNJDDB0DA/heatmap-9d18a826a3f1-b1.svg/ (+2ms) 
23:08:41   ├─ /charts/e/e_VBBNJDDB0DA/citations-9d18a826a3f1-b1.svg/ (+0ms) 
23:08:41   ├─ /charts/e/e_VBBNJDDB0DA/backfill-9d18a826a3f1-b1.svg/ (+6ms) 
23:08:41   ├─ /charts/e/e_VBBNJDDB0DA/niche-9d18a826a3f1-b1.svg/ (+2ms) 
23:08:41   ├─ /charts/e/e_VBBNJDDB0DA/changes-9d18a826a3f1-b1.svg/ (+1ms) 
23:08:41   ├─ /charts/e/e_VBBNJDDB0DA/commits-66cffe06e8cb-b1.svg/ (+2ms) 
23:08:41   ├─ /charts/e/e_VBBNJDDB0DA/heatmap-66cffe06e8cb-b1.svg/ (+3ms) 
23:08:41   ├─ /charts/e/e_VBBNJDDB0DA/citations-66cffe06e8cb-b1.svg/ (+1ms) 
23:08:41   ├─ /charts/e/e_VBBNJDDB0DA/backfill-66cffe06e8cb-b1.svg/ (+2ms) 
23:08:41   ├─ /charts/e/e_VBBNJDDB0DA/niche-66cffe06e8cb-b1.svg/ (+1ms) 
23:08:41   ├─ /charts/e/e_VBBNJDDB0DA/changes-66cffe06e8cb-b1.svg/ (+1ms) 
23:08:41   ├─ /charts/e/e_VBBNJDDB0DA/commits-46cf326e7985-b1.svg/ (+1ms) 
23:08:41   ├─ /charts/e/e_VBBNJDDB0DA/heatmap-46cf326e7985-b1.svg/ (+3ms) 
23:08:41   ├─ /charts/e/e_VBBNJDDB0DA/citations-46cf326e7985-b1.svg/ (+1ms) 
23:08:41   ├─ /charts/e/e_VBBNJDDB0DA/backfill-46cf326e7985-b1.svg/ (+3ms) 
23:08:41   ├─ /charts/e/e_VBBNJDDB0DA/niche-46cf326e7985-b1.svg/ (+2ms) 
23:08:41   ├─ /charts/e/e_VBBNJDDB0DA/changes-46cf326e7985-b1.svg/ (+1ms) 
23:08:41   ├─ /charts/e/e_VBBNJDDB0DA/commits-515920e4ea3f-b1.svg/ (+1ms) 
23:08:41   ├─ /charts/e/e_VBBNJDDB0DA/heatmap-515920e4ea3f-b1.svg/ (+4ms) 
23:08:41   ├─ /charts/e/e_VBBNJDDB0DA/citations-515920e4ea3f-b1.svg/ (+1ms) 
23:08:41   ├─ /charts/e/e_VBBNJDDB0DA/backfill-515920e4ea3f-b1.svg/ (+2ms) 
23:08:41   ├─ /charts/e/e_VBBNJDDB0DA/niche-515920e4ea3f-b1.svg/ (+1ms) 
23:08:41   ├─ /charts/e/e_VBBNJDDB0DA/changes-515920e4ea3f-b1.svg/ (+0ms) 
23:08:41   ├─ /charts/e/e_VBBNJDDB0DA/commits-0a7b1714d0ad-b1.svg/ (+1ms) 
23:08:41   ├─ /charts/e/e_VBBNJDDB0DA/heatmap-0a7b1714d0ad-b1.svg/ (+1ms) 
23:08:41   ├─ /charts/e/e_VBBNJDDB0DA/citations-0a7b1714d0ad-b1.svg/ (+2ms) 
23:08:41   ├─ /charts/e/e_VBBNJDDB0DA/backfill-0a7b1714d0ad-b1.svg/ (+1ms) 
23:08:41   ├─ /charts/e/e_VBBNJDDB0DA/niche-0a7b1714d0ad-b1.svg/ (+1ms) 
23:08:41   ├─ /charts/e/e_VBBNJDDB0DA/changes-0a7b1714d0ad-b1.svg/ (+6ms) 
23:08:41   ├─ /charts/e/e_VBBNJDDB0DA/commits-fcfd3a7ccdcb-b1.svg/ (+5ms) 
23:08:41   ├─ /charts/e/e_VBBNJDDB0DA/heatmap-fcfd3a7ccdcb-b1.svg/ (+3ms) 
23:08:41   ├─ /charts/e/e_VBBNJDDB0DA/citations-fcfd3a7ccdcb-b1.svg/ (+4ms) 
23:08:41   ├─ /charts/e/e_VBBNJDDB0DA/dependents-fcfd3a7ccdcb-b1.svg/ (+3ms) 
23:08:41   ├─ /charts/e/e_VBBNJDDB0DA/backfill-fcfd3a7ccdcb-b1.svg/ (+2ms) 
23:08:41   ├─ /charts/e/e_VBBNJDDB0DA/niche-fcfd3a7ccdcb-b1.svg/ (+3ms) 
23:08:41   ├─ /charts/e/e_VBBNJDDB0DA/changes-fcfd3a7ccdcb-b1.svg/ (+5ms) 
23:08:41   ├─ /charts/e/e_XTYDTXK7PNY/commits-8b04a522dda1-b1.svg/ (+4ms) 
23:08:41   ├─ /charts/e/e_XTYDTXK7PNY/heatmap-8b04a522dda1-b1.svg/ (+1ms) 
23:08:41   ├─ /charts/e/e_XTYDTXK7PNY/niche-8b04a522dda1-b1.svg/ (+1ms) 
23:08:41   ├─ /charts/e/e_XTYDTXK7PNY/changes-8b04a522dda1-b1.svg/ (+3ms) 
23:08:41   ├─ /charts/e/e_XTYDTXK7PNY/commits-f1f2495d518d-b1.svg/ (+0ms) 
23:08:41   ├─ /charts/e/e_XTYDTXK7PNY/heatmap-f1f2495d518d-b1.svg/ (+1ms) 
23:08:41   ├─ /charts/e/e_XTYDTXK7PNY/niche-f1f2495d518d-b1.svg/ (+3ms) 
23:08:41   ├─ /charts/e/e_XTYDTXK7PNY/changes-f1f2495d518d-b1.svg/ (+4ms) 
23:08:41   ├─ /charts/e/e_XTYDTXK7PNY/commits-f1f2495d518d-b1.svg/ (+1ms) 
23:08:41   ├─ /charts/e/e_XTYDTXK7PNY/heatmap-f1f2495d518d-b1.svg/ (+1ms) 
23:08:41   ├─ /charts/e/e_XTYDTXK7PNY/niche-f1f2495d518d-b1.svg/ (+0ms) 
23:08:41   ├─ /charts/e/e_XTYDTXK7PNY/changes-f1f2495d518d-b1.svg/ (+0ms) 
23:08:41   ├─ /charts/e/e_XTYDTXK7PNY/commits-7e6b5bcfba2a-b1.svg/ (+0ms) 
23:08:41   ├─ /charts/e/e_XTYDTXK7PNY/heatmap-7e6b5bcfba2a-b1.svg/ (+0ms) 
23:08:41   ├─ /charts/e/e_XTYDTXK7PNY/citations-7e6b5bcfba2a-b1.svg/ (+0ms) 
23:08:41   ├─ /charts/e/e_XTYDTXK7PNY/niche-7e6b5bcfba2a-b1.svg/ (+0ms) 
23:08:41   ├─ /charts/e/e_XTYDTXK7PNY/changes-7e6b5bcfba2a-b1.svg/ (+1ms) 
23:08:41   ├─ /charts/e/e_XTYDTXK7PNY/commits-df540ea0d40d-b1.svg/ (+7ms) 
23:08:41   ├─ /charts/e/e_XTYDTXK7PNY/heatmap-df540ea0d40d-b1.svg/ (+1ms) 
23:08:41   ├─ /charts/e/e_XTYDTXK7PNY/citations-df540ea0d40d-b1.svg/ (+5ms) 
23:08:41   ├─ /charts/e/e_XTYDTXK7PNY/niche-df540ea0d40d-b1.svg/ (+5ms) 
23:08:41   ├─ /charts/e/e_XTYDTXK7PNY/changes-df540ea0d40d-b1.svg/ (+1ms) 
23:08:41   ├─ /charts/e/e_XTYDTXK7PNY/commits-064bcdd1c2d3-b1.svg/ (+2ms) 
23:08:41   ├─ /charts/e/e_XTYDTXK7PNY/heatmap-064bcdd1c2d3-b1.svg/ (+0ms) 
23:08:41   ├─ /charts/e/e_XTYDTXK7PNY/citations-064bcdd1c2d3-b1.svg/ (+2ms) 
23:08:41   ├─ /charts/e/e_XTYDTXK7PNY/niche-064bcdd1c2d3-b1.svg/ (+4ms) 
23:08:41   ├─ /charts/e/e_XTYDTXK7PNY/changes-064bcdd1c2d3-b1.svg/ (+13ms) 
23:08:41   ├─ /charts/e/e_XTYDTXK7PNY/commits-be624cbf9aec-b1.svg/ (+2ms) 
23:08:41   ├─ /charts/e/e_XTYDTXK7PNY/heatmap-be624cbf9aec-b1.svg/ (+3ms) 
23:08:41   ├─ /charts/e/e_XTYDTXK7PNY/citations-be624cbf9aec-b1.svg/ (+4ms) 
23:08:41   ├─ /charts/e/e_XTYDTXK7PNY/niche-be624cbf9aec-b1.svg/ (+1ms) 
23:08:41   ├─ /charts/e/e_XTYDTXK7PNY/changes-be624cbf9aec-b1.svg/ (+1ms) 
23:08:41   ├─ /charts/e/e_XTYDTXK7PNY/commits-fe618519ff6a-b1.svg/ (+0ms) 
23:08:41   ├─ /charts/e/e_XTYDTXK7PNY/heatmap-fe618519ff6a-b1.svg/ (+2ms) 
23:08:41   ├─ /charts/e/e_XTYDTXK7PNY/citations-fe618519ff6a-b1.svg/ (+1ms) 
23:08:41   ├─ /charts/e/e_XTYDTXK7PNY/niche-fe618519ff6a-b1.svg/ (+3ms) 
23:08:41   ├─ /charts/e/e_XTYDTXK7PNY/changes-fe618519ff6a-b1.svg/ (+1ms) 
23:08:41   ├─ /charts/e/e_XTYDTXK7PNY/commits-035a72a81e59-b1.svg/ (+2ms) 
23:08:41   ├─ /charts/e/e_XTYDTXK7PNY/heatmap-035a72a81e59-b1.svg/ (+1ms) 
23:08:41   ├─ /charts/e/e_XTYDTXK7PNY/citations-035a72a81e59-b1.svg/ (+1ms) 
23:08:41   ├─ /charts/e/e_XTYDTXK7PNY/niche-035a72a81e59-b1.svg/ (+3ms) 
23:08:41   ├─ /charts/e/e_XTYDTXK7PNY/changes-035a72a81e59-b1.svg/ (+1ms) 
23:08:41   ├─ /charts/e/e_XTYDTXK7PNY/commits-9d18a826a3f1-b1.svg/ (+0ms) 
23:08:41   ├─ /charts/e/e_XTYDTXK7PNY/heatmap-9d18a826a3f1-b1.svg/ (+2ms) 
23:08:41   ├─ /charts/e/e_XTYDTXK7PNY/citations-9d18a826a3f1-b1.svg/ (+1ms) 
23:08:41   ├─ /charts/e/e_XTYDTXK7PNY/niche-9d18a826a3f1-b1.svg/ (+2ms) 
23:08:41   ├─ /charts/e/e_XTYDTXK7PNY/changes-9d18a826a3f1-b1.svg/ (+1ms) 
23:08:41   ├─ /charts/e/e_XTYDTXK7PNY/commits-66cffe06e8cb-b1.svg/ (+5ms) 
23:08:41   ├─ /charts/e/e_XTYDTXK7PNY/heatmap-66cffe06e8cb-b1.svg/ (+1ms) 
23:08:41   ├─ /charts/e/e_XTYDTXK7PNY/citations-66cffe06e8cb-b1.svg/ (+1ms) 
23:08:41   ├─ /charts/e/e_XTYDTXK7PNY/niche-66cffe06e8cb-b1.svg/ (+4ms) 
23:08:41   ├─ /charts/e/e_XTYDTXK7PNY/changes-66cffe06e8cb-b1.svg/ (+1ms) 
23:08:41   ├─ /charts/e/e_XTYDTXK7PNY/commits-46cf326e7985-b1.svg/ (+3ms) 
23:08:41   ├─ /charts/e/e_XTYDTXK7PNY/heatmap-46cf326e7985-b1.svg/ (+17ms) 
23:08:41   ├─ /charts/e/e_XTYDTXK7PNY/citations-46cf326e7985-b1.svg/ (+2ms) 
23:08:41   ├─ /charts/e/e_XTYDTXK7PNY/niche-46cf326e7985-b1.svg/ (+2ms) 
23:08:41   ├─ /charts/e/e_XTYDTXK7PNY/changes-46cf326e7985-b1.svg/ (+3ms) 
23:08:41   ├─ /charts/e/e_XTYDTXK7PNY/commits-515920e4ea3f-b1.svg/ (+1ms) 
23:08:41   ├─ /charts/e/e_XTYDTXK7PNY/heatmap-515920e4ea3f-b1.svg/ (+2ms) 
23:08:41   ├─ /charts/e/e_XTYDTXK7PNY/citations-515920e4ea3f-b1.svg/ (+1ms) 
23:08:41   ├─ /charts/e/e_XTYDTXK7PNY/niche-515920e4ea3f-b1.svg/ (+1ms) 
23:08:41   ├─ /charts/e/e_XTYDTXK7PNY/changes-515920e4ea3f-b1.svg/ (+1ms) 
23:08:41   ├─ /charts/e/e_XTYDTXK7PNY/commits-0a7b1714d0ad-b1.svg/ (+1ms) 
23:08:41   ├─ /charts/e/e_XTYDTXK7PNY/heatmap-0a7b1714d0ad-b1.svg/ (+1ms) 
23:08:41   ├─ /charts/e/e_XTYDTXK7PNY/citations-0a7b1714d0ad-b1.svg/ (+0ms) 
23:08:41   ├─ /charts/e/e_XTYDTXK7PNY/niche-0a7b1714d0ad-b1.svg/ (+1ms) 
23:08:41   ├─ /charts/e/e_XTYDTXK7PNY/changes-0a7b1714d0ad-b1.svg/ (+3ms) 
23:08:41   ├─ /charts/e/e_XTYDTXK7PNY/commits-fcfd3a7ccdcb-b1.svg/ (+2ms) 
23:08:41   ├─ /charts/e/e_XTYDTXK7PNY/heatmap-fcfd3a7ccdcb-b1.svg/ (+1ms) 
23:08:41   ├─ /charts/e/e_XTYDTXK7PNY/citations-fcfd3a7ccdcb-b1.svg/ (+2ms) 
23:08:41   ├─ /charts/e/e_XTYDTXK7PNY/niche-fcfd3a7ccdcb-b1.svg/ (+0ms) 
23:08:41   ├─ /charts/e/e_XTYDTXK7PNY/changes-fcfd3a7ccdcb-b1.svg/ (+1ms) 
23:08:41   ├─ /charts/e/e_Y0KW8KTAF72/commits-f1f2495d518d-b1.svg/ (+1ms) 
23:08:41   ├─ /charts/e/e_Y0KW8KTAF72/heatmap-f1f2495d518d-b1.svg/ (+1ms) 
23:08:41   ├─ /charts/e/e_Y0KW8KTAF72/niche-f1f2495d518d-b1.svg/ (+2ms) 
23:08:41   ├─ /charts/e/e_Y0KW8KTAF72/changes-f1f2495d518d-b1.svg/ (+1ms) 
23:08:41   ├─ /charts/e/e_Y0KW8KTAF72/commits-f1f2495d518d-b1.svg/ (+1ms) 
23:08:41   ├─ /charts/e/e_Y0KW8KTAF72/heatmap-f1f2495d518d-b1.svg/ (+2ms) 
23:08:41   ├─ /charts/e/e_Y0KW8KTAF72/niche-f1f2495d518d-b1.svg/ (+1ms) 
23:08:41   ├─ /charts/e/e_Y0KW8KTAF72/changes-f1f2495d518d-b1.svg/ (+1ms) 
23:08:41   ├─ /charts/e/e_Y0KW8KTAF72/commits-7e6b5bcfba2a-b1.svg/ (+2ms) 
23:08:41   ├─ /charts/e/e_Y0KW8KTAF72/heatmap-7e6b5bcfba2a-b1.svg/ (+1ms) 
23:08:41   ├─ /charts/e/e_Y0KW8KTAF72/niche-7e6b5bcfba2a-b1.svg/ (+1ms) 
23:08:41   ├─ /charts/e/e_Y0KW8KTAF72/changes-7e6b5bcfba2a-b1.svg/ (+2ms) 
23:08:41   ├─ /charts/e/e_Y0KW8KTAF72/commits-df540ea0d40d-b1.svg/ (+47ms) 
23:08:41   ├─ /charts/e/e_Y0KW8KTAF72/heatmap-df540ea0d40d-b1.svg/ (+1ms) 
23:08:41   ├─ /charts/e/e_Y0KW8KTAF72/niche-df540ea0d40d-b1.svg/ (+1ms) 
23:08:41   ├─ /charts/e/e_Y0KW8KTAF72/changes-df540ea0d40d-b1.svg/ (+1ms) 
23:08:41   ├─ /charts/e/e_Y0KW8KTAF72/commits-064bcdd1c2d3-b1.svg/ (+1ms) 
23:08:41   ├─ /charts/e/e_Y0KW8KTAF72/heatmap-064bcdd1c2d3-b1.svg/ (+3ms) 
23:08:41   ├─ /charts/e/e_Y0KW8KTAF72/niche-064bcdd1c2d3-b1.svg/ (+1ms) 
23:08:41   ├─ /charts/e/e_Y0KW8KTAF72/changes-064bcdd1c2d3-b1.svg/ (+1ms) 
23:08:41   ├─ /charts/e/e_Y0KW8KTAF72/commits-be624cbf9aec-b1.svg/ (+1ms) 
23:08:41   ├─ /charts/e/e_Y0KW8KTAF72/heatmap-be624cbf9aec-b1.svg/ (+1ms) 
23:08:41   ├─ /charts/e/e_Y0KW8KTAF72/niche-be624cbf9aec-b1.svg/ (+1ms) 
23:08:41   ├─ /charts/e/e_Y0KW8KTAF72/changes-be624cbf9aec-b1.svg/ (+0ms) 
23:08:41   ├─ /charts/e/e_Y0KW8KTAF72/commits-fe618519ff6a-b1.svg/ (+4ms) 
23:08:41   ├─ /charts/e/e_Y0KW8KTAF72/heatmap-fe618519ff6a-b1.svg/ (+1ms) 
23:08:41   ├─ /charts/e/e_Y0KW8KTAF72/niche-fe618519ff6a-b1.svg/ (+1ms) 
23:08:41   ├─ /charts/e/e_Y0KW8KTAF72/changes-fe618519ff6a-b1.svg/ (+1ms) 
23:08:41   ├─ /charts/e/e_Y0KW8KTAF72/commits-035a72a81e59-b1.svg/ (+1ms) 
23:08:41   ├─ /charts/e/e_Y0KW8KTAF72/heatmap-035a72a81e59-b1.svg/ (+1ms) 
23:08:41   ├─ /charts/e/e_Y0KW8KTAF72/niche-035a72a81e59-b1.svg/ (+1ms) 
23:08:41   ├─ /charts/e/e_Y0KW8KTAF72/changes-035a72a81e59-b1.svg/ (+1ms) 
23:08:41   ├─ /charts/e/e_Y0KW8KTAF72/commits-9d18a826a3f1-b1.svg/ (+1ms) 
23:08:41   ├─ /charts/e/e_Y0KW8KTAF72/heatmap-9d18a826a3f1-b1.svg/ (+2ms) 
23:08:41   ├─ /charts/e/e_Y0KW8KTAF72/niche-9d18a826a3f1-b1.svg/ (+1ms) 
23:08:41   ├─ /charts/e/e_Y0KW8KTAF72/changes-9d18a826a3f1-b1.svg/ (+1ms) 
23:08:41   ├─ /charts/e/e_Y0KW8KTAF72/commits-66cffe06e8cb-b1.svg/ (+3ms) 
23:08:41   ├─ /charts/e/e_Y0KW8KTAF72/heatmap-66cffe06e8cb-b1.svg/ (+3ms) 
23:08:41   ├─ /charts/e/e_Y0KW8KTAF72/niche-66cffe06e8cb-b1.svg/ (+0ms) 
23:08:41   ├─ /charts/e/e_Y0KW8KTAF72/changes-66cffe06e8cb-b1.svg/ (+2ms) 
23:08:41   ├─ /charts/e/e_Y0KW8KTAF72/commits-46cf326e7985-b1.svg/ (+1ms) 
23:08:41   ├─ /charts/e/e_Y0KW8KTAF72/heatmap-46cf326e7985-b1.svg/ (+1ms) 
23:08:41   ├─ /charts/e/e_Y0KW8KTAF72/niche-46cf326e7985-b1.svg/ (+1ms) 
23:08:41   ├─ /charts/e/e_Y0KW8KTAF72/changes-46cf326e7985-b1.svg/ (+0ms) 
23:08:41   ├─ /charts/e/e_Y0KW8KTAF72/commits-515920e4ea3f-b1.svg/ (+1ms) 
23:08:41   ├─ /charts/e/e_Y0KW8KTAF72/heatmap-515920e4ea3f-b1.svg/ (+3ms) 
23:08:41   ├─ /charts/e/e_Y0KW8KTAF72/niche-515920e4ea3f-b1.svg/ (+1ms) 
23:08:41   ├─ /charts/e/e_Y0KW8KTAF72/changes-515920e4ea3f-b1.svg/ (+1ms) 
23:08:41   ├─ /charts/e/e_Y0KW8KTAF72/commits-0a7b1714d0ad-b1.svg/ (+1ms) 
23:08:41   ├─ /charts/e/e_Y0KW8KTAF72/heatmap-0a7b1714d0ad-b1.svg/ (+2ms) 
23:08:41   ├─ /charts/e/e_Y0KW8KTAF72/niche-0a7b1714d0ad-b1.svg/ (+2ms) 
23:08:41   ├─ /charts/e/e_Y0KW8KTAF72/changes-0a7b1714d0ad-b1.svg/ (+1ms) 
23:08:41   ├─ /charts/e/e_Y0KW8KTAF72/commits-fcfd3a7ccdcb-b1.svg/ (+1ms) 
23:08:41   ├─ /charts/e/e_Y0KW8KTAF72/heatmap-fcfd3a7ccdcb-b1.svg/ (+2ms) 
23:08:41   ├─ /charts/e/e_Y0KW8KTAF72/niche-fcfd3a7ccdcb-b1.svg/ (+1ms) 
23:08:41   ├─ /charts/e/e_Y0KW8KTAF72/changes-fcfd3a7ccdcb-b1.svg/ (+1ms) 
23:08:41   ├─ /charts/e/e_YHPJ8ZXSSQ4/commits-0a7b1714d0ad-b1.svg/ (+1ms) 
23:08:41   ├─ /charts/e/e_YHPJ8ZXSSQ4/heatmap-0a7b1714d0ad-b1.svg/ (+2ms) 
23:08:41   ├─ /charts/e/e_YHPJ8ZXSSQ4/backfill-0a7b1714d0ad-b1.svg/ (+2ms) 
23:08:41   ├─ /charts/e/e_YHPJ8ZXSSQ4/niche-0a7b1714d0ad-b1.svg/ (+1ms) 
23:08:41   ├─ /charts/e/e_YHPJ8ZXSSQ4/changes-0a7b1714d0ad-b1.svg/ (+2ms) 
23:08:41   ├─ /charts/e/e_YHPJ8ZXSSQ4/commits-fcfd3a7ccdcb-b1.svg/ (+2ms) 
23:08:41   ├─ /charts/e/e_YHPJ8ZXSSQ4/heatmap-fcfd3a7ccdcb-b1.svg/ (+0ms) 
23:08:41   ├─ /charts/e/e_YHPJ8ZXSSQ4/backfill-fcfd3a7ccdcb-b1.svg/ (+2ms) 
23:08:41   ├─ /charts/e/e_YHPJ8ZXSSQ4/niche-fcfd3a7ccdcb-b1.svg/ (+4ms) 
23:08:41   ├─ /charts/e/e_YHPJ8ZXSSQ4/changes-fcfd3a7ccdcb-b1.svg/ (+9ms) 
23:08:41   ├─ /charts/e/e_Z9WRNDMF5MT/commits-515920e4ea3f-b1.svg/ (+3ms) 
23:08:41   ├─ /charts/e/e_Z9WRNDMF5MT/heatmap-515920e4ea3f-b1.svg/ (+7ms) 
23:08:41   ├─ /charts/e/e_Z9WRNDMF5MT/niche-515920e4ea3f-b1.svg/ (+2ms) 
23:08:41   ├─ /charts/e/e_Z9WRNDMF5MT/changes-515920e4ea3f-b1.svg/ (+1ms) 
23:08:41   ├─ /charts/e/e_Z9WRNDMF5MT/commits-0a7b1714d0ad-b1.svg/ (+3ms) 
23:08:41   ├─ /charts/e/e_Z9WRNDMF5MT/heatmap-0a7b1714d0ad-b1.svg/ (+7ms) 
23:08:41   ├─ /charts/e/e_Z9WRNDMF5MT/niche-0a7b1714d0ad-b1.svg/ (+3ms) 
23:08:41   ├─ /charts/e/e_Z9WRNDMF5MT/changes-0a7b1714d0ad-b1.svg/ (+1ms) 
23:08:41   ├─ /charts/e/e_Z9WRNDMF5MT/commits-fcfd3a7ccdcb-b1.svg/ (+0ms) 
23:08:41   ├─ /charts/e/e_Z9WRNDMF5MT/heatmap-fcfd3a7ccdcb-b1.svg/ (+1ms) 
23:08:41   ├─ /charts/e/e_Z9WRNDMF5MT/niche-fcfd3a7ccdcb-b1.svg/ (+1ms) 
23:08:41   ├─ /charts/e/e_Z9WRNDMF5MT/changes-fcfd3a7ccdcb-b1.svg/ (+0ms) 
23:08:41   ├─ /charts/e/e_ZRK10CYRA5W/commits-66cffe06e8cb-b1.svg/ (+1ms) 
23:08:41   ├─ /charts/e/e_ZRK10CYRA5W/heatmap-66cffe06e8cb-b1.svg/ (+2ms) 
23:08:41   ├─ /charts/e/e_ZRK10CYRA5W/backfill-66cffe06e8cb-b1.svg/ (+1ms) 
23:08:41   ├─ /charts/e/e_ZRK10CYRA5W/niche-66cffe06e8cb-b1.svg/ (+1ms) 
23:08:41   ├─ /charts/e/e_ZRK10CYRA5W/changes-66cffe06e8cb-b1.svg/ (+1ms) 
23:08:41   ├─ /charts/e/e_ZRK10CYRA5W/commits-46cf326e7985-b1.svg/ (+1ms) 
23:08:41   ├─ /charts/e/e_ZRK10CYRA5W/heatmap-46cf326e7985-b1.svg/ (+1ms) 
23:08:41   ├─ /charts/e/e_ZRK10CYRA5W/backfill-46cf326e7985-b1.svg/ (+3ms) 
23:08:41   ├─ /charts/e/e_ZRK10CYRA5W/niche-46cf326e7985-b1.svg/ (+1ms) 
23:08:41   ├─ /charts/e/e_ZRK10CYRA5W/changes-46cf326e7985-b1.svg/ (+1ms) 
23:08:41   ├─ /charts/e/e_ZRK10CYRA5W/commits-515920e4ea3f-b1.svg/ (+1ms) 
23:08:41   ├─ /charts/e/e_ZRK10CYRA5W/heatmap-515920e4ea3f-b1.svg/ (+0ms) 
23:08:41   ├─ /charts/e/e_ZRK10CYRA5W/backfill-515920e4ea3f-b1.svg/ (+0ms) 
23:08:41   ├─ /charts/e/e_ZRK10CYRA5W/niche-515920e4ea3f-b1.svg/ (+5ms) 
23:08:41   ├─ /charts/e/e_ZRK10CYRA5W/changes-515920e4ea3f-b1.svg/ (+4ms) 
23:08:41   ├─ /charts/e/e_ZRK10CYRA5W/commits-0a7b1714d0ad-b1.svg/ (+2ms) 
23:08:41   ├─ /charts/e/e_ZRK10CYRA5W/heatmap-0a7b1714d0ad-b1.svg/ (+1ms) 
23:08:41   ├─ /charts/e/e_ZRK10CYRA5W/backfill-0a7b1714d0ad-b1.svg/ (+1ms) 
23:08:41   ├─ /charts/e/e_ZRK10CYRA5W/niche-0a7b1714d0ad-b1.svg/ (+1ms) 
23:08:41   ├─ /charts/e/e_ZRK10CYRA5W/changes-0a7b1714d0ad-b1.svg/ (+1ms) 
23:08:41   ├─ /charts/e/e_ZRK10CYRA5W/commits-fcfd3a7ccdcb-b1.svg/ (+2ms) 
23:08:41   ├─ /charts/e/e_ZRK10CYRA5W/heatmap-fcfd3a7ccdcb-b1.svg/ (+1ms) 
23:08:41   ├─ /charts/e/e_ZRK10CYRA5W/backfill-fcfd3a7ccdcb-b1.svg/ (+1ms) 
23:08:41   ├─ /charts/e/e_ZRK10CYRA5W/niche-fcfd3a7ccdcb-b1.svg/ (+1ms) 
23:08:41   └─ /charts/e/e_ZRK10CYRA5W/changes-fcfd3a7ccdcb-b1.svg/ (+1ms) 
23:08:41 ▶ src/pages/coverage/index.astro
23:08:41   └─ /coverage/index.html (+111ms) 
23:08:41 ▶ src/pages/coverage/power/index.astro
23:08:41   └─ /coverage/power/index.html (+10ms) 
23:08:41 λ src/pages/e/[id].json.ts
23:08:41   ├─ /e/e_01E6T51Z5NE.json/ (+18ms) 
23:08:41   ├─ /e/e_03QFRGK7VQX.json/ (+6ms) 
23:08:41   ├─ /e/e_093XKS44M6Q.json/ (+2ms) 
23:08:41   ├─ /e/e_0E3Q2DQH0BA.json/ (+1ms) 
23:08:41   ├─ /e/e_0HWS8572QP9.json/ (+1ms) 
23:08:41   ├─ /e/e_0MXZ4HGH09F.json/ (+1ms) 
23:08:41   ├─ /e/e_0W3HYER2F5A.json/ (+5ms) 
23:08:41   ├─ /e/e_10DHTZ75A5K.json/ (+2ms) 
23:08:41   ├─ /e/e_126THNX952P.json/ (+4ms) 
23:08:41   ├─ /e/e_13NVVKJA2MM.json/ (+4ms) 
23:08:41   ├─ /e/e_15264R968MN.json/ (+1ms) 
23:08:41   ├─ /e/e_15DZEMC0CJY.json/ (+5ms) 
23:08:41   ├─ /e/e_1ER3NPA3Y77.json/ (+1ms) 
23:08:41   ├─ /e/e_1GSH6ZQHW7B.json/ (+1ms) 
23:08:41   ├─ /e/e_1M544BHSGGQ.json/ (+1ms) 
23:08:41   ├─ /e/e_1TMQEKAN7S6.json/ (+2ms) 
23:08:41   ├─ /e/e_1VQN3TQ2Z74.json/ (+1ms) 
23:08:41   ├─ /e/e_20N3FEGPDR2.json/ (+2ms) 
23:08:41   ├─ /e/e_261PEVXPG0B.json/ (+1ms) 
23:08:41   ├─ /e/e_26C836YXKF2.json/ (+1ms) 
23:08:41   ├─ /e/e_291FVHEKPA8.json/ (+1ms) 
23:08:41   ├─ /e/e_2CS7SM2993J.json/ (+4ms) 
23:08:41   ├─ /e/e_2JCAQ45XCSC.json/ (+2ms) 
23:08:41   ├─ /e/e_2S60RGNZHBS.json/ (+1ms) 
23:08:41   ├─ /e/e_2WFB2V4PNQV.json/ (+1ms) 
23:08:41   ├─ /e/e_2XFTYTGJT3Z.json/ (+1ms) 
23:08:41   ├─ /e/e_32V083BPAMA.json/ (+1ms) 
23:08:41   ├─ /e/e_357KR6Z8TFG.json/ (+3ms) 
23:08:41   ├─ /e/e_38NTPKDPKHA.json/ (+1ms) 
23:08:41   ├─ /e/e_3BYERQ8ZQ6D.json/ (+1ms) 
23:08:41   ├─ /e/e_3HZS2JPM2CR.json/ (+1ms) 
23:08:41   ├─ /e/e_3JZ11S1QS33.json/ (+1ms) 
23:08:41   ├─ /e/e_3K17NV4B0JF.json/ (+0ms) 
23:08:41   ├─ /e/e_3N3Q3YAWBCG.json/ (+1ms) 
23:08:41   ├─ /e/e_41T3C34FQFA.json/ (+2ms) 
23:08:41   ├─ /e/e_4249BQNHNVB.json/ (+2ms) 
23:08:41   ├─ /e/e_44E0GZ3MAKS.json/ (+2ms) 
23:08:41   ├─ /e/e_4A9TG2M8403.json/ (+2ms) 
23:08:41   ├─ /e/e_4P7EDPAWCY2.json/ (+4ms) 
23:08:42   ├─ /e/e_4VBT50A7VD2.json/ (+2ms) 
23:08:42   ├─ /e/e_52RJ4AYNG35.json/ (+3ms) 
23:08:42   ├─ /e/e_5AE2F3GDM57.json/ (+1ms) 
23:08:42   ├─ /e/e_5R5PKZN9WTY.json/ (+4ms) 
23:08:42   ├─ /e/e_5VB3GYJAWRC.json/ (+2ms) 
23:08:42   ├─ /e/e_5WYRYN5H1XY.json/ (+1ms) 
23:08:42   ├─ /e/e_607VJ9XWYRJ.json/ (+1ms) 
23:08:42   ├─ /e/e_61BHW1YYH5J.json/ (+3ms) 
23:08:42   ├─ /e/e_6Y1JB29DYJA.json/ (+2ms) 
23:08:42   ├─ /e/e_75QG3RMAHC9.json/ (+2ms) 
23:08:42   ├─ /e/e_77AC6K7XEWB.json/ (+2ms) 
23:08:42   ├─ /e/e_7JW04Q252D6.json/ (+27ms) 
23:08:42   ├─ /e/e_7X1NF3PMZZM.json/ (+3ms) 
23:08:42   ├─ /e/e_7ZJR0NT1B6H.json/ (+10ms) 
23:08:42   ├─ /e/e_824XAJ5ETWG.json/ (+5ms) 
23:08:42   ├─ /e/e_88YAM3PXK4S.json/ (+1ms) 
23:08:42   ├─ /e/e_8A2A58V55P6.json/ (+6ms) 
23:08:42   ├─ /e/e_8AWARYZ7WP6.json/ (+10ms) 
23:08:42   ├─ /e/e_8HVZ2FE02WG.json/ (+9ms) 
23:08:42   ├─ /e/e_8N97348DQ66.json/ (+12ms) 
23:08:42   ├─ /e/e_8V2DZWR8HPM.json/ (+16ms) 
23:08:42   ├─ /e/e_92WR5N03859.json/ (+21ms) 
23:08:42   ├─ /e/e_97SYW64PA3G.json/ (+6ms) 
23:08:42   ├─ /e/e_9CDJXKFG3CJ.json/ (+8ms) 
23:08:42   ├─ /e/e_9FCQF6CJ5E1.json/ (+4ms) 
23:08:42   ├─ /e/e_9KAX3YVBMVS.json/ (+2ms) 
23:08:42   ├─ /e/e_9M90X0G4YD2.json/ (+1ms) 
23:08:42   ├─ /e/e_9SWWW2SWASG.json/ (+4ms) 
23:08:42   ├─ /e/e_9VD4D2XPK7H.json/ (+1ms) 
23:08:42   ├─ /e/e_9VRK70WNP96.json/ (+2ms) 
23:08:42   ├─ /e/e_9XES4XNNQCV.json/ (+3ms) 
23:08:42   ├─ /e/e_A4CCB1NFPZB.json/ (+1ms) 
23:08:42   ├─ /e/e_ADRWZ5YBESZ.json/ (+2ms) 
23:08:42   ├─ /e/e_ADT3TJHK8W8.json/ (+4ms) 
23:08:42   ├─ /e/e_AH0SJKJD25Z.json/ (+2ms) 
23:08:42   ├─ /e/e_AZ9YNR6FPQZ.json/ (+2ms) 
23:08:42   ├─ /e/e_AZADD2TBHKR.json/ (+2ms) 
23:08:42   ├─ /e/e_B10ZF25BFZT.json/ (+5ms) 
23:08:42   ├─ /e/e_B1Q69HZTTMA.json/ (+2ms) 
23:08:42   ├─ /e/e_B42PV7X9SGR.json/ (+2ms) 
23:08:42   ├─ /e/e_BQ6HA5A661Z.json/ (+10ms) 
23:08:42   ├─ /e/e_BRB68FCWQQ1.json/ (+3ms) 
23:08:42   ├─ /e/e_BRECTAWD0GT.json/ (+6ms) 
23:08:42   ├─ /e/e_BTT9Q5KW4YN.json/ (+1ms) 
23:08:42   ├─ /e/e_C6EM2RQNX2S.json/ (+5ms) 
23:08:42   ├─ /e/e_D029GAZTH3Z.json/ (+4ms) 
23:08:42   ├─ /e/e_D5HEA3Z5ZYZ.json/ (+3ms) 
23:08:42   ├─ /e/e_D81ZQF8BMQS.json/ (+3ms) 
23:08:42   ├─ /e/e_DAFJYGYBDKF.json/ (+5ms) 
23:08:42   ├─ /e/e_DHESXAYAQHW.json/ (+4ms) 
23:08:42   ├─ /e/e_DQT3XHMXA2C.json/ (+3ms) 
23:08:42   ├─ /e/e_DY4152Q1HEE.json/ (+2ms) 
23:08:42   ├─ /e/e_E1019DQAZKS.json/ (+3ms) 
23:08:42   ├─ /e/e_E2WEN8QV5Q5.json/ (+2ms) 
23:08:42   ├─ /e/e_EDRGN5GQHSE.json/ (+8ms) 
23:08:42   ├─ /e/e_EDX1R1KVT3X.json/ (+5ms) 
23:08:42   ├─ /e/e_EF7QKB37YJK.json/ (+4ms) 
23:08:42   ├─ /e/e_EY620A0EAK9.json/ (+4ms) 
23:08:42   ├─ /e/e_F19ZE68DAS4.json/ (+7ms) 
23:08:42   ├─ /e/e_F7RJ7VXWPJ3.json/ (+8ms) 
23:08:42   ├─ /e/e_FJPV9XH9GPR.json/ (+4ms) 
23:08:42   ├─ /e/e_FTD4XD7DVG3.json/ (+1ms) 
23:08:42   ├─ /e/e_FWG4CE0H6WC.json/ (+5ms) 
23:08:42   ├─ /e/e_G2Q1BRT8GSR.json/ (+5ms) 
23:08:42   ├─ /e/e_G3RQ1T2X859.json/ (+3ms) 
23:08:42   ├─ /e/e_GFGYNAKFRW2.json/ (+10ms) 
23:08:42   ├─ /e/e_GP8J1E7TFDC.json/ (+4ms) 
23:08:42   ├─ /e/e_GQ2E6K86NWF.json/ (+3ms) 
23:08:42   ├─ /e/e_H6EVSN8Q85T.json/ (+3ms) 
23:08:42   ├─ /e/e_H6PPP8CA9RR.json/ (+6ms) 
23:08:42   ├─ /e/e_HAQNA853Q80.json/ (+4ms) 
23:08:42   ├─ /e/e_HPF1QZV0ZPX.json/ (+4ms) 
23:08:42   ├─ /e/e_HTQD84GES1K.json/ (+1ms) 
23:08:42   ├─ /e/e_J16JY8N155H.json/ (+1ms) 
23:08:42   ├─ /e/e_J32HBKYVHAT.json/ (+2ms) 
23:08:42   ├─ /e/e_J4DR3YCQCAN.json/ (+3ms) 
23:08:42   ├─ /e/e_J6GFPWGCTED.json/ (+2ms) 
23:08:42   ├─ /e/e_JA1TAYFFAHR.json/ (+3ms) 
23:08:42   ├─ /e/e_JBM5J6NVTF7.json/ (+9ms) 
23:08:42   ├─ /e/e_JJMQ9HG9Y99.json/ (+2ms) 
23:08:42   ├─ /e/e_JN83HWXP85Z.json/ (+4ms) 
23:08:42   ├─ /e/e_JPHG3Z9N56M.json/ (+4ms) 
23:08:42   ├─ /e/e_JPV9HP2D5X4.json/ (+2ms) 
23:08:42   ├─ /e/e_JR4RPDWKET0.json/ (+7ms) 
23:08:42   ├─ /e/e_JYFZ2CANJXT.json/ (+5ms) 
23:08:42   ├─ /e/e_JYS5BHD9SQG.json/ (+6ms) 
23:08:42   ├─ /e/e_KAKRS8DB7PY.json/ (+8ms) 
23:08:42   ├─ /e/e_KFRVE2CAS8W.json/ (+4ms) 
23:08:42   ├─ /e/e_KMM6CNTHW3C.json/ (+3ms) 
23:08:42   ├─ /e/e_KR3M8ESKAEW.json/ (+4ms) 
23:08:42   ├─ /e/e_KRDEF79H7GD.json/ (+4ms) 
23:08:42   ├─ /e/e_KZ3W52ZYP6H.json/ (+3ms) 
23:08:42   ├─ /e/e_M1E3ZT6VG3K.json/ (+1ms) 
23:08:42   ├─ /e/e_M4ZXRNVWZTH.json/ (+2ms) 
23:08:42   ├─ /e/e_M5SCCQPBZ89.json/ (+2ms) 
23:08:42   ├─ /e/e_M6GFCMQK7DQ.json/ (+4ms) 
23:08:42   ├─ /e/e_MB6DQ5PDDKH.json/ (+2ms) 
23:08:42   ├─ /e/e_MDD4QDWH205.json/ (+3ms) 
23:08:42   ├─ /e/e_MMGH765AVAA.json/ (+2ms) 
23:08:42   ├─ /e/e_MX90J81EYDE.json/ (+2ms) 
23:08:42   ├─ /e/e_MXJFHPMG9BH.json/ (+2ms) 
23:08:42   ├─ /e/e_N0ZEZQYXT6K.json/ (+2ms) 
23:08:42   ├─ /e/e_N2RFM19TP1D.json/ (+5ms) 
23:08:42   ├─ /e/e_N629H7DQD4K.json/ (+5ms) 
23:08:42   ├─ /e/e_N73RT0QZ0X4.json/ (+2ms) 
23:08:42   ├─ /e/e_NA2QKMK6XZM.json/ (+2ms) 
23:08:42   ├─ /e/e_NEH0J3ZF9KK.json/ (+3ms) 
23:08:42   ├─ /e/e_P4YGBAFMV94.json/ (+2ms) 
23:08:42   ├─ /e/e_P6TVM7W57M8.json/ (+2ms) 
23:08:42   ├─ /e/e_PCV8H6P7B04.json/ (+2ms) 
23:08:42   ├─ /e/e_PGN246ESKRS.json/ (+2ms) 
23:08:42   ├─ /e/e_PJKJBCHCEFY.json/ (+2ms) 
23:08:42   ├─ /e/e_PRCZN95ZV2R.json/ (+1ms) 
23:08:42   ├─ /e/e_Q4X4XZ13Y2W.json/ (+3ms) 
23:08:42   ├─ /e/e_QF7Y4CJ00Q4.json/ (+2ms) 
23:08:42   ├─ /e/e_QFECGB8X9W5.json/ (+1ms) 
23:08:42   ├─ /e/e_QHYA574DXDQ.json/ (+1ms) 
23:08:42   ├─ /e/e_QTVWFV6FJ2V.json/ (+2ms) 
23:08:42   ├─ /e/e_QV8QGGHJCSS.json/ (+1ms) 
23:08:42   ├─ /e/e_R2623KSCANW.json/ (+2ms) 
23:08:42   ├─ /e/e_R2KZCZM6TGV.json/ (+1ms) 
23:08:42   ├─ /e/e_R2TJDSZX29K.json/ (+2ms) 
23:08:42   ├─ /e/e_R2VJDA1P0WH.json/ (+4ms) 
23:08:42   ├─ /e/e_R372CCSVG44.json/ (+3ms) 
23:08:42   ├─ /e/e_RVCX5C4Z21K.json/ (+2ms) 
23:08:42   ├─ /e/e_S7DQ1QJCCMT.json/ (+1ms) 
23:08:42   ├─ /e/e_SFVE63D71XC.json/ (+1ms) 
23:08:42   ├─ /e/e_SNWV2DC244A.json/ (+3ms) 
23:08:42   ├─ /e/e_SV1CWRNS2SY.json/ (+2ms) 
23:08:42   ├─ /e/e_SV60T2QMXGE.json/ (+3ms) 
23:08:42   ├─ /e/e_SW0DQ4N81NG.json/ (+3ms) 
23:08:42   ├─ /e/e_TBARBJKAD2G.json/ (+3ms) 
23:08:42   ├─ /e/e_TEVNVWBZ8HJ.json/ (+3ms) 
23:08:42   ├─ /e/e_TEXN6TK2CRK.json/ (+2ms) 
23:08:42   ├─ /e/e_TP1WNE77VC5.json/ (+2ms) 
23:08:42   ├─ /e/e_TPZFR15XYF6.json/ (+2ms) 
23:08:42   ├─ /e/e_TRJN6D7V12H.json/ (+1ms) 
23:08:42   ├─ /e/e_TV0JWZEFEAQ.json/ (+1ms) 
23:08:42   ├─ /e/e_V05C8HCBBV2.json/ (+3ms) 
23:08:42   ├─ /e/e_V42GXYWY24C.json/ (+2ms) 
23:08:42   ├─ /e/e_V5N4GT09S49.json/ (+2ms) 
23:08:42   ├─ /e/e_V7MSNX3WC6J.json/ (+3ms) 
23:08:42   ├─ /e/e_V9ERGE3E0B4.json/ (+4ms) 
23:08:42   ├─ /e/e_VBBNJDDB0DA.json/ (+2ms) 
23:08:42   ├─ /e/e_VECQ6B2X7TX.json/ (+2ms) 
23:08:42   ├─ /e/e_VMQ8QRRDWVS.json/ (+4ms) 
23:08:42   ├─ /e/e_VVAJB7D0NQX.json/ (+1ms) 
23:08:42   ├─ /e/e_VYZ3F276TRB.json/ (+3ms) 
23:08:42   ├─ /e/e_W2REDH3NZ0S.json/ (+4ms) 
23:08:42   ├─ /e/e_W4SFE6Q23VK.json/ (+8ms) 
23:08:42   ├─ /e/e_W8KZKY27BTN.json/ (+2ms) 
23:08:42   ├─ /e/e_WPZ5QHX33YZ.json/ (+4ms) 
23:08:42   ├─ /e/e_WXA7918Y925.json/ (+2ms) 
23:08:42   ├─ /e/e_WZ8PH0FEW8B.json/ (+2ms) 
23:08:42   ├─ /e/e_X33782S1M13.json/ (+2ms) 
23:08:42   ├─ /e/e_X3P6ZMFQBQQ.json/ (+5ms) 
23:08:42   ├─ /e/e_X9JA7ZTD6TF.json/ (+1ms) 
23:08:42   ├─ /e/e_XTW34V97F7V.json/ (+5ms) 
23:08:42   ├─ /e/e_XTYDTXK7PNY.json/ (+4ms) 
23:08:42   ├─ /e/e_Y0KW8KTAF72.json/ (+1ms) 
23:08:42   ├─ /e/e_Y1AFX93KTS7.json/ (+3ms) 
23:08:42   ├─ /e/e_Y31RBTP1VWD.json/ (+3ms) 
23:08:42   ├─ /e/e_Y3CPRHKVF8H.json/ (+4ms) 
23:08:42   ├─ /e/e_Y3HMWAG1BQZ.json/ (+12ms) 
23:08:42   ├─ /e/e_Y8674BRJCH9.json/ (+5ms) 
23:08:42   ├─ /e/e_Y92940K5ESN.json/ (+2ms) 
23:08:42   ├─ /e/e_YHPJ8ZXSSQ4.json/ (+3ms) 
23:08:42   ├─ /e/e_YTYXW2BB5AP.json/ (+1ms) 
23:08:42   ├─ /e/e_Z5PD7ZHKYWB.json/ (+1ms) 
23:08:42   ├─ /e/e_Z7YDNC4F139.json/ (+1ms) 
23:08:42   ├─ /e/e_Z9WRNDMF5MT.json/ (+1ms) 
23:08:42   ├─ /e/e_ZQ2MJNFAEZS.json/ (+2ms) 
23:08:42   ├─ /e/e_ZRK10CYRA5W.json/ (+1ms) 
23:08:42   ├─ /e/e_ZTAQY2693CR.json/ (+1ms) 
23:08:42   └─ /e/e_ZV3H84Q13C1.json/ (+0ms) 
23:08:42 λ src/pages/e/[id]/[asset].ts
23:08:42   ├─ /e/e_01E6T51Z5NE/values-9d18a826a3f1-b1.csv/ (+9ms) 
23:08:42   ├─ /e/e_01E6T51Z5NE/history-9d18a826a3f1-b1.csv/ (+1ms) 
23:08:42   ├─ /e/e_01E6T51Z5NE/values-66cffe06e8cb-b1.csv/ (+6ms) 
23:08:42   ├─ /e/e_01E6T51Z5NE/history-66cffe06e8cb-b1.csv/ (+2ms) 
23:08:42   ├─ /e/e_01E6T51Z5NE/values-46cf326e7985-b1.csv/ (+5ms) 
23:08:42   ├─ /e/e_01E6T51Z5NE/history-46cf326e7985-b1.csv/ (+3ms) 
23:08:42   ├─ /e/e_01E6T51Z5NE/values-515920e4ea3f-b1.csv/ (+8ms) 
23:08:42   ├─ /e/e_01E6T51Z5NE/history-515920e4ea3f-b1.csv/ (+6ms) 
23:08:42   ├─ /e/e_01E6T51Z5NE/values-0a7b1714d0ad-b1.csv/ (+9ms) 
23:08:42   ├─ /e/e_01E6T51Z5NE/history-0a7b1714d0ad-b1.csv/ (+1ms) 
23:08:42   ├─ /e/e_01E6T51Z5NE/values-fcfd3a7ccdcb-b1.csv/ (+7ms) 
23:08:42   ├─ /e/e_01E6T51Z5NE/history-fcfd3a7ccdcb-b1.csv/ (+3ms) 
23:08:42   ├─ /e/e_0W3HYER2F5A/values-66cffe06e8cb-b1.csv/ (+5ms) 
23:08:42   ├─ /e/e_0W3HYER2F5A/history-66cffe06e8cb-b1.csv/ (+2ms) 
23:08:42   ├─ /e/e_0W3HYER2F5A/values-46cf326e7985-b1.csv/ (+6ms) 
23:08:42   ├─ /e/e_0W3HYER2F5A/history-46cf326e7985-b1.csv/ (+4ms) 
23:08:42   ├─ /e/e_0W3HYER2F5A/values-515920e4ea3f-b1.csv/ (+7ms) 
23:08:42   ├─ /e/e_0W3HYER2F5A/history-515920e4ea3f-b1.csv/ (+4ms) 
23:08:42   ├─ /e/e_0W3HYER2F5A/values-0a7b1714d0ad-b1.csv/ (+12ms) 
23:08:42   ├─ /e/e_0W3HYER2F5A/history-0a7b1714d0ad-b1.csv/ (+8ms) 
23:08:42   ├─ /e/e_0W3HYER2F5A/values-fcfd3a7ccdcb-b1.csv/ (+16ms) 
23:08:42   ├─ /e/e_0W3HYER2F5A/history-fcfd3a7ccdcb-b1.csv/ (+9ms) 
23:08:42   ├─ /e/e_126THNX952P/values-8b04a522dda1-b1.csv/ (+4ms) 
23:08:42   ├─ /e/e_126THNX952P/history-8b04a522dda1-b1.csv/ (+1ms) 
23:08:42   ├─ /e/e_126THNX952P/values-f1f2495d518d-b1.csv/ (+3ms) 
23:08:42   ├─ /e/e_126THNX952P/history-f1f2495d518d-b1.csv/ (+1ms) 
23:08:42   ├─ /e/e_126THNX952P/values-7e6b5bcfba2a-b1.csv/ (+11ms) 
23:08:42   ├─ /e/e_126THNX952P/history-7e6b5bcfba2a-b1.csv/ (+3ms) 
23:08:42   ├─ /e/e_126THNX952P/values-df540ea0d40d-b1.csv/ (+4ms) 
23:08:42   ├─ /e/e_126THNX952P/history-df540ea0d40d-b1.csv/ (+2ms) 
23:08:42   ├─ /e/e_126THNX952P/values-064bcdd1c2d3-b1.csv/ (+3ms) 
23:08:42   ├─ /e/e_126THNX952P/history-064bcdd1c2d3-b1.csv/ (+2ms) 
23:08:42   ├─ /e/e_126THNX952P/values-be624cbf9aec-b1.csv/ (+3ms) 
23:08:42   ├─ /e/e_126THNX952P/history-be624cbf9aec-b1.csv/ (+3ms) 
23:08:42   ├─ /e/e_126THNX952P/values-fe618519ff6a-b1.csv/ (+5ms) 
23:08:42   ├─ /e/e_126THNX952P/history-fe618519ff6a-b1.csv/ (+4ms) 
23:08:42   ├─ /e/e_126THNX952P/values-9d18a826a3f1-b1.csv/ (+4ms) 
23:08:42   ├─ /e/e_126THNX952P/history-9d18a826a3f1-b1.csv/ (+2ms) 
23:08:42   ├─ /e/e_126THNX952P/values-66cffe06e8cb-b1.csv/ (+3ms) 
23:08:42   ├─ /e/e_126THNX952P/history-66cffe06e8cb-b1.csv/ (+2ms) 
23:08:42   ├─ /e/e_126THNX952P/values-46cf326e7985-b1.csv/ (+2ms) 
23:08:42   ├─ /e/e_126THNX952P/history-46cf326e7985-b1.csv/ (+1ms) 
23:08:42   ├─ /e/e_126THNX952P/values-515920e4ea3f-b1.csv/ (+3ms) 
23:08:42   ├─ /e/e_126THNX952P/history-515920e4ea3f-b1.csv/ (+1ms) 
23:08:42   ├─ /e/e_126THNX952P/values-0a7b1714d0ad-b1.csv/ (+3ms) 
23:08:42   ├─ /e/e_126THNX952P/history-0a7b1714d0ad-b1.csv/ (+2ms) 
23:08:42   ├─ /e/e_126THNX952P/values-fcfd3a7ccdcb-b1.csv/ (+2ms) 
23:08:42   ├─ /e/e_126THNX952P/history-fcfd3a7ccdcb-b1.csv/ (+2ms) 
23:08:43   ├─ /e/e_13NVVKJA2MM/values-8b04a522dda1-b1.csv/ (+5ms) 
23:08:43   ├─ /e/e_13NVVKJA2MM/history-8b04a522dda1-b1.csv/ (+2ms) 
23:08:43   ├─ /e/e_13NVVKJA2MM/values-f1f2495d518d-b1.csv/ (+3ms) 
23:08:43   ├─ /e/e_13NVVKJA2MM/history-f1f2495d518d-b1.csv/ (+1ms) 
23:08:43   ├─ /e/e_13NVVKJA2MM/values-f1f2495d518d-b1.csv/ (+2ms) 
23:08:43   ├─ /e/e_13NVVKJA2MM/history-f1f2495d518d-b1.csv/ (+1ms) 
23:08:43   ├─ /e/e_13NVVKJA2MM/values-7e6b5bcfba2a-b1.csv/ (+4ms) 
23:08:43   ├─ /e/e_13NVVKJA2MM/history-7e6b5bcfba2a-b1.csv/ (+1ms) 
23:08:43   ├─ /e/e_13NVVKJA2MM/values-df540ea0d40d-b1.csv/ (+3ms) 
23:08:43   ├─ /e/e_13NVVKJA2MM/history-df540ea0d40d-b1.csv/ (+1ms) 
23:08:43   ├─ /e/e_13NVVKJA2MM/values-064bcdd1c2d3-b1.csv/ (+3ms) 
23:08:43   ├─ /e/e_13NVVKJA2MM/history-064bcdd1c2d3-b1.csv/ (+2ms) 
23:08:43   ├─ /e/e_13NVVKJA2MM/values-fe618519ff6a-b1.csv/ (+3ms) 
23:08:43   ├─ /e/e_13NVVKJA2MM/history-fe618519ff6a-b1.csv/ (+2ms) 
23:08:43   ├─ /e/e_13NVVKJA2MM/values-035a72a81e59-b1.csv/ (+4ms) 
23:08:43   ├─ /e/e_13NVVKJA2MM/history-035a72a81e59-b1.csv/ (+2ms) 
23:08:43   ├─ /e/e_13NVVKJA2MM/values-9d18a826a3f1-b1.csv/ (+22ms) 
23:08:43   ├─ /e/e_13NVVKJA2MM/history-9d18a826a3f1-b1.csv/ (+3ms) 
23:08:43   ├─ /e/e_13NVVKJA2MM/values-66cffe06e8cb-b1.csv/ (+3ms) 
23:08:43   ├─ /e/e_13NVVKJA2MM/history-66cffe06e8cb-b1.csv/ (+2ms) 
23:08:43   ├─ /e/e_13NVVKJA2MM/values-46cf326e7985-b1.csv/ (+2ms) 
23:08:43   ├─ /e/e_13NVVKJA2MM/history-46cf326e7985-b1.csv/ (+2ms) 
23:08:43   ├─ /e/e_13NVVKJA2MM/values-515920e4ea3f-b1.csv/ (+2ms) 
23:08:43   ├─ /e/e_13NVVKJA2MM/history-515920e4ea3f-b1.csv/ (+2ms) 
23:08:43   ├─ /e/e_13NVVKJA2MM/values-0a7b1714d0ad-b1.csv/ (+1ms) 
23:08:43   ├─ /e/e_13NVVKJA2MM/history-0a7b1714d0ad-b1.csv/ (+2ms) 
23:08:43   ├─ /e/e_13NVVKJA2MM/values-fcfd3a7ccdcb-b1.csv/ (+3ms) 
23:08:43   ├─ /e/e_13NVVKJA2MM/history-fcfd3a7ccdcb-b1.csv/ (+1ms) 
23:08:43   ├─ /e/e_15DZEMC0CJY/values-66cffe06e8cb-b1.csv/ (+1ms) 
23:08:43   ├─ /e/e_15DZEMC0CJY/history-66cffe06e8cb-b1.csv/ (+1ms) 
23:08:43   ├─ /e/e_15DZEMC0CJY/values-46cf326e7985-b1.csv/ (+3ms) 
23:08:43   ├─ /e/e_15DZEMC0CJY/history-46cf326e7985-b1.csv/ (+1ms) 
23:08:43   ├─ /e/e_15DZEMC0CJY/values-515920e4ea3f-b1.csv/ (+1ms) 
23:08:43   ├─ /e/e_15DZEMC0CJY/history-515920e4ea3f-b1.csv/ (+1ms) 
23:08:43   ├─ /e/e_15DZEMC0CJY/values-0a7b1714d0ad-b1.csv/ (+3ms) 
23:08:43   ├─ /e/e_15DZEMC0CJY/history-0a7b1714d0ad-b1.csv/ (+1ms) 
23:08:43   ├─ /e/e_15DZEMC0CJY/values-fcfd3a7ccdcb-b1.csv/ (+1ms) 
23:08:43   ├─ /e/e_15DZEMC0CJY/history-fcfd3a7ccdcb-b1.csv/ (+1ms) 
23:08:43   ├─ /e/e_1TMQEKAN7S6/values-8b04a522dda1-b1.csv/ (+2ms) 
23:08:43   ├─ /e/e_1TMQEKAN7S6/history-8b04a522dda1-b1.csv/ (+2ms) 
23:08:43   ├─ /e/e_1TMQEKAN7S6/values-f1f2495d518d-b1.csv/ (+7ms) 
23:08:43   ├─ /e/e_1TMQEKAN7S6/history-f1f2495d518d-b1.csv/ (+2ms) 
23:08:43   ├─ /e/e_1TMQEKAN7S6/values-f1f2495d518d-b1.csv/ (+7ms) 
23:08:43   ├─ /e/e_1TMQEKAN7S6/history-f1f2495d518d-b1.csv/ (+3ms) 
23:08:43   ├─ /e/e_1TMQEKAN7S6/values-7e6b5bcfba2a-b1.csv/ (+6ms) 
23:08:43   ├─ /e/e_1TMQEKAN7S6/history-7e6b5bcfba2a-b1.csv/ (+1ms) 
23:08:43   ├─ /e/e_1TMQEKAN7S6/values-df540ea0d40d-b1.csv/ (+5ms) 
23:08:43   ├─ /e/e_1TMQEKAN7S6/history-df540ea0d40d-b1.csv/ (+3ms) 
23:08:43   ├─ /e/e_1TMQEKAN7S6/values-064bcdd1c2d3-b1.csv/ (+8ms) 
23:08:43   ├─ /e/e_1TMQEKAN7S6/history-064bcdd1c2d3-b1.csv/ (+4ms) 
23:08:43   ├─ /e/e_1TMQEKAN7S6/values-be624cbf9aec-b1.csv/ (+9ms) 
23:08:43   ├─ /e/e_1TMQEKAN7S6/history-be624cbf9aec-b1.csv/ (+2ms) 
23:08:43   ├─ /e/e_1TMQEKAN7S6/values-fe618519ff6a-b1.csv/ (+7ms) 
23:08:43   ├─ /e/e_1TMQEKAN7S6/history-fe618519ff6a-b1.csv/ (+3ms) 
23:08:43   ├─ /e/e_1TMQEKAN7S6/values-035a72a81e59-b1.csv/ (+8ms) 
23:08:43   ├─ /e/e_1TMQEKAN7S6/history-035a72a81e59-b1.csv/ (+2ms) 
23:08:43   ├─ /e/e_1TMQEKAN7S6/values-9d18a826a3f1-b1.csv/ (+9ms) 
23:08:43   ├─ /e/e_1TMQEKAN7S6/history-9d18a826a3f1-b1.csv/ (+7ms) 
23:08:43   ├─ /e/e_1TMQEKAN7S6/values-66cffe06e8cb-b1.csv/ (+10ms) 
23:08:43   ├─ /e/e_1TMQEKAN7S6/history-66cffe06e8cb-b1.csv/ (+18ms) 
23:08:43   ├─ /e/e_1TMQEKAN7S6/values-46cf326e7985-b1.csv/ (+10ms) 
23:08:43   ├─ /e/e_1TMQEKAN7S6/history-46cf326e7985-b1.csv/ (+14ms) 
23:08:43   ├─ /e/e_1TMQEKAN7S6/values-515920e4ea3f-b1.csv/ (+9ms) 
23:08:43   ├─ /e/e_1TMQEKAN7S6/history-515920e4ea3f-b1.csv/ (+4ms) 
23:08:43   ├─ /e/e_1TMQEKAN7S6/values-0a7b1714d0ad-b1.csv/ (+7ms) 
23:08:43   ├─ /e/e_1TMQEKAN7S6/history-0a7b1714d0ad-b1.csv/ (+3ms) 
23:08:43   ├─ /e/e_1TMQEKAN7S6/values-fcfd3a7ccdcb-b1.csv/ (+3ms) 
23:08:43   ├─ /e/e_1TMQEKAN7S6/history-fcfd3a7ccdcb-b1.csv/ (+2ms) 
23:08:43   ├─ /e/e_1VQN3TQ2Z74/values-515920e4ea3f-b1.csv/ (+14ms) 
23:08:43   ├─ /e/e_1VQN3TQ2Z74/history-515920e4ea3f-b1.csv/ (+1ms) 
23:08:43   ├─ /e/e_1VQN3TQ2Z74/values-0a7b1714d0ad-b1.csv/ (+3ms) 
23:08:43   ├─ /e/e_1VQN3TQ2Z74/history-0a7b1714d0ad-b1.csv/ (+3ms) 
23:08:43   ├─ /e/e_1VQN3TQ2Z74/values-fcfd3a7ccdcb-b1.csv/ (+9ms) 
23:08:43   ├─ /e/e_1VQN3TQ2Z74/history-fcfd3a7ccdcb-b1.csv/ (+2ms) 
23:08:43   ├─ /e/e_20N3FEGPDR2/values-8b04a522dda1-b1.csv/ (+11ms) 
23:08:43   ├─ /e/e_20N3FEGPDR2/history-8b04a522dda1-b1.csv/ (+4ms) 
23:08:43   ├─ /e/e_20N3FEGPDR2/values-f1f2495d518d-b1.csv/ (+6ms) 
23:08:43   ├─ /e/e_20N3FEGPDR2/history-f1f2495d518d-b1.csv/ (+5ms) 
23:08:43   ├─ /e/e_20N3FEGPDR2/values-f1f2495d518d-b1.csv/ (+5ms) 
23:08:43   ├─ /e/e_20N3FEGPDR2/history-f1f2495d518d-b1.csv/ (+3ms) 
23:08:43   ├─ /e/e_20N3FEGPDR2/values-df540ea0d40d-b1.csv/ (+3ms) 
23:08:43   ├─ /e/e_20N3FEGPDR2/history-df540ea0d40d-b1.csv/ (+3ms) 
23:08:43   ├─ /e/e_20N3FEGPDR2/values-064bcdd1c2d3-b1.csv/ (+7ms) 
23:08:43   ├─ /e/e_20N3FEGPDR2/history-064bcdd1c2d3-b1.csv/ (+22ms) 
23:08:43   ├─ /e/e_20N3FEGPDR2/values-be624cbf9aec-b1.csv/ (+10ms) 
23:08:43   ├─ /e/e_20N3FEGPDR2/history-be624cbf9aec-b1.csv/ (+5ms) 
23:08:43   ├─ /e/e_20N3FEGPDR2/values-fe618519ff6a-b1.csv/ (+8ms) 
23:08:43   ├─ /e/e_20N3FEGPDR2/history-fe618519ff6a-b1.csv/ (+4ms) 
23:08:43   ├─ /e/e_20N3FEGPDR2/values-035a72a81e59-b1.csv/ (+4ms) 
23:08:43   ├─ /e/e_20N3FEGPDR2/history-035a72a81e59-b1.csv/ (+2ms) 
23:08:43   ├─ /e/e_20N3FEGPDR2/values-9d18a826a3f1-b1.csv/ (+5ms) 
23:08:43   ├─ /e/e_20N3FEGPDR2/history-9d18a826a3f1-b1.csv/ (+5ms) 
23:08:43   ├─ /e/e_20N3FEGPDR2/values-66cffe06e8cb-b1.csv/ (+3ms) 
23:08:43   ├─ /e/e_20N3FEGPDR2/history-66cffe06e8cb-b1.csv/ (+6ms) 
23:08:43   ├─ /e/e_20N3FEGPDR2/values-46cf326e7985-b1.csv/ (+7ms) 
23:08:43   ├─ /e/e_20N3FEGPDR2/history-46cf326e7985-b1.csv/ (+3ms) 
23:08:43   ├─ /e/e_20N3FEGPDR2/values-515920e4ea3f-b1.csv/ (+4ms) 
23:08:43   ├─ /e/e_20N3FEGPDR2/history-515920e4ea3f-b1.csv/ (+4ms) 
23:08:43   ├─ /e/e_20N3FEGPDR2/values-0a7b1714d0ad-b1.csv/ (+11ms) 
23:08:43   ├─ /e/e_20N3FEGPDR2/history-0a7b1714d0ad-b1.csv/ (+13ms) 
23:08:43   ├─ /e/e_20N3FEGPDR2/values-fcfd3a7ccdcb-b1.csv/ (+5ms) 
23:08:43   ├─ /e/e_20N3FEGPDR2/history-fcfd3a7ccdcb-b1.csv/ (+4ms) 
23:08:43   ├─ /e/e_291FVHEKPA8/values-66cffe06e8cb-b1.csv/ (+4ms) 
23:08:43   ├─ /e/e_291FVHEKPA8/history-66cffe06e8cb-b1.csv/ (+1ms) 
23:08:43   ├─ /e/e_291FVHEKPA8/values-46cf326e7985-b1.csv/ (+5ms) 
23:08:43   ├─ /e/e_291FVHEKPA8/history-46cf326e7985-b1.csv/ (+2ms) 
23:08:43   ├─ /e/e_291FVHEKPA8/values-515920e4ea3f-b1.csv/ (+4ms) 
23:08:43   ├─ /e/e_291FVHEKPA8/history-515920e4ea3f-b1.csv/ (+2ms) 
23:08:43   ├─ /e/e_291FVHEKPA8/values-0a7b1714d0ad-b1.csv/ (+15ms) 
23:08:43   ├─ /e/e_291FVHEKPA8/history-0a7b1714d0ad-b1.csv/ (+11ms) 
23:08:43   ├─ /e/e_291FVHEKPA8/values-fcfd3a7ccdcb-b1.csv/ (+29ms) 
23:08:43   ├─ /e/e_291FVHEKPA8/history-fcfd3a7ccdcb-b1.csv/ (+3ms) 
23:08:43   ├─ /e/e_2CS7SM2993J/values-8b04a522dda1-b1.csv/ (+5ms) 
23:08:43   ├─ /e/e_2CS7SM2993J/history-8b04a522dda1-b1.csv/ (+5ms) 
23:08:43   ├─ /e/e_2CS7SM2993J/values-f1f2495d518d-b1.csv/ (+4ms) 
23:08:43   ├─ /e/e_2CS7SM2993J/history-f1f2495d518d-b1.csv/ (+1ms) 
23:08:43   ├─ /e/e_2CS7SM2993J/values-f1f2495d518d-b1.csv/ (+7ms) 
23:08:43   ├─ /e/e_2CS7SM2993J/history-f1f2495d518d-b1.csv/ (+3ms) 
23:08:43   ├─ /e/e_2CS7SM2993J/values-7e6b5bcfba2a-b1.csv/ (+3ms) 
23:08:43   ├─ /e/e_2CS7SM2993J/history-7e6b5bcfba2a-b1.csv/ (+2ms) 
23:08:43   ├─ /e/e_2CS7SM2993J/values-df540ea0d40d-b1.csv/ (+4ms) 
23:08:43   ├─ /e/e_2CS7SM2993J/history-df540ea0d40d-b1.csv/ (+2ms) 
23:08:43   ├─ /e/e_2CS7SM2993J/values-064bcdd1c2d3-b1.csv/ (+5ms) 
23:08:43   ├─ /e/e_2CS7SM2993J/history-064bcdd1c2d3-b1.csv/ (+2ms) 
23:08:43   ├─ /e/e_2CS7SM2993J/values-be624cbf9aec-b1.csv/ (+4ms) 
23:08:43   ├─ /e/e_2CS7SM2993J/history-be624cbf9aec-b1.csv/ (+1ms) 
23:08:43   ├─ /e/e_2CS7SM2993J/values-fe618519ff6a-b1.csv/ (+2ms) 
23:08:43   ├─ /e/e_2CS7SM2993J/history-fe618519ff6a-b1.csv/ (+1ms) 
23:08:43   ├─ /e/e_2CS7SM2993J/values-035a72a81e59-b1.csv/ (+4ms) 
23:08:43   ├─ /e/e_2CS7SM2993J/history-035a72a81e59-b1.csv/ (+2ms) 
23:08:43   ├─ /e/e_2CS7SM2993J/values-9d18a826a3f1-b1.csv/ (+5ms) 
23:08:43   ├─ /e/e_2CS7SM2993J/history-9d18a826a3f1-b1.csv/ (+4ms) 
23:08:43   ├─ /e/e_2CS7SM2993J/values-66cffe06e8cb-b1.csv/ (+7ms) 
23:08:43   ├─ /e/e_2CS7SM2993J/history-66cffe06e8cb-b1.csv/ (+2ms) 
23:08:43   ├─ /e/e_2CS7SM2993J/values-46cf326e7985-b1.csv/ (+8ms) 
23:08:43   ├─ /e/e_2CS7SM2993J/history-46cf326e7985-b1.csv/ (+6ms) 
23:08:43   ├─ /e/e_2CS7SM2993J/values-515920e4ea3f-b1.csv/ (+3ms) 
23:08:43   ├─ /e/e_2CS7SM2993J/history-515920e4ea3f-b1.csv/ (+2ms) 
23:08:43   ├─ /e/e_2CS7SM2993J/values-0a7b1714d0ad-b1.csv/ (+13ms) 
23:08:43   ├─ /e/e_2CS7SM2993J/history-0a7b1714d0ad-b1.csv/ (+6ms) 
23:08:43   ├─ /e/e_2CS7SM2993J/values-fcfd3a7ccdcb-b1.csv/ (+15ms) 
23:08:43   ├─ /e/e_2CS7SM2993J/history-fcfd3a7ccdcb-b1.csv/ (+3ms) 
23:08:43   ├─ /e/e_2JCAQ45XCSC/values-515920e4ea3f-b1.csv/ (+12ms) 
23:08:43   ├─ /e/e_2JCAQ45XCSC/history-515920e4ea3f-b1.csv/ (+10ms) 
23:08:43   ├─ /e/e_2JCAQ45XCSC/values-0a7b1714d0ad-b1.csv/ (+17ms) 
23:08:43   ├─ /e/e_2JCAQ45XCSC/history-0a7b1714d0ad-b1.csv/ (+14ms) 
23:08:43   ├─ /e/e_2JCAQ45XCSC/values-fcfd3a7ccdcb-b1.csv/ (+11ms) 
23:08:43   ├─ /e/e_2JCAQ45XCSC/history-fcfd3a7ccdcb-b1.csv/ (+7ms) 
23:08:43   ├─ /e/e_32V083BPAMA/values-0a7b1714d0ad-b1.csv/ (+11ms) 
23:08:43   ├─ /e/e_32V083BPAMA/history-0a7b1714d0ad-b1.csv/ (+8ms) 
23:08:43   ├─ /e/e_32V083BPAMA/values-fcfd3a7ccdcb-b1.csv/ (+10ms) 
23:08:43   ├─ /e/e_32V083BPAMA/history-fcfd3a7ccdcb-b1.csv/ (+2ms) 
23:08:43   ├─ /e/e_357KR6Z8TFG/values-f1f2495d518d-b1.csv/ (+9ms) 
23:08:43   ├─ /e/e_357KR6Z8TFG/history-f1f2495d518d-b1.csv/ (+2ms) 
23:08:43   ├─ /e/e_357KR6Z8TFG/values-f1f2495d518d-b1.csv/ (+4ms) 
23:08:43   ├─ /e/e_357KR6Z8TFG/history-f1f2495d518d-b1.csv/ (+2ms) 
23:08:43   ├─ /e/e_357KR6Z8TFG/values-7e6b5bcfba2a-b1.csv/ (+4ms) 
23:08:43   ├─ /e/e_357KR6Z8TFG/history-7e6b5bcfba2a-b1.csv/ (+1ms) 
23:08:43   ├─ /e/e_357KR6Z8TFG/values-df540ea0d40d-b1.csv/ (+3ms) 
23:08:43   ├─ /e/e_357KR6Z8TFG/history-df540ea0d40d-b1.csv/ (+1ms) 
23:08:43   ├─ /e/e_357KR6Z8TFG/values-064bcdd1c2d3-b1.csv/ (+4ms) 
23:08:43   ├─ /e/e_357KR6Z8TFG/history-064bcdd1c2d3-b1.csv/ (+2ms) 
23:08:43   ├─ /e/e_357KR6Z8TFG/values-be624cbf9aec-b1.csv/ (+3ms) 
23:08:43   ├─ /e/e_357KR6Z8TFG/history-be624cbf9aec-b1.csv/ (+2ms) 
23:08:43   ├─ /e/e_357KR6Z8TFG/values-fe618519ff6a-b1.csv/ (+7ms) 
23:08:43   ├─ /e/e_357KR6Z8TFG/history-fe618519ff6a-b1.csv/ (+3ms) 
23:08:43   ├─ /e/e_357KR6Z8TFG/values-035a72a81e59-b1.csv/ (+8ms) 
23:08:43   ├─ /e/e_357KR6Z8TFG/history-035a72a81e59-b1.csv/ (+4ms) 
23:08:43   ├─ /e/e_357KR6Z8TFG/values-9d18a826a3f1-b1.csv/ (+5ms) 
23:08:43   ├─ /e/e_357KR6Z8TFG/history-9d18a826a3f1-b1.csv/ (+6ms) 
23:08:43   ├─ /e/e_357KR6Z8TFG/values-66cffe06e8cb-b1.csv/ (+8ms) 
23:08:43   ├─ /e/e_357KR6Z8TFG/history-66cffe06e8cb-b1.csv/ (+2ms) 
23:08:43   ├─ /e/e_357KR6Z8TFG/values-46cf326e7985-b1.csv/ (+29ms) 
23:08:43   ├─ /e/e_357KR6Z8TFG/history-46cf326e7985-b1.csv/ (+5ms) 
23:08:43   ├─ /e/e_357KR6Z8TFG/values-515920e4ea3f-b1.csv/ (+3ms) 
23:08:43   ├─ /e/e_357KR6Z8TFG/history-515920e4ea3f-b1.csv/ (+1ms) 
23:08:43   ├─ /e/e_357KR6Z8TFG/values-0a7b1714d0ad-b1.csv/ (+3ms) 
23:08:43   ├─ /e/e_357KR6Z8TFG/history-0a7b1714d0ad-b1.csv/ (+2ms) 
23:08:43   ├─ /e/e_357KR6Z8TFG/values-fcfd3a7ccdcb-b1.csv/ (+2ms) 
23:08:43   ├─ /e/e_357KR6Z8TFG/history-fcfd3a7ccdcb-b1.csv/ (+1ms) 
23:08:43   ├─ /e/e_38NTPKDPKHA/values-46cf326e7985-b1.csv/ (+2ms) 
23:08:43   ├─ /e/e_38NTPKDPKHA/history-46cf326e7985-b1.csv/ (+2ms) 
23:08:43   ├─ /e/e_38NTPKDPKHA/values-515920e4ea3f-b1.csv/ (+1ms) 
23:08:43   ├─ /e/e_38NTPKDPKHA/history-515920e4ea3f-b1.csv/ (+1ms) 
23:08:43   ├─ /e/e_38NTPKDPKHA/values-0a7b1714d0ad-b1.csv/ (+1ms) 
23:08:43   ├─ /e/e_38NTPKDPKHA/history-0a7b1714d0ad-b1.csv/ (+0ms) 
23:08:43   ├─ /e/e_38NTPKDPKHA/values-fcfd3a7ccdcb-b1.csv/ (+1ms) 
23:08:43   ├─ /e/e_38NTPKDPKHA/history-fcfd3a7ccdcb-b1.csv/ (+2ms) 
23:08:43   ├─ /e/e_3HZS2JPM2CR/values-8b04a522dda1-b1.csv/ (+1ms) 
23:08:43   ├─ /e/e_3HZS2JPM2CR/history-8b04a522dda1-b1.csv/ (+1ms) 
23:08:43   ├─ /e/e_3HZS2JPM2CR/values-f1f2495d518d-b1.csv/ (+1ms) 
23:08:43   ├─ /e/e_3HZS2JPM2CR/history-f1f2495d518d-b1.csv/ (+2ms) 
23:08:43   ├─ /e/e_3HZS2JPM2CR/values-f1f2495d518d-b1.csv/ (+4ms) 
23:08:43   ├─ /e/e_3HZS2JPM2CR/history-f1f2495d518d-b1.csv/ (+2ms) 
23:08:43   ├─ /e/e_3HZS2JPM2CR/values-7e6b5bcfba2a-b1.csv/ (+5ms) 
23:08:43   ├─ /e/e_3HZS2JPM2CR/history-7e6b5bcfba2a-b1.csv/ (+1ms) 
23:08:43   ├─ /e/e_3HZS2JPM2CR/values-df540ea0d40d-b1.csv/ (+12ms) 
23:08:43   ├─ /e/e_3HZS2JPM2CR/history-df540ea0d40d-b1.csv/ (+3ms) 
23:08:43   ├─ /e/e_3HZS2JPM2CR/values-064bcdd1c2d3-b1.csv/ (+9ms) 
23:08:43   ├─ /e/e_3HZS2JPM2CR/history-064bcdd1c2d3-b1.csv/ (+2ms) 
23:08:43   ├─ /e/e_3HZS2JPM2CR/values-be624cbf9aec-b1.csv/ (+4ms) 
23:08:43   ├─ /e/e_3HZS2JPM2CR/history-be624cbf9aec-b1.csv/ (+1ms) 
23:08:43   ├─ /e/e_3HZS2JPM2CR/values-fe618519ff6a-b1.csv/ (+3ms) 
23:08:43   ├─ /e/e_3HZS2JPM2CR/history-fe618519ff6a-b1.csv/ (+2ms) 
23:08:43   ├─ /e/e_3HZS2JPM2CR/values-035a72a81e59-b1.csv/ (+4ms) 
23:08:43   ├─ /e/e_3HZS2JPM2CR/history-035a72a81e59-b1.csv/ (+2ms) 
23:08:43   ├─ /e/e_3HZS2JPM2CR/values-46cf326e7985-b1.csv/ (+7ms) 
23:08:44   ├─ /e/e_3HZS2JPM2CR/history-46cf326e7985-b1.csv/ (+4ms) 
23:08:44   ├─ /e/e_3HZS2JPM2CR/values-515920e4ea3f-b1.csv/ (+3ms) 
23:08:44   ├─ /e/e_3HZS2JPM2CR/history-515920e4ea3f-b1.csv/ (+6ms) 
23:08:44   ├─ /e/e_3HZS2JPM2CR/values-0a7b1714d0ad-b1.csv/ (+5ms) 
23:08:44   ├─ /e/e_3HZS2JPM2CR/history-0a7b1714d0ad-b1.csv/ (+2ms) 
23:08:44   ├─ /e/e_3HZS2JPM2CR/values-fcfd3a7ccdcb-b1.csv/ (+6ms) 
23:08:44   ├─ /e/e_3HZS2JPM2CR/history-fcfd3a7ccdcb-b1.csv/ (+5ms) 
23:08:44   ├─ /e/e_3N3Q3YAWBCG/values-46cf326e7985-b1.csv/ (+10ms) 
23:08:44   ├─ /e/e_3N3Q3YAWBCG/history-46cf326e7985-b1.csv/ (+6ms) 
23:08:44   ├─ /e/e_3N3Q3YAWBCG/values-515920e4ea3f-b1.csv/ (+5ms) 
23:08:44   ├─ /e/e_3N3Q3YAWBCG/history-515920e4ea3f-b1.csv/ (+3ms) 
23:08:44   ├─ /e/e_3N3Q3YAWBCG/values-0a7b1714d0ad-b1.csv/ (+3ms) 
23:08:44   ├─ /e/e_3N3Q3YAWBCG/history-0a7b1714d0ad-b1.csv/ (+2ms) 
23:08:44   ├─ /e/e_3N3Q3YAWBCG/values-fcfd3a7ccdcb-b1.csv/ (+9ms) 
23:08:44   ├─ /e/e_3N3Q3YAWBCG/history-fcfd3a7ccdcb-b1.csv/ (+1ms) 
23:08:44   ├─ /e/e_41T3C34FQFA/values-8b04a522dda1-b1.csv/ (+10ms) 
23:08:44   ├─ /e/e_41T3C34FQFA/history-8b04a522dda1-b1.csv/ (+0ms) 
23:08:44   ├─ /e/e_41T3C34FQFA/values-f1f2495d518d-b1.csv/ (+4ms) 
23:08:44   ├─ /e/e_41T3C34FQFA/history-f1f2495d518d-b1.csv/ (+2ms) 
23:08:44   ├─ /e/e_41T3C34FQFA/values-f1f2495d518d-b1.csv/ (+9ms) 
23:08:44   ├─ /e/e_41T3C34FQFA/history-f1f2495d518d-b1.csv/ (+2ms) 
23:08:44   ├─ /e/e_41T3C34FQFA/values-7e6b5bcfba2a-b1.csv/ (+17ms) 
23:08:44   ├─ /e/e_41T3C34FQFA/history-7e6b5bcfba2a-b1.csv/ (+6ms) 
23:08:44   ├─ /e/e_41T3C34FQFA/values-df540ea0d40d-b1.csv/ (+10ms) 
23:08:44   ├─ /e/e_41T3C34FQFA/history-df540ea0d40d-b1.csv/ (+3ms) 
23:08:44   ├─ /e/e_41T3C34FQFA/values-064bcdd1c2d3-b1.csv/ (+5ms) 
23:08:44   ├─ /e/e_41T3C34FQFA/history-064bcdd1c2d3-b1.csv/ (+2ms) 
23:08:44   ├─ /e/e_41T3C34FQFA/values-be624cbf9aec-b1.csv/ (+9ms) 
23:08:44   ├─ /e/e_41T3C34FQFA/history-be624cbf9aec-b1.csv/ (+20ms) 
23:08:44   ├─ /e/e_41T3C34FQFA/values-fe618519ff6a-b1.csv/ (+12ms) 
23:08:44   ├─ /e/e_41T3C34FQFA/history-fe618519ff6a-b1.csv/ (+2ms) 
23:08:44   ├─ /e/e_41T3C34FQFA/values-035a72a81e59-b1.csv/ (+7ms) 
23:08:44   ├─ /e/e_41T3C34FQFA/history-035a72a81e59-b1.csv/ (+2ms) 
23:08:44   ├─ /e/e_41T3C34FQFA/values-9d18a826a3f1-b1.csv/ (+7ms) 
23:08:44   ├─ /e/e_41T3C34FQFA/history-9d18a826a3f1-b1.csv/ (+3ms) 
23:08:44   ├─ /e/e_41T3C34FQFA/values-66cffe06e8cb-b1.csv/ (+3ms) 
23:08:44   ├─ /e/e_41T3C34FQFA/history-66cffe06e8cb-b1.csv/ (+0ms) 
23:08:44   ├─ /e/e_41T3C34FQFA/values-46cf326e7985-b1.csv/ (+4ms) 
23:08:44   ├─ /e/e_41T3C34FQFA/history-46cf326e7985-b1.csv/ (+1ms) 
23:08:44   ├─ /e/e_41T3C34FQFA/values-515920e4ea3f-b1.csv/ (+2ms) 
23:08:44   ├─ /e/e_41T3C34FQFA/history-515920e4ea3f-b1.csv/ (+1ms) 
23:08:44   ├─ /e/e_41T3C34FQFA/values-0a7b1714d0ad-b1.csv/ (+6ms) 
23:08:44   ├─ /e/e_41T3C34FQFA/history-0a7b1714d0ad-b1.csv/ (+3ms) 
23:08:44   ├─ /e/e_41T3C34FQFA/values-fcfd3a7ccdcb-b1.csv/ (+5ms) 
23:08:44   ├─ /e/e_41T3C34FQFA/history-fcfd3a7ccdcb-b1.csv/ (+1ms) 
23:08:44   ├─ /e/e_4P7EDPAWCY2/values-8b04a522dda1-b1.csv/ (+5ms) 
23:08:44   ├─ /e/e_4P7EDPAWCY2/history-8b04a522dda1-b1.csv/ (+1ms) 
23:08:44   ├─ /e/e_4P7EDPAWCY2/values-f1f2495d518d-b1.csv/ (+4ms) 
23:08:44   ├─ /e/e_4P7EDPAWCY2/history-f1f2495d518d-b1.csv/ (+2ms) 
23:08:44   ├─ /e/e_4P7EDPAWCY2/values-f1f2495d518d-b1.csv/ (+3ms) 
23:08:44   ├─ /e/e_4P7EDPAWCY2/history-f1f2495d518d-b1.csv/ (+1ms) 
23:08:44   ├─ /e/e_4P7EDPAWCY2/values-7e6b5bcfba2a-b1.csv/ (+4ms) 
23:08:44   ├─ /e/e_4P7EDPAWCY2/history-7e6b5bcfba2a-b1.csv/ (+1ms) 
23:08:44   ├─ /e/e_4P7EDPAWCY2/values-df540ea0d40d-b1.csv/ (+5ms) 
23:08:44   ├─ /e/e_4P7EDPAWCY2/history-df540ea0d40d-b1.csv/ (+2ms) 
23:08:44   ├─ /e/e_4P7EDPAWCY2/values-064bcdd1c2d3-b1.csv/ (+6ms) 
23:08:44   ├─ /e/e_4P7EDPAWCY2/history-064bcdd1c2d3-b1.csv/ (+1ms) 
23:08:44   ├─ /e/e_4P7EDPAWCY2/values-be624cbf9aec-b1.csv/ (+6ms) 
23:08:44   ├─ /e/e_4P7EDPAWCY2/history-be624cbf9aec-b1.csv/ (+0ms) 
23:08:44   ├─ /e/e_4P7EDPAWCY2/values-fe618519ff6a-b1.csv/ (+12ms) 
23:08:44   ├─ /e/e_4P7EDPAWCY2/history-fe618519ff6a-b1.csv/ (+12ms) 
23:08:44   ├─ /e/e_4P7EDPAWCY2/values-035a72a81e59-b1.csv/ (+10ms) 
23:08:44   ├─ /e/e_4P7EDPAWCY2/history-035a72a81e59-b1.csv/ (+25ms) 
23:08:44   ├─ /e/e_4P7EDPAWCY2/values-9d18a826a3f1-b1.csv/ (+3ms) 
23:08:44   ├─ /e/e_4P7EDPAWCY2/history-9d18a826a3f1-b1.csv/ (+1ms) 
23:08:44   ├─ /e/e_4P7EDPAWCY2/values-66cffe06e8cb-b1.csv/ (+5ms) 
23:08:44   ├─ /e/e_4P7EDPAWCY2/history-66cffe06e8cb-b1.csv/ (+3ms) 
23:08:44   ├─ /e/e_4P7EDPAWCY2/values-46cf326e7985-b1.csv/ (+6ms) 
23:08:44   ├─ /e/e_4P7EDPAWCY2/history-46cf326e7985-b1.csv/ (+1ms) 
23:08:44   ├─ /e/e_4P7EDPAWCY2/values-515920e4ea3f-b1.csv/ (+11ms) 
23:08:44   ├─ /e/e_4P7EDPAWCY2/history-515920e4ea3f-b1.csv/ (+4ms) 
23:08:44   ├─ /e/e_4P7EDPAWCY2/values-0a7b1714d0ad-b1.csv/ (+8ms) 
23:08:44   ├─ /e/e_4P7EDPAWCY2/history-0a7b1714d0ad-b1.csv/ (+4ms) 
23:08:44   ├─ /e/e_4P7EDPAWCY2/values-fcfd3a7ccdcb-b1.csv/ (+5ms) 
23:08:44   ├─ /e/e_4P7EDPAWCY2/history-fcfd3a7ccdcb-b1.csv/ (+2ms) 
23:08:44   ├─ /e/e_4VBT50A7VD2/values-9d18a826a3f1-b1.csv/ (+6ms) 
23:08:44   ├─ /e/e_4VBT50A7VD2/history-9d18a826a3f1-b1.csv/ (+2ms) 
23:08:44   ├─ /e/e_4VBT50A7VD2/values-46cf326e7985-b1.csv/ (+3ms) 
23:08:44   ├─ /e/e_4VBT50A7VD2/history-46cf326e7985-b1.csv/ (+4ms) 
23:08:44   ├─ /e/e_4VBT50A7VD2/values-515920e4ea3f-b1.csv/ (+5ms) 
23:08:44   ├─ /e/e_4VBT50A7VD2/history-515920e4ea3f-b1.csv/ (+2ms) 
23:08:44   ├─ /e/e_4VBT50A7VD2/values-0a7b1714d0ad-b1.csv/ (+5ms) 
23:08:44   ├─ /e/e_4VBT50A7VD2/history-0a7b1714d0ad-b1.csv/ (+3ms) 
23:08:44   ├─ /e/e_4VBT50A7VD2/values-fcfd3a7ccdcb-b1.csv/ (+8ms) 
23:08:44   ├─ /e/e_4VBT50A7VD2/history-fcfd3a7ccdcb-b1.csv/ (+4ms) 
23:08:44   ├─ /e/e_5R5PKZN9WTY/values-8b04a522dda1-b1.csv/ (+13ms) 
23:08:44   ├─ /e/e_5R5PKZN9WTY/history-8b04a522dda1-b1.csv/ (+6ms) 
23:08:44   ├─ /e/e_5R5PKZN9WTY/values-f1f2495d518d-b1.csv/ (+12ms) 
23:08:44   ├─ /e/e_5R5PKZN9WTY/history-f1f2495d518d-b1.csv/ (+12ms) 
23:08:44   ├─ /e/e_5R5PKZN9WTY/values-f1f2495d518d-b1.csv/ (+4ms) 
23:08:44   ├─ /e/e_5R5PKZN9WTY/history-f1f2495d518d-b1.csv/ (+1ms) 
23:08:44   ├─ /e/e_5R5PKZN9WTY/values-7e6b5bcfba2a-b1.csv/ (+9ms) 
23:08:44   ├─ /e/e_5R5PKZN9WTY/history-7e6b5bcfba2a-b1.csv/ (+4ms) 
23:08:44   ├─ /e/e_5R5PKZN9WTY/values-df540ea0d40d-b1.csv/ (+7ms) 
23:08:44   ├─ /e/e_5R5PKZN9WTY/history-df540ea0d40d-b1.csv/ (+2ms) 
23:08:44   ├─ /e/e_5R5PKZN9WTY/values-064bcdd1c2d3-b1.csv/ (+3ms) 
23:08:44   ├─ /e/e_5R5PKZN9WTY/history-064bcdd1c2d3-b1.csv/ (+1ms) 
23:08:44   ├─ /e/e_5R5PKZN9WTY/values-be624cbf9aec-b1.csv/ (+3ms) 
23:08:44   ├─ /e/e_5R5PKZN9WTY/history-be624cbf9aec-b1.csv/ (+3ms) 
23:08:44   ├─ /e/e_5R5PKZN9WTY/values-fe618519ff6a-b1.csv/ (+7ms) 
23:08:44   ├─ /e/e_5R5PKZN9WTY/history-fe618519ff6a-b1.csv/ (+2ms) 
23:08:44   ├─ /e/e_5R5PKZN9WTY/values-035a72a81e59-b1.csv/ (+3ms) 
23:08:44   ├─ /e/e_5R5PKZN9WTY/history-035a72a81e59-b1.csv/ (+2ms) 
23:08:44   ├─ /e/e_5R5PKZN9WTY/values-9d18a826a3f1-b1.csv/ (+4ms) 
23:08:44   ├─ /e/e_5R5PKZN9WTY/history-9d18a826a3f1-b1.csv/ (+3ms) 
23:08:44   ├─ /e/e_5R5PKZN9WTY/values-66cffe06e8cb-b1.csv/ (+9ms) 
23:08:44   ├─ /e/e_5R5PKZN9WTY/history-66cffe06e8cb-b1.csv/ (+3ms) 
23:08:44   ├─ /e/e_5R5PKZN9WTY/values-46cf326e7985-b1.csv/ (+9ms) 
23:08:44   ├─ /e/e_5R5PKZN9WTY/history-46cf326e7985-b1.csv/ (+4ms) 
23:08:44   ├─ /e/e_5R5PKZN9WTY/values-515920e4ea3f-b1.csv/ (+13ms) 
23:08:44   ├─ /e/e_5R5PKZN9WTY/history-515920e4ea3f-b1.csv/ (+4ms) 
23:08:44   ├─ /e/e_5R5PKZN9WTY/values-0a7b1714d0ad-b1.csv/ (+19ms) 
23:08:44   ├─ /e/e_5R5PKZN9WTY/history-0a7b1714d0ad-b1.csv/ (+5ms) 
23:08:44   ├─ /e/e_5R5PKZN9WTY/values-fcfd3a7ccdcb-b1.csv/ (+4ms) 
23:08:44   ├─ /e/e_5R5PKZN9WTY/history-fcfd3a7ccdcb-b1.csv/ (+2ms) 
23:08:44   ├─ /e/e_5VB3GYJAWRC/values-9d18a826a3f1-b1.csv/ (+5ms) 
23:08:44   ├─ /e/e_5VB3GYJAWRC/history-9d18a826a3f1-b1.csv/ (+1ms) 
23:08:44   ├─ /e/e_5VB3GYJAWRC/values-66cffe06e8cb-b1.csv/ (+9ms) 
23:08:44   ├─ /e/e_5VB3GYJAWRC/history-66cffe06e8cb-b1.csv/ (+2ms) 
23:08:44   ├─ /e/e_5VB3GYJAWRC/values-46cf326e7985-b1.csv/ (+7ms) 
23:08:44   ├─ /e/e_5VB3GYJAWRC/history-46cf326e7985-b1.csv/ (+1ms) 
23:08:44   ├─ /e/e_5VB3GYJAWRC/values-515920e4ea3f-b1.csv/ (+10ms) 
23:08:44   ├─ /e/e_5VB3GYJAWRC/history-515920e4ea3f-b1.csv/ (+3ms) 
23:08:44   ├─ /e/e_5VB3GYJAWRC/values-0a7b1714d0ad-b1.csv/ (+4ms) 
23:08:44   ├─ /e/e_5VB3GYJAWRC/history-0a7b1714d0ad-b1.csv/ (+3ms) 
23:08:44   ├─ /e/e_5VB3GYJAWRC/values-fcfd3a7ccdcb-b1.csv/ (+4ms) 
23:08:44   ├─ /e/e_5VB3GYJAWRC/history-fcfd3a7ccdcb-b1.csv/ (+3ms) 
23:08:44   ├─ /e/e_61BHW1YYH5J/values-515920e4ea3f-b1.csv/ (+6ms) 
23:08:44   ├─ /e/e_61BHW1YYH5J/history-515920e4ea3f-b1.csv/ (+2ms) 
23:08:44   ├─ /e/e_61BHW1YYH5J/values-0a7b1714d0ad-b1.csv/ (+2ms) 
23:08:44   ├─ /e/e_61BHW1YYH5J/history-0a7b1714d0ad-b1.csv/ (+1ms) 
23:08:44   ├─ /e/e_61BHW1YYH5J/values-fcfd3a7ccdcb-b1.csv/ (+3ms) 
23:08:44   ├─ /e/e_61BHW1YYH5J/history-fcfd3a7ccdcb-b1.csv/ (+3ms) 
23:08:44   ├─ /e/e_6Y1JB29DYJA/values-66cffe06e8cb-b1.csv/ (+10ms) 
23:08:44   ├─ /e/e_6Y1JB29DYJA/history-66cffe06e8cb-b1.csv/ (+11ms) 
23:08:44   ├─ /e/e_6Y1JB29DYJA/values-46cf326e7985-b1.csv/ (+5ms) 
23:08:44   ├─ /e/e_6Y1JB29DYJA/history-46cf326e7985-b1.csv/ (+4ms) 
23:08:44   ├─ /e/e_6Y1JB29DYJA/values-515920e4ea3f-b1.csv/ (+8ms) 
23:08:44   ├─ /e/e_6Y1JB29DYJA/history-515920e4ea3f-b1.csv/ (+6ms) 
23:08:44   ├─ /e/e_6Y1JB29DYJA/values-0a7b1714d0ad-b1.csv/ (+7ms) 
23:08:44   ├─ /e/e_6Y1JB29DYJA/history-0a7b1714d0ad-b1.csv/ (+5ms) 
23:08:44   ├─ /e/e_6Y1JB29DYJA/values-fcfd3a7ccdcb-b1.csv/ (+6ms) 
23:08:44   ├─ /e/e_6Y1JB29DYJA/history-fcfd3a7ccdcb-b1.csv/ (+114ms) 
23:08:44   ├─ /e/e_7JW04Q252D6/values-035a72a81e59-b1.csv/ (+5ms) 
23:08:44   ├─ /e/e_7JW04Q252D6/history-035a72a81e59-b1.csv/ (+3ms) 
23:08:44   ├─ /e/e_7JW04Q252D6/values-9d18a826a3f1-b1.csv/ (+9ms) 
23:08:44   ├─ /e/e_7JW04Q252D6/history-9d18a826a3f1-b1.csv/ (+2ms) 
23:08:44   ├─ /e/e_7JW04Q252D6/values-66cffe06e8cb-b1.csv/ (+3ms) 
23:08:44   ├─ /e/e_7JW04Q252D6/history-66cffe06e8cb-b1.csv/ (+2ms) 
23:08:44   ├─ /e/e_7JW04Q252D6/values-46cf326e7985-b1.csv/ (+6ms) 
23:08:44   ├─ /e/e_7JW04Q252D6/history-46cf326e7985-b1.csv/ (+1ms) 
23:08:44   ├─ /e/e_7JW04Q252D6/values-515920e4ea3f-b1.csv/ (+6ms) 
23:08:44   ├─ /e/e_7JW04Q252D6/history-515920e4ea3f-b1.csv/ (+1ms) 
23:08:44   ├─ /e/e_7JW04Q252D6/values-0a7b1714d0ad-b1.csv/ (+4ms) 
23:08:44   ├─ /e/e_7JW04Q252D6/history-0a7b1714d0ad-b1.csv/ (+8ms) 
23:08:44   ├─ /e/e_7JW04Q252D6/values-fcfd3a7ccdcb-b1.csv/ (+8ms) 
23:08:44   ├─ /e/e_7JW04Q252D6/history-fcfd3a7ccdcb-b1.csv/ (+5ms) 
23:08:44   ├─ /e/e_824XAJ5ETWG/values-9d18a826a3f1-b1.csv/ (+3ms) 
23:08:44   ├─ /e/e_824XAJ5ETWG/history-9d18a826a3f1-b1.csv/ (+4ms) 
23:08:44   ├─ /e/e_824XAJ5ETWG/values-66cffe06e8cb-b1.csv/ (+31ms) 
23:08:44   ├─ /e/e_824XAJ5ETWG/history-66cffe06e8cb-b1.csv/ (+8ms) 
23:08:44   ├─ /e/e_824XAJ5ETWG/values-46cf326e7985-b1.csv/ (+7ms) 
23:08:44   ├─ /e/e_824XAJ5ETWG/history-46cf326e7985-b1.csv/ (+2ms) 
23:08:44   ├─ /e/e_824XAJ5ETWG/values-515920e4ea3f-b1.csv/ (+5ms) 
23:08:44   ├─ /e/e_824XAJ5ETWG/history-515920e4ea3f-b1.csv/ (+2ms) 
23:08:44   ├─ /e/e_824XAJ5ETWG/values-0a7b1714d0ad-b1.csv/ (+2ms) 
23:08:44   ├─ /e/e_824XAJ5ETWG/history-0a7b1714d0ad-b1.csv/ (+1ms) 
23:08:44   ├─ /e/e_824XAJ5ETWG/values-fcfd3a7ccdcb-b1.csv/ (+4ms) 
23:08:44   ├─ /e/e_824XAJ5ETWG/history-fcfd3a7ccdcb-b1.csv/ (+2ms) 
23:08:44   ├─ /e/e_8A2A58V55P6/values-f1f2495d518d-b1.csv/ (+4ms) 
23:08:44   ├─ /e/e_8A2A58V55P6/history-f1f2495d518d-b1.csv/ (+1ms) 
23:08:44   ├─ /e/e_8A2A58V55P6/values-f1f2495d518d-b1.csv/ (+3ms) 
23:08:44   ├─ /e/e_8A2A58V55P6/history-f1f2495d518d-b1.csv/ (+1ms) 
23:08:44   ├─ /e/e_8A2A58V55P6/values-7e6b5bcfba2a-b1.csv/ (+4ms) 
23:08:45   ├─ /e/e_8A2A58V55P6/history-7e6b5bcfba2a-b1.csv/ (+1ms) 
23:08:45   ├─ /e/e_8A2A58V55P6/values-df540ea0d40d-b1.csv/ (+3ms) 
23:08:45   ├─ /e/e_8A2A58V55P6/history-df540ea0d40d-b1.csv/ (+3ms) 
23:08:45   ├─ /e/e_8A2A58V55P6/values-064bcdd1c2d3-b1.csv/ (+3ms) 
23:08:45   ├─ /e/e_8A2A58V55P6/history-064bcdd1c2d3-b1.csv/ (+1ms) 
23:08:45   ├─ /e/e_8A2A58V55P6/values-be624cbf9aec-b1.csv/ (+4ms) 
23:08:45   ├─ /e/e_8A2A58V55P6/history-be624cbf9aec-b1.csv/ (+2ms) 
23:08:45   ├─ /e/e_8A2A58V55P6/values-fe618519ff6a-b1.csv/ (+10ms) 
23:08:45   ├─ /e/e_8A2A58V55P6/history-fe618519ff6a-b1.csv/ (+2ms) 
23:08:45   ├─ /e/e_8A2A58V55P6/values-035a72a81e59-b1.csv/ (+3ms) 
23:08:45   ├─ /e/e_8A2A58V55P6/history-035a72a81e59-b1.csv/ (+2ms) 
23:08:45   ├─ /e/e_8A2A58V55P6/values-66cffe06e8cb-b1.csv/ (+3ms) 
23:08:45   ├─ /e/e_8A2A58V55P6/history-66cffe06e8cb-b1.csv/ (+1ms) 
23:08:45   ├─ /e/e_8A2A58V55P6/values-46cf326e7985-b1.csv/ (+1ms) 
23:08:45   ├─ /e/e_8A2A58V55P6/history-46cf326e7985-b1.csv/ (+1ms) 
23:08:45   ├─ /e/e_8A2A58V55P6/values-515920e4ea3f-b1.csv/ (+2ms) 
23:08:45   ├─ /e/e_8A2A58V55P6/history-515920e4ea3f-b1.csv/ (+1ms) 
23:08:45   ├─ /e/e_8A2A58V55P6/values-0a7b1714d0ad-b1.csv/ (+1ms) 
23:08:45   ├─ /e/e_8A2A58V55P6/history-0a7b1714d0ad-b1.csv/ (+1ms) 
23:08:45   ├─ /e/e_8A2A58V55P6/values-fcfd3a7ccdcb-b1.csv/ (+1ms) 
23:08:45   ├─ /e/e_8A2A58V55P6/history-fcfd3a7ccdcb-b1.csv/ (+1ms) 
23:08:45   ├─ /e/e_8AWARYZ7WP6/values-f1f2495d518d-b1.csv/ (+2ms) 
23:08:45   ├─ /e/e_8AWARYZ7WP6/history-f1f2495d518d-b1.csv/ (+1ms) 
23:08:45   ├─ /e/e_8AWARYZ7WP6/values-f1f2495d518d-b1.csv/ (+2ms) 
23:08:45   ├─ /e/e_8AWARYZ7WP6/history-f1f2495d518d-b1.csv/ (+1ms) 
23:08:45   ├─ /e/e_8AWARYZ7WP6/values-7e6b5bcfba2a-b1.csv/ (+2ms) 
23:08:45   ├─ /e/e_8AWARYZ7WP6/history-7e6b5bcfba2a-b1.csv/ (+1ms) 
23:08:45   ├─ /e/e_8AWARYZ7WP6/values-df540ea0d40d-b1.csv/ (+2ms) 
23:08:45   ├─ /e/e_8AWARYZ7WP6/history-df540ea0d40d-b1.csv/ (+1ms) 
23:08:45   ├─ /e/e_8AWARYZ7WP6/values-064bcdd1c2d3-b1.csv/ (+4ms) 
23:08:45   ├─ /e/e_8AWARYZ7WP6/history-064bcdd1c2d3-b1.csv/ (+3ms) 
23:08:45   ├─ /e/e_8AWARYZ7WP6/values-be624cbf9aec-b1.csv/ (+3ms) 
23:08:45   ├─ /e/e_8AWARYZ7WP6/history-be624cbf9aec-b1.csv/ (+1ms) 
23:08:45   ├─ /e/e_8AWARYZ7WP6/values-fe618519ff6a-b1.csv/ (+5ms) 
23:08:45   ├─ /e/e_8AWARYZ7WP6/history-fe618519ff6a-b1.csv/ (+2ms) 
23:08:45   ├─ /e/e_8AWARYZ7WP6/values-035a72a81e59-b1.csv/ (+2ms) 
23:08:45   ├─ /e/e_8AWARYZ7WP6/history-035a72a81e59-b1.csv/ (+1ms) 
23:08:45   ├─ /e/e_8AWARYZ7WP6/values-9d18a826a3f1-b1.csv/ (+2ms) 
23:08:45   ├─ /e/e_8AWARYZ7WP6/history-9d18a826a3f1-b1.csv/ (+1ms) 
23:08:45   ├─ /e/e_8AWARYZ7WP6/values-66cffe06e8cb-b1.csv/ (+2ms) 
23:08:45   ├─ /e/e_8AWARYZ7WP6/history-66cffe06e8cb-b1.csv/ (+2ms) 
23:08:45   ├─ /e/e_8AWARYZ7WP6/values-46cf326e7985-b1.csv/ (+2ms) 
23:08:45   ├─ /e/e_8AWARYZ7WP6/history-46cf326e7985-b1.csv/ (+2ms) 
23:08:45   ├─ /e/e_8AWARYZ7WP6/values-515920e4ea3f-b1.csv/ (+2ms) 
23:08:45   ├─ /e/e_8AWARYZ7WP6/history-515920e4ea3f-b1.csv/ (+1ms) 
23:08:45   ├─ /e/e_8AWARYZ7WP6/values-0a7b1714d0ad-b1.csv/ (+2ms) 
23:08:45   ├─ /e/e_8AWARYZ7WP6/history-0a7b1714d0ad-b1.csv/ (+2ms) 
23:08:45   ├─ /e/e_8AWARYZ7WP6/values-fcfd3a7ccdcb-b1.csv/ (+2ms) 
23:08:45   ├─ /e/e_8AWARYZ7WP6/history-fcfd3a7ccdcb-b1.csv/ (+2ms) 
23:08:45   ├─ /e/e_8HVZ2FE02WG/values-90e607b982fa-b1.csv/ (+5ms) 
23:08:45   ├─ /e/e_8HVZ2FE02WG/history-90e607b982fa-b1.csv/ (+5ms) 
23:08:45   ├─ /e/e_8HVZ2FE02WG/values-8b04a522dda1-b1.csv/ (+6ms) 
23:08:45   ├─ /e/e_8HVZ2FE02WG/history-8b04a522dda1-b1.csv/ (+5ms) 
23:08:45   ├─ /e/e_8HVZ2FE02WG/values-f1f2495d518d-b1.csv/ (+4ms) 
23:08:45   ├─ /e/e_8HVZ2FE02WG/history-f1f2495d518d-b1.csv/ (+4ms) 
23:08:45   ├─ /e/e_8HVZ2FE02WG/values-f1f2495d518d-b1.csv/ (+2ms) 
23:08:45   ├─ /e/e_8HVZ2FE02WG/history-f1f2495d518d-b1.csv/ (+2ms) 
23:08:45   ├─ /e/e_8HVZ2FE02WG/values-7e6b5bcfba2a-b1.csv/ (+2ms) 
23:08:45   ├─ /e/e_8HVZ2FE02WG/history-7e6b5bcfba2a-b1.csv/ (+1ms) 
23:08:45   ├─ /e/e_8HVZ2FE02WG/values-df540ea0d40d-b1.csv/ (+4ms) 
23:08:45   ├─ /e/e_8HVZ2FE02WG/history-df540ea0d40d-b1.csv/ (+2ms) 
23:08:45   ├─ /e/e_8HVZ2FE02WG/values-064bcdd1c2d3-b1.csv/ (+3ms) 
23:08:45   ├─ /e/e_8HVZ2FE02WG/history-064bcdd1c2d3-b1.csv/ (+1ms) 
23:08:45   ├─ /e/e_8HVZ2FE02WG/values-be624cbf9aec-b1.csv/ (+3ms) 
23:08:45   ├─ /e/e_8HVZ2FE02WG/history-be624cbf9aec-b1.csv/ (+1ms) 
23:08:45   ├─ /e/e_8HVZ2FE02WG/values-fe618519ff6a-b1.csv/ (+3ms) 
23:08:45   ├─ /e/e_8HVZ2FE02WG/history-fe618519ff6a-b1.csv/ (+1ms) 
23:08:45   ├─ /e/e_8HVZ2FE02WG/values-035a72a81e59-b1.csv/ (+2ms) 
23:08:45   ├─ /e/e_8HVZ2FE02WG/history-035a72a81e59-b1.csv/ (+1ms) 
23:08:45   ├─ /e/e_8HVZ2FE02WG/values-9d18a826a3f1-b1.csv/ (+1ms) 
23:08:45   ├─ /e/e_8HVZ2FE02WG/history-9d18a826a3f1-b1.csv/ (+1ms) 
23:08:45   ├─ /e/e_8HVZ2FE02WG/values-66cffe06e8cb-b1.csv/ (+1ms) 
23:08:45   ├─ /e/e_8HVZ2FE02WG/history-66cffe06e8cb-b1.csv/ (+1ms) 
23:08:45   ├─ /e/e_8HVZ2FE02WG/values-46cf326e7985-b1.csv/ (+3ms) 
23:08:45   ├─ /e/e_8HVZ2FE02WG/history-46cf326e7985-b1.csv/ (+2ms) 
23:08:45   ├─ /e/e_8HVZ2FE02WG/values-515920e4ea3f-b1.csv/ (+5ms) 
23:08:45   ├─ /e/e_8HVZ2FE02WG/history-515920e4ea3f-b1.csv/ (+2ms) 
23:08:45   ├─ /e/e_8HVZ2FE02WG/values-0a7b1714d0ad-b1.csv/ (+3ms) 
23:08:45   ├─ /e/e_8HVZ2FE02WG/history-0a7b1714d0ad-b1.csv/ (+3ms) 
23:08:45   ├─ /e/e_8HVZ2FE02WG/values-fcfd3a7ccdcb-b1.csv/ (+2ms) 
23:08:45   ├─ /e/e_8HVZ2FE02WG/history-fcfd3a7ccdcb-b1.csv/ (+2ms) 
23:08:45   ├─ /e/e_8V2DZWR8HPM/values-8b04a522dda1-b1.csv/ (+4ms) 
23:08:45   ├─ /e/e_8V2DZWR8HPM/history-8b04a522dda1-b1.csv/ (+1ms) 
23:08:45   ├─ /e/e_8V2DZWR8HPM/values-f1f2495d518d-b1.csv/ (+6ms) 
23:08:45   ├─ /e/e_8V2DZWR8HPM/history-f1f2495d518d-b1.csv/ (+1ms) 
23:08:45   ├─ /e/e_8V2DZWR8HPM/values-f1f2495d518d-b1.csv/ (+2ms) 
23:08:45   ├─ /e/e_8V2DZWR8HPM/history-f1f2495d518d-b1.csv/ (+1ms) 
23:08:45   ├─ /e/e_8V2DZWR8HPM/values-7e6b5bcfba2a-b1.csv/ (+2ms) 
23:08:45   ├─ /e/e_8V2DZWR8HPM/history-7e6b5bcfba2a-b1.csv/ (+2ms) 
23:08:45   ├─ /e/e_8V2DZWR8HPM/values-df540ea0d40d-b1.csv/ (+3ms) 
23:08:45   ├─ /e/e_8V2DZWR8HPM/history-df540ea0d40d-b1.csv/ (+1ms) 
23:08:45   ├─ /e/e_8V2DZWR8HPM/values-064bcdd1c2d3-b1.csv/ (+4ms) 
23:08:45   ├─ /e/e_8V2DZWR8HPM/history-064bcdd1c2d3-b1.csv/ (+2ms) 
23:08:45   ├─ /e/e_8V2DZWR8HPM/values-be624cbf9aec-b1.csv/ (+4ms) 
23:08:45   ├─ /e/e_8V2DZWR8HPM/history-be624cbf9aec-b1.csv/ (+1ms) 
23:08:45   ├─ /e/e_8V2DZWR8HPM/values-fe618519ff6a-b1.csv/ (+4ms) 
23:08:45   ├─ /e/e_8V2DZWR8HPM/history-fe618519ff6a-b1.csv/ (+2ms) 
23:08:45   ├─ /e/e_8V2DZWR8HPM/values-035a72a81e59-b1.csv/ (+5ms) 
23:08:45   ├─ /e/e_8V2DZWR8HPM/history-035a72a81e59-b1.csv/ (+2ms) 
23:08:45   ├─ /e/e_8V2DZWR8HPM/values-9d18a826a3f1-b1.csv/ (+2ms) 
23:08:45   ├─ /e/e_8V2DZWR8HPM/history-9d18a826a3f1-b1.csv/ (+2ms) 
23:08:45   ├─ /e/e_8V2DZWR8HPM/values-66cffe06e8cb-b1.csv/ (+3ms) 
23:08:45   ├─ /e/e_8V2DZWR8HPM/history-66cffe06e8cb-b1.csv/ (+1ms) 
23:08:45   ├─ /e/e_8V2DZWR8HPM/values-46cf326e7985-b1.csv/ (+2ms) 
23:08:45   ├─ /e/e_8V2DZWR8HPM/history-46cf326e7985-b1.csv/ (+1ms) 
23:08:45   ├─ /e/e_8V2DZWR8HPM/values-515920e4ea3f-b1.csv/ (+2ms) 
23:08:45   ├─ /e/e_8V2DZWR8HPM/history-515920e4ea3f-b1.csv/ (+2ms) 
23:08:45   ├─ /e/e_8V2DZWR8HPM/values-0a7b1714d0ad-b1.csv/ (+3ms) 
23:08:45   ├─ /e/e_8V2DZWR8HPM/history-0a7b1714d0ad-b1.csv/ (+1ms) 
23:08:45   ├─ /e/e_8V2DZWR8HPM/values-fcfd3a7ccdcb-b1.csv/ (+6ms) 
23:08:45   ├─ /e/e_8V2DZWR8HPM/history-fcfd3a7ccdcb-b1.csv/ (+2ms) 
23:08:45   ├─ /e/e_9CDJXKFG3CJ/values-9d18a826a3f1-b1.csv/ (+5ms) 
23:08:45   ├─ /e/e_9CDJXKFG3CJ/history-9d18a826a3f1-b1.csv/ (+5ms) 
23:08:45   ├─ /e/e_9CDJXKFG3CJ/values-66cffe06e8cb-b1.csv/ (+2ms) 
23:08:45   ├─ /e/e_9CDJXKFG3CJ/history-66cffe06e8cb-b1.csv/ (+12ms) 
23:08:45   ├─ /e/e_9CDJXKFG3CJ/values-46cf326e7985-b1.csv/ (+5ms) 
23:08:45   ├─ /e/e_9CDJXKFG3CJ/history-46cf326e7985-b1.csv/ (+2ms) 
23:08:45   ├─ /e/e_9CDJXKFG3CJ/values-515920e4ea3f-b1.csv/ (+3ms) 
23:08:45   ├─ /e/e_9CDJXKFG3CJ/history-515920e4ea3f-b1.csv/ (+2ms) 
23:08:45   ├─ /e/e_9CDJXKFG3CJ/values-0a7b1714d0ad-b1.csv/ (+2ms) 
23:08:45   ├─ /e/e_9CDJXKFG3CJ/history-0a7b1714d0ad-b1.csv/ (+1ms) 
23:08:45   ├─ /e/e_9CDJXKFG3CJ/values-fcfd3a7ccdcb-b1.csv/ (+1ms) 
23:08:45   ├─ /e/e_9CDJXKFG3CJ/history-fcfd3a7ccdcb-b1.csv/ (+2ms) 
23:08:45   ├─ /e/e_9M90X0G4YD2/values-fcfd3a7ccdcb-b1.csv/ (+2ms) 
23:08:45   ├─ /e/e_9M90X0G4YD2/history-fcfd3a7ccdcb-b1.csv/ (+1ms) 
23:08:45   ├─ /e/e_ADT3TJHK8W8/values-f1f2495d518d-b1.csv/ (+1ms) 
23:08:45   ├─ /e/e_ADT3TJHK8W8/history-f1f2495d518d-b1.csv/ (+1ms) 
23:08:45   ├─ /e/e_ADT3TJHK8W8/values-f1f2495d518d-b1.csv/ (+1ms) 
23:08:45   ├─ /e/e_ADT3TJHK8W8/history-f1f2495d518d-b1.csv/ (+0ms) 
23:08:45   ├─ /e/e_ADT3TJHK8W8/values-df540ea0d40d-b1.csv/ (+3ms) 
23:08:45   ├─ /e/e_ADT3TJHK8W8/history-df540ea0d40d-b1.csv/ (+1ms) 
23:08:45   ├─ /e/e_ADT3TJHK8W8/values-064bcdd1c2d3-b1.csv/ (+4ms) 
23:08:45   ├─ /e/e_ADT3TJHK8W8/history-064bcdd1c2d3-b1.csv/ (+1ms) 
23:08:45   ├─ /e/e_ADT3TJHK8W8/values-be624cbf9aec-b1.csv/ (+4ms) 
23:08:45   ├─ /e/e_ADT3TJHK8W8/history-be624cbf9aec-b1.csv/ (+2ms) 
23:08:45   ├─ /e/e_ADT3TJHK8W8/values-fe618519ff6a-b1.csv/ (+5ms) 
23:08:45   ├─ /e/e_ADT3TJHK8W8/history-fe618519ff6a-b1.csv/ (+1ms) 
23:08:45   ├─ /e/e_ADT3TJHK8W8/values-035a72a81e59-b1.csv/ (+3ms) 
23:08:45   ├─ /e/e_ADT3TJHK8W8/history-035a72a81e59-b1.csv/ (+1ms) 
23:08:45   ├─ /e/e_ADT3TJHK8W8/values-66cffe06e8cb-b1.csv/ (+4ms) 
23:08:45   ├─ /e/e_ADT3TJHK8W8/history-66cffe06e8cb-b1.csv/ (+1ms) 
23:08:45   ├─ /e/e_ADT3TJHK8W8/values-46cf326e7985-b1.csv/ (+3ms) 
23:08:45   ├─ /e/e_ADT3TJHK8W8/history-46cf326e7985-b1.csv/ (+2ms) 
23:08:45   ├─ /e/e_ADT3TJHK8W8/values-515920e4ea3f-b1.csv/ (+3ms) 
23:08:45   ├─ /e/e_ADT3TJHK8W8/history-515920e4ea3f-b1.csv/ (+2ms) 
23:08:45   ├─ /e/e_ADT3TJHK8W8/values-0a7b1714d0ad-b1.csv/ (+3ms) 
23:08:45   ├─ /e/e_ADT3TJHK8W8/history-0a7b1714d0ad-b1.csv/ (+1ms) 
23:08:45   ├─ /e/e_ADT3TJHK8W8/values-fcfd3a7ccdcb-b1.csv/ (+3ms) 
23:08:45   ├─ /e/e_ADT3TJHK8W8/history-fcfd3a7ccdcb-b1.csv/ (+2ms) 
23:08:45   ├─ /e/e_AZADD2TBHKR/values-46cf326e7985-b1.csv/ (+4ms) 
23:08:45   ├─ /e/e_AZADD2TBHKR/history-46cf326e7985-b1.csv/ (+2ms) 
23:08:45   ├─ /e/e_AZADD2TBHKR/values-515920e4ea3f-b1.csv/ (+2ms) 
23:08:45   ├─ /e/e_AZADD2TBHKR/history-515920e4ea3f-b1.csv/ (+1ms) 
23:08:45   ├─ /e/e_AZADD2TBHKR/values-0a7b1714d0ad-b1.csv/ (+3ms) 
23:08:45   ├─ /e/e_AZADD2TBHKR/history-0a7b1714d0ad-b1.csv/ (+0ms) 
23:08:45   ├─ /e/e_AZADD2TBHKR/values-fcfd3a7ccdcb-b1.csv/ (+4ms) 
23:08:45   ├─ /e/e_AZADD2TBHKR/history-fcfd3a7ccdcb-b1.csv/ (+3ms) 
23:08:45   ├─ /e/e_B10ZF25BFZT/values-8b04a522dda1-b1.csv/ (+4ms) 
23:08:45   ├─ /e/e_B10ZF25BFZT/history-8b04a522dda1-b1.csv/ (+1ms) 
23:08:45   ├─ /e/e_B10ZF25BFZT/values-f1f2495d518d-b1.csv/ (+2ms) 
23:08:45   ├─ /e/e_B10ZF25BFZT/history-f1f2495d518d-b1.csv/ (+1ms) 
23:08:45   ├─ /e/e_B10ZF25BFZT/values-f1f2495d518d-b1.csv/ (+1ms) 
23:08:45   ├─ /e/e_B10ZF25BFZT/history-f1f2495d518d-b1.csv/ (+1ms) 
23:08:45   ├─ /e/e_B10ZF25BFZT/values-7e6b5bcfba2a-b1.csv/ (+6ms) 
23:08:45   ├─ /e/e_B10ZF25BFZT/history-7e6b5bcfba2a-b1.csv/ (+4ms) 
23:08:45   ├─ /e/e_B10ZF25BFZT/values-df540ea0d40d-b1.csv/ (+8ms) 
23:08:45   ├─ /e/e_B10ZF25BFZT/history-df540ea0d40d-b1.csv/ (+1ms) 
23:08:45   ├─ /e/e_B10ZF25BFZT/values-064bcdd1c2d3-b1.csv/ (+1ms) 
23:08:45   ├─ /e/e_B10ZF25BFZT/history-064bcdd1c2d3-b1.csv/ (+1ms) 
23:08:45   ├─ /e/e_B10ZF25BFZT/values-be624cbf9aec-b1.csv/ (+1ms) 
23:08:45   ├─ /e/e_B10ZF25BFZT/history-be624cbf9aec-b1.csv/ (+1ms) 
23:08:45   ├─ /e/e_B10ZF25BFZT/values-fe618519ff6a-b1.csv/ (+1ms) 
23:08:45   ├─ /e/e_B10ZF25BFZT/history-fe618519ff6a-b1.csv/ (+1ms) 
23:08:45   ├─ /e/e_B10ZF25BFZT/values-035a72a81e59-b1.csv/ (+6ms) 
23:08:45   ├─ /e/e_B10ZF25BFZT/history-035a72a81e59-b1.csv/ (+2ms) 
23:08:45   ├─ /e/e_B10ZF25BFZT/values-9d18a826a3f1-b1.csv/ (+2ms) 
23:08:45   ├─ /e/e_B10ZF25BFZT/history-9d18a826a3f1-b1.csv/ (+1ms) 
23:08:45   ├─ /e/e_B10ZF25BFZT/values-66cffe06e8cb-b1.csv/ (+2ms) 
23:08:45   ├─ /e/e_B10ZF25BFZT/history-66cffe06e8cb-b1.csv/ (+1ms) 
23:08:45   ├─ /e/e_B10ZF25BFZT/values-46cf326e7985-b1.csv/ (+3ms) 
23:08:45   ├─ /e/e_B10ZF25BFZT/history-46cf326e7985-b1.csv/ (+1ms) 
23:08:45   ├─ /e/e_B10ZF25BFZT/values-515920e4ea3f-b1.csv/ (+5ms) 
23:08:45   ├─ /e/e_B10ZF25BFZT/history-515920e4ea3f-b1.csv/ (+1ms) 
23:08:45   ├─ /e/e_B10ZF25BFZT/values-0a7b1714d0ad-b1.csv/ (+7ms) 
23:08:45   ├─ /e/e_B10ZF25BFZT/history-0a7b1714d0ad-b1.csv/ (+4ms) 
23:08:45   ├─ /e/e_B10ZF25BFZT/values-fcfd3a7ccdcb-b1.csv/ (+7ms) 
23:08:45   ├─ /e/e_B10ZF25BFZT/history-fcfd3a7ccdcb-b1.csv/ (+6ms) 
23:08:45   ├─ /e/e_B42PV7X9SGR/values-66cffe06e8cb-b1.csv/ (+10ms) 
23:08:45   ├─ /e/e_B42PV7X9SGR/history-66cffe06e8cb-b1.csv/ (+4ms) 
23:08:45   ├─ /e/e_B42PV7X9SGR/values-46cf326e7985-b1.csv/ (+4ms) 
23:08:45   ├─ /e/e_B42PV7X9SGR/history-46cf326e7985-b1.csv/ (+1ms) 
23:08:45   ├─ /e/e_B42PV7X9SGR/values-515920e4ea3f-b1.csv/ (+4ms) 
23:08:45   ├─ /e/e_B42PV7X9SGR/history-515920e4ea3f-b1.csv/ (+2ms) 
23:08:45   ├─ /e/e_B42PV7X9SGR/values-0a7b1714d0ad-b1.csv/ (+5ms) 
23:08:45   ├─ /e/e_B42PV7X9SGR/history-0a7b1714d0ad-b1.csv/ (+3ms) 
23:08:45   ├─ /e/e_B42PV7X9SGR/values-fcfd3a7ccdcb-b1.csv/ (+5ms) 
23:08:45   ├─ /e/e_B42PV7X9SGR/history-fcfd3a7ccdcb-b1.csv/ (+2ms) 
23:08:45   ├─ /e/e_BRECTAWD0GT/values-fcfd3a7ccdcb-b1.csv/ (+6ms) 
23:08:45   ├─ /e/e_BRECTAWD0GT/history-fcfd3a7ccdcb-b1.csv/ (+2ms) 
23:08:45   ├─ /e/e_DQT3XHMXA2C/values-f1f2495d518d-b1.csv/ (+4ms) 
23:08:45   ├─ /e/e_DQT3XHMXA2C/history-f1f2495d518d-b1.csv/ (+1ms) 
23:08:45   ├─ /e/e_DQT3XHMXA2C/values-f1f2495d518d-b1.csv/ (+4ms) 
23:08:45   ├─ /e/e_DQT3XHMXA2C/history-f1f2495d518d-b1.csv/ (+2ms) 
23:08:45   ├─ /e/e_DQT3XHMXA2C/values-7e6b5bcfba2a-b1.csv/ (+3ms) 
23:08:45   ├─ /e/e_DQT3XHMXA2C/history-7e6b5bcfba2a-b1.csv/ (+5ms) 
23:08:45   ├─ /e/e_DQT3XHMXA2C/values-df540ea0d40d-b1.csv/ (+3ms) 
23:08:45   ├─ /e/e_DQT3XHMXA2C/history-df540ea0d40d-b1.csv/ (+1ms) 
23:08:45   ├─ /e/e_DQT3XHMXA2C/values-064bcdd1c2d3-b1.csv/ (+2ms) 
23:08:45   ├─ /e/e_DQT3XHMXA2C/history-064bcdd1c2d3-b1.csv/ (+2ms) 
23:08:45   ├─ /e/e_DQT3XHMXA2C/values-be624cbf9aec-b1.csv/ (+1ms) 
23:08:45   ├─ /e/e_DQT3XHMXA2C/history-be624cbf9aec-b1.csv/ (+1ms) 
23:08:45   ├─ /e/e_DQT3XHMXA2C/values-fe618519ff6a-b1.csv/ (+1ms) 
23:08:45   ├─ /e/e_DQT3XHMXA2C/history-fe618519ff6a-b1.csv/ (+3ms) 
23:08:45   ├─ /e/e_DQT3XHMXA2C/values-035a72a81e59-b1.csv/ (+6ms) 
23:08:45   ├─ /e/e_DQT3XHMXA2C/history-035a72a81e59-b1.csv/ (+2ms) 
23:08:45   ├─ /e/e_DQT3XHMXA2C/values-9d18a826a3f1-b1.csv/ (+3ms) 
23:08:45   ├─ /e/e_DQT3XHMXA2C/history-9d18a826a3f1-b1.csv/ (+1ms) 
23:08:45   ├─ /e/e_DQT3XHMXA2C/values-66cffe06e8cb-b1.csv/ (+4ms) 
23:08:45   ├─ /e/e_DQT3XHMXA2C/history-66cffe06e8cb-b1.csv/ (+2ms) 
23:08:45   ├─ /e/e_DQT3XHMXA2C/values-46cf326e7985-b1.csv/ (+7ms) 
23:08:45   ├─ /e/e_DQT3XHMXA2C/history-46cf326e7985-b1.csv/ (+1ms) 
23:08:45   ├─ /e/e_DQT3XHMXA2C/values-515920e4ea3f-b1.csv/ (+9ms) 
23:08:45   ├─ /e/e_DQT3XHMXA2C/history-515920e4ea3f-b1.csv/ (+2ms) 
23:08:45   ├─ /e/e_DQT3XHMXA2C/values-0a7b1714d0ad-b1.csv/ (+5ms) 
23:08:45   ├─ /e/e_DQT3XHMXA2C/history-0a7b1714d0ad-b1.csv/ (+2ms) 
23:08:45   ├─ /e/e_DQT3XHMXA2C/values-fcfd3a7ccdcb-b1.csv/ (+3ms) 
23:08:45   ├─ /e/e_DQT3XHMXA2C/history-fcfd3a7ccdcb-b1.csv/ (+3ms) 
23:08:45   ├─ /e/e_DY4152Q1HEE/values-035a72a81e59-b1.csv/ (+4ms) 
23:08:45   ├─ /e/e_DY4152Q1HEE/history-035a72a81e59-b1.csv/ (+2ms) 
23:08:45   ├─ /e/e_DY4152Q1HEE/values-9d18a826a3f1-b1.csv/ (+3ms) 
23:08:45   ├─ /e/e_DY4152Q1HEE/history-9d18a826a3f1-b1.csv/ (+1ms) 
23:08:45   ├─ /e/e_DY4152Q1HEE/values-66cffe06e8cb-b1.csv/ (+10ms) 
23:08:45   ├─ /e/e_DY4152Q1HEE/history-66cffe06e8cb-b1.csv/ (+3ms) 
23:08:45   ├─ /e/e_DY4152Q1HEE/values-46cf326e7985-b1.csv/ (+9ms) 
23:08:45   ├─ /e/e_DY4152Q1HEE/history-46cf326e7985-b1.csv/ (+3ms) 
23:08:45   ├─ /e/e_DY4152Q1HEE/values-515920e4ea3f-b1.csv/ (+7ms) 
23:08:45   ├─ /e/e_DY4152Q1HEE/history-515920e4ea3f-b1.csv/ (+8ms) 
23:08:45   ├─ /e/e_DY4152Q1HEE/values-0a7b1714d0ad-b1.csv/ (+3ms) 
23:08:45   ├─ /e/e_DY4152Q1HEE/history-0a7b1714d0ad-b1.csv/ (+3ms) 
23:08:45   ├─ /e/e_DY4152Q1HEE/values-fcfd3a7ccdcb-b1.csv/ (+4ms) 
23:08:45   ├─ /e/e_DY4152Q1HEE/history-fcfd3a7ccdcb-b1.csv/ (+2ms) 
23:08:45   ├─ /e/e_EDRGN5GQHSE/values-fcfd3a7ccdcb-b1.csv/ (+2ms) 
23:08:45   ├─ /e/e_EDRGN5GQHSE/history-fcfd3a7ccdcb-b1.csv/ (+2ms) 
23:08:45   ├─ /e/e_F19ZE68DAS4/values-8b04a522dda1-b1.csv/ (+2ms) 
23:08:45   ├─ /e/e_F19ZE68DAS4/history-8b04a522dda1-b1.csv/ (+3ms) 
23:08:45   ├─ /e/e_F19ZE68DAS4/values-f1f2495d518d-b1.csv/ (+5ms) 
23:08:45   ├─ /e/e_F19ZE68DAS4/history-f1f2495d518d-b1.csv/ (+7ms) 
23:08:45   ├─ /e/e_F19ZE68DAS4/values-f1f2495d518d-b1.csv/ (+6ms) 
23:08:45   ├─ /e/e_F19ZE68DAS4/history-f1f2495d518d-b1.csv/ (+0ms) 
23:08:45   ├─ /e/e_F19ZE68DAS4/values-7e6b5bcfba2a-b1.csv/ (+10ms) 
23:08:45   ├─ /e/e_F19ZE68DAS4/history-7e6b5bcfba2a-b1.csv/ (+1ms) 
23:08:45   ├─ /e/e_F19ZE68DAS4/values-df540ea0d40d-b1.csv/ (+3ms) 
23:08:45   ├─ /e/e_F19ZE68DAS4/history-df540ea0d40d-b1.csv/ (+2ms) 
23:08:45   ├─ /e/e_F19ZE68DAS4/values-064bcdd1c2d3-b1.csv/ (+3ms) 
23:08:45   ├─ /e/e_F19ZE68DAS4/history-064bcdd1c2d3-b1.csv/ (+1ms) 
23:08:45   ├─ /e/e_F19ZE68DAS4/values-be624cbf9aec-b1.csv/ (+7ms) 
23:08:45   ├─ /e/e_F19ZE68DAS4/history-be624cbf9aec-b1.csv/ (+2ms) 
23:08:45   ├─ /e/e_F19ZE68DAS4/values-fe618519ff6a-b1.csv/ (+3ms) 
23:08:45   ├─ /e/e_F19ZE68DAS4/history-fe618519ff6a-b1.csv/ (+3ms) 
23:08:45   ├─ /e/e_F19ZE68DAS4/values-035a72a81e59-b1.csv/ (+11ms) 
23:08:45   ├─ /e/e_F19ZE68DAS4/history-035a72a81e59-b1.csv/ (+2ms) 
23:08:45   ├─ /e/e_F19ZE68DAS4/values-9d18a826a3f1-b1.csv/ (+6ms) 
23:08:45   ├─ /e/e_F19ZE68DAS4/history-9d18a826a3f1-b1.csv/ (+3ms) 
23:08:45   ├─ /e/e_F19ZE68DAS4/values-66cffe06e8cb-b1.csv/ (+7ms) 
23:08:45   ├─ /e/e_F19ZE68DAS4/history-66cffe06e8cb-b1.csv/ (+1ms) 
23:08:45   ├─ /e/e_F19ZE68DAS4/values-46cf326e7985-b1.csv/ (+4ms) 
23:08:45   ├─ /e/e_F19ZE68DAS4/history-46cf326e7985-b1.csv/ (+1ms) 
23:08:45   ├─ /e/e_F19ZE68DAS4/values-515920e4ea3f-b1.csv/ (+9ms) 
23:08:45   ├─ /e/e_F19ZE68DAS4/history-515920e4ea3f-b1.csv/ (+3ms) 
23:08:45   ├─ /e/e_F19ZE68DAS4/values-0a7b1714d0ad-b1.csv/ (+6ms) 
23:08:45   ├─ /e/e_F19ZE68DAS4/history-0a7b1714d0ad-b1.csv/ (+2ms) 
23:08:45   ├─ /e/e_F19ZE68DAS4/values-fcfd3a7ccdcb-b1.csv/ (+6ms) 
23:08:45   ├─ /e/e_F19ZE68DAS4/history-fcfd3a7ccdcb-b1.csv/ (+5ms) 
23:08:45   ├─ /e/e_FWG4CE0H6WC/values-035a72a81e59-b1.csv/ (+6ms) 
23:08:45   ├─ /e/e_FWG4CE0H6WC/history-035a72a81e59-b1.csv/ (+6ms) 
23:08:45   ├─ /e/e_FWG4CE0H6WC/values-9d18a826a3f1-b1.csv/ (+5ms) 
23:08:45   ├─ /e/e_FWG4CE0H6WC/history-9d18a826a3f1-b1.csv/ (+3ms) 
23:08:45   ├─ /e/e_FWG4CE0H6WC/values-66cffe06e8cb-b1.csv/ (+2ms) 
23:08:45   ├─ /e/e_FWG4CE0H6WC/history-66cffe06e8cb-b1.csv/ (+4ms) 
23:08:45   ├─ /e/e_FWG4CE0H6WC/values-46cf326e7985-b1.csv/ (+5ms) 
23:08:45   ├─ /e/e_FWG4CE0H6WC/history-46cf326e7985-b1.csv/ (+3ms) 
23:08:45   ├─ /e/e_FWG4CE0H6WC/values-515920e4ea3f-b1.csv/ (+7ms) 
23:08:45   ├─ /e/e_FWG4CE0H6WC/history-515920e4ea3f-b1.csv/ (+3ms) 
23:08:45   ├─ /e/e_FWG4CE0H6WC/values-0a7b1714d0ad-b1.csv/ (+10ms) 
23:08:45   ├─ /e/e_FWG4CE0H6WC/history-0a7b1714d0ad-b1.csv/ (+2ms) 
23:08:45   ├─ /e/e_FWG4CE0H6WC/values-fcfd3a7ccdcb-b1.csv/ (+4ms) 
23:08:45   ├─ /e/e_FWG4CE0H6WC/history-fcfd3a7ccdcb-b1.csv/ (+4ms) 
23:08:45   ├─ /e/e_G2Q1BRT8GSR/values-90e607b982fa-b1.csv/ (+4ms) 
23:08:45   ├─ /e/e_G2Q1BRT8GSR/history-90e607b982fa-b1.csv/ (+1ms) 
23:08:45   ├─ /e/e_G2Q1BRT8GSR/values-8b04a522dda1-b1.csv/ (+5ms) 
23:08:45   ├─ /e/e_G2Q1BRT8GSR/history-8b04a522dda1-b1.csv/ (+2ms) 
23:08:45   ├─ /e/e_G2Q1BRT8GSR/values-f1f2495d518d-b1.csv/ (+1ms) 
23:08:45   ├─ /e/e_G2Q1BRT8GSR/history-f1f2495d518d-b1.csv/ (+1ms) 
23:08:45   ├─ /e/e_G2Q1BRT8GSR/values-f1f2495d518d-b1.csv/ (+3ms) 
23:08:45   ├─ /e/e_G2Q1BRT8GSR/history-f1f2495d518d-b1.csv/ (+4ms) 
23:08:45   ├─ /e/e_G2Q1BRT8GSR/values-7e6b5bcfba2a-b1.csv/ (+4ms) 
23:08:45   ├─ /e/e_G2Q1BRT8GSR/history-7e6b5bcfba2a-b1.csv/ (+2ms) 
23:08:45   ├─ /e/e_G2Q1BRT8GSR/values-df540ea0d40d-b1.csv/ (+6ms) 
23:08:45   ├─ /e/e_G2Q1BRT8GSR/history-df540ea0d40d-b1.csv/ (+2ms) 
23:08:45   ├─ /e/e_G2Q1BRT8GSR/values-064bcdd1c2d3-b1.csv/ (+6ms) 
23:08:45   ├─ /e/e_G2Q1BRT8GSR/history-064bcdd1c2d3-b1.csv/ (+2ms) 
23:08:45   ├─ /e/e_G2Q1BRT8GSR/values-be624cbf9aec-b1.csv/ (+5ms) 
23:08:45   ├─ /e/e_G2Q1BRT8GSR/history-be624cbf9aec-b1.csv/ (+3ms) 
23:08:45   ├─ /e/e_G2Q1BRT8GSR/values-fe618519ff6a-b1.csv/ (+8ms) 
23:08:45   ├─ /e/e_G2Q1BRT8GSR/history-fe618519ff6a-b1.csv/ (+1ms) 
23:08:45   ├─ /e/e_G2Q1BRT8GSR/values-035a72a81e59-b1.csv/ (+4ms) 
23:08:45   ├─ /e/e_G2Q1BRT8GSR/history-035a72a81e59-b1.csv/ (+2ms) 
23:08:45   ├─ /e/e_G2Q1BRT8GSR/values-9d18a826a3f1-b1.csv/ (+4ms) 
23:08:45   ├─ /e/e_G2Q1BRT8GSR/history-9d18a826a3f1-b1.csv/ (+4ms) 
23:08:45   ├─ /e/e_G2Q1BRT8GSR/values-66cffe06e8cb-b1.csv/ (+5ms) 
23:08:45   ├─ /e/e_G2Q1BRT8GSR/history-66cffe06e8cb-b1.csv/ (+2ms) 
23:08:45   ├─ /e/e_G2Q1BRT8GSR/values-46cf326e7985-b1.csv/ (+2ms) 
23:08:45   ├─ /e/e_G2Q1BRT8GSR/history-46cf326e7985-b1.csv/ (+35ms) 
23:08:45   ├─ /e/e_G2Q1BRT8GSR/values-515920e4ea3f-b1.csv/ (+4ms) 
23:08:45   ├─ /e/e_G2Q1BRT8GSR/history-515920e4ea3f-b1.csv/ (+1ms) 
23:08:45   ├─ /e/e_G2Q1BRT8GSR/values-0a7b1714d0ad-b1.csv/ (+1ms) 
23:08:45   ├─ /e/e_G2Q1BRT8GSR/history-0a7b1714d0ad-b1.csv/ (+1ms) 
23:08:45   ├─ /e/e_G2Q1BRT8GSR/values-fcfd3a7ccdcb-b1.csv/ (+1ms) 
23:08:45   ├─ /e/e_G2Q1BRT8GSR/history-fcfd3a7ccdcb-b1.csv/ (+1ms) 
23:08:45   ├─ /e/e_GFGYNAKFRW2/values-8b04a522dda1-b1.csv/ (+2ms) 
23:08:45   ├─ /e/e_GFGYNAKFRW2/history-8b04a522dda1-b1.csv/ (+1ms) 
23:08:45   ├─ /e/e_GFGYNAKFRW2/values-f1f2495d518d-b1.csv/ (+3ms) 
23:08:45   ├─ /e/e_GFGYNAKFRW2/history-f1f2495d518d-b1.csv/ (+0ms) 
23:08:45   ├─ /e/e_GFGYNAKFRW2/values-f1f2495d518d-b1.csv/ (+2ms) 
23:08:45   ├─ /e/e_GFGYNAKFRW2/history-f1f2495d518d-b1.csv/ (+0ms) 
23:08:45   ├─ /e/e_GFGYNAKFRW2/values-7e6b5bcfba2a-b1.csv/ (+7ms) 
23:08:46   ├─ /e/e_GFGYNAKFRW2/history-7e6b5bcfba2a-b1.csv/ (+0ms) 
23:08:46   ├─ /e/e_GFGYNAKFRW2/values-df540ea0d40d-b1.csv/ (+3ms) 
23:08:46   ├─ /e/e_GFGYNAKFRW2/history-df540ea0d40d-b1.csv/ (+1ms) 
23:08:46   ├─ /e/e_GFGYNAKFRW2/values-064bcdd1c2d3-b1.csv/ (+3ms) 
23:08:46   ├─ /e/e_GFGYNAKFRW2/history-064bcdd1c2d3-b1.csv/ (+1ms) 
23:08:46   ├─ /e/e_GFGYNAKFRW2/values-be624cbf9aec-b1.csv/ (+5ms) 
23:08:46   ├─ /e/e_GFGYNAKFRW2/history-be624cbf9aec-b1.csv/ (+1ms) 
23:08:46   ├─ /e/e_GFGYNAKFRW2/values-fe618519ff6a-b1.csv/ (+5ms) 
23:08:46   ├─ /e/e_GFGYNAKFRW2/history-fe618519ff6a-b1.csv/ (+1ms) 
23:08:46   ├─ /e/e_GFGYNAKFRW2/values-035a72a81e59-b1.csv/ (+4ms) 
23:08:46   ├─ /e/e_GFGYNAKFRW2/history-035a72a81e59-b1.csv/ (+1ms) 
23:08:46   ├─ /e/e_GFGYNAKFRW2/values-9d18a826a3f1-b1.csv/ (+3ms) 
23:08:46   ├─ /e/e_GFGYNAKFRW2/history-9d18a826a3f1-b1.csv/ (+1ms) 
23:08:46   ├─ /e/e_GFGYNAKFRW2/values-66cffe06e8cb-b1.csv/ (+5ms) 
23:08:46   ├─ /e/e_GFGYNAKFRW2/history-66cffe06e8cb-b1.csv/ (+1ms) 
23:08:46   ├─ /e/e_GFGYNAKFRW2/values-46cf326e7985-b1.csv/ (+4ms) 
23:08:46   ├─ /e/e_GFGYNAKFRW2/history-46cf326e7985-b1.csv/ (+2ms) 
23:08:46   ├─ /e/e_GFGYNAKFRW2/values-515920e4ea3f-b1.csv/ (+3ms) 
23:08:46   ├─ /e/e_GFGYNAKFRW2/history-515920e4ea3f-b1.csv/ (+0ms) 
23:08:46   ├─ /e/e_GFGYNAKFRW2/values-0a7b1714d0ad-b1.csv/ (+3ms) 
23:08:46   ├─ /e/e_GFGYNAKFRW2/history-0a7b1714d0ad-b1.csv/ (+2ms) 
23:08:46   ├─ /e/e_GFGYNAKFRW2/values-fcfd3a7ccdcb-b1.csv/ (+6ms) 
23:08:46   ├─ /e/e_GFGYNAKFRW2/history-fcfd3a7ccdcb-b1.csv/ (+1ms) 
23:08:46   ├─ /e/e_GP8J1E7TFDC/values-66cffe06e8cb-b1.csv/ (+7ms) 
23:08:46   ├─ /e/e_GP8J1E7TFDC/history-66cffe06e8cb-b1.csv/ (+1ms) 
23:08:46   ├─ /e/e_GP8J1E7TFDC/values-515920e4ea3f-b1.csv/ (+2ms) 
23:08:46   ├─ /e/e_GP8J1E7TFDC/history-515920e4ea3f-b1.csv/ (+1ms) 
23:08:46   ├─ /e/e_GP8J1E7TFDC/values-0a7b1714d0ad-b1.csv/ (+1ms) 
23:08:46   ├─ /e/e_GP8J1E7TFDC/history-0a7b1714d0ad-b1.csv/ (+1ms) 
23:08:46   ├─ /e/e_GP8J1E7TFDC/values-fcfd3a7ccdcb-b1.csv/ (+2ms) 
23:08:46   ├─ /e/e_GP8J1E7TFDC/history-fcfd3a7ccdcb-b1.csv/ (+1ms) 
23:08:46   ├─ /e/e_H6EVSN8Q85T/values-f1f2495d518d-b1.csv/ (+6ms) 
23:08:46   ├─ /e/e_H6EVSN8Q85T/history-f1f2495d518d-b1.csv/ (+3ms) 
23:08:46   ├─ /e/e_H6EVSN8Q85T/values-f1f2495d518d-b1.csv/ (+5ms) 
23:08:46   ├─ /e/e_H6EVSN8Q85T/history-f1f2495d518d-b1.csv/ (+3ms) 
23:08:46   ├─ /e/e_H6EVSN8Q85T/values-7e6b5bcfba2a-b1.csv/ (+4ms) 
23:08:46   ├─ /e/e_H6EVSN8Q85T/history-7e6b5bcfba2a-b1.csv/ (+1ms) 
23:08:46   ├─ /e/e_H6EVSN8Q85T/values-df540ea0d40d-b1.csv/ (+3ms) 
23:08:46   ├─ /e/e_H6EVSN8Q85T/history-df540ea0d40d-b1.csv/ (+2ms) 
23:08:46   ├─ /e/e_H6EVSN8Q85T/values-064bcdd1c2d3-b1.csv/ (+8ms) 
23:08:46   ├─ /e/e_H6EVSN8Q85T/history-064bcdd1c2d3-b1.csv/ (+3ms) 
23:08:46   ├─ /e/e_H6EVSN8Q85T/values-be624cbf9aec-b1.csv/ (+17ms) 
23:08:46   ├─ /e/e_H6EVSN8Q85T/history-be624cbf9aec-b1.csv/ (+8ms) 
23:08:46   ├─ /e/e_H6EVSN8Q85T/values-fe618519ff6a-b1.csv/ (+3ms) 
23:08:46   ├─ /e/e_H6EVSN8Q85T/history-fe618519ff6a-b1.csv/ (+2ms) 
23:08:46   ├─ /e/e_H6EVSN8Q85T/values-035a72a81e59-b1.csv/ (+7ms) 
23:08:46   ├─ /e/e_H6EVSN8Q85T/history-035a72a81e59-b1.csv/ (+3ms) 
23:08:46   ├─ /e/e_H6EVSN8Q85T/values-9d18a826a3f1-b1.csv/ (+4ms) 
23:08:46   ├─ /e/e_H6EVSN8Q85T/history-9d18a826a3f1-b1.csv/ (+1ms) 
23:08:46   ├─ /e/e_H6EVSN8Q85T/values-66cffe06e8cb-b1.csv/ (+6ms) 
23:08:46   ├─ /e/e_H6EVSN8Q85T/history-66cffe06e8cb-b1.csv/ (+2ms) 
23:08:46   ├─ /e/e_H6EVSN8Q85T/values-46cf326e7985-b1.csv/ (+3ms) 
23:08:46   ├─ /e/e_H6EVSN8Q85T/history-46cf326e7985-b1.csv/ (+1ms) 
23:08:46   ├─ /e/e_H6EVSN8Q85T/values-515920e4ea3f-b1.csv/ (+7ms) 
23:08:46   ├─ /e/e_H6EVSN8Q85T/history-515920e4ea3f-b1.csv/ (+2ms) 
23:08:46   ├─ /e/e_H6EVSN8Q85T/values-0a7b1714d0ad-b1.csv/ (+4ms) 
23:08:46   ├─ /e/e_H6EVSN8Q85T/history-0a7b1714d0ad-b1.csv/ (+1ms) 
23:08:46   ├─ /e/e_H6EVSN8Q85T/values-fcfd3a7ccdcb-b1.csv/ (+5ms) 
23:08:46   ├─ /e/e_H6EVSN8Q85T/history-fcfd3a7ccdcb-b1.csv/ (+4ms) 
23:08:46   ├─ /e/e_H6PPP8CA9RR/values-90e607b982fa-b1.csv/ (+4ms) 
23:08:46   ├─ /e/e_H6PPP8CA9RR/history-90e607b982fa-b1.csv/ (+2ms) 
23:08:46   ├─ /e/e_H6PPP8CA9RR/values-8b04a522dda1-b1.csv/ (+4ms) 
23:08:46   ├─ /e/e_H6PPP8CA9RR/history-8b04a522dda1-b1.csv/ (+1ms) 
23:08:46   ├─ /e/e_H6PPP8CA9RR/values-f1f2495d518d-b1.csv/ (+5ms) 
23:08:46   ├─ /e/e_H6PPP8CA9RR/history-f1f2495d518d-b1.csv/ (+1ms) 
23:08:46   ├─ /e/e_H6PPP8CA9RR/values-f1f2495d518d-b1.csv/ (+1ms) 
23:08:46   ├─ /e/e_H6PPP8CA9RR/history-f1f2495d518d-b1.csv/ (+3ms) 
23:08:46   ├─ /e/e_H6PPP8CA9RR/values-7e6b5bcfba2a-b1.csv/ (+7ms) 
23:08:46   ├─ /e/e_H6PPP8CA9RR/history-7e6b5bcfba2a-b1.csv/ (+1ms) 
23:08:46   ├─ /e/e_H6PPP8CA9RR/values-df540ea0d40d-b1.csv/ (+3ms) 
23:08:46   ├─ /e/e_H6PPP8CA9RR/history-df540ea0d40d-b1.csv/ (+1ms) 
23:08:46   ├─ /e/e_H6PPP8CA9RR/values-064bcdd1c2d3-b1.csv/ (+3ms) 
23:08:46   ├─ /e/e_H6PPP8CA9RR/history-064bcdd1c2d3-b1.csv/ (+2ms) 
23:08:46   ├─ /e/e_H6PPP8CA9RR/values-be624cbf9aec-b1.csv/ (+4ms) 
23:08:46   ├─ /e/e_H6PPP8CA9RR/history-be624cbf9aec-b1.csv/ (+1ms) 
23:08:46   ├─ /e/e_H6PPP8CA9RR/values-fe618519ff6a-b1.csv/ (+2ms) 
23:08:46   ├─ /e/e_H6PPP8CA9RR/history-fe618519ff6a-b1.csv/ (+1ms) 
23:08:46   ├─ /e/e_H6PPP8CA9RR/values-035a72a81e59-b1.csv/ (+3ms) 
23:08:46   ├─ /e/e_H6PPP8CA9RR/history-035a72a81e59-b1.csv/ (+2ms) 
23:08:46   ├─ /e/e_H6PPP8CA9RR/values-9d18a826a3f1-b1.csv/ (+4ms) 
23:08:46   ├─ /e/e_H6PPP8CA9RR/history-9d18a826a3f1-b1.csv/ (+5ms) 
23:08:46   ├─ /e/e_H6PPP8CA9RR/values-66cffe06e8cb-b1.csv/ (+48ms) 
23:08:46   ├─ /e/e_H6PPP8CA9RR/history-66cffe06e8cb-b1.csv/ (+1ms) 
23:08:46   ├─ /e/e_H6PPP8CA9RR/values-46cf326e7985-b1.csv/ (+3ms) 
23:08:46   ├─ /e/e_H6PPP8CA9RR/history-46cf326e7985-b1.csv/ (+1ms) 
23:08:46   ├─ /e/e_H6PPP8CA9RR/values-515920e4ea3f-b1.csv/ (+4ms) 
23:08:46   ├─ /e/e_H6PPP8CA9RR/history-515920e4ea3f-b1.csv/ (+2ms) 
23:08:46   ├─ /e/e_H6PPP8CA9RR/values-0a7b1714d0ad-b1.csv/ (+2ms) 
23:08:46   ├─ /e/e_H6PPP8CA9RR/history-0a7b1714d0ad-b1.csv/ (+3ms) 
23:08:46   ├─ /e/e_H6PPP8CA9RR/values-fcfd3a7ccdcb-b1.csv/ (+8ms) 
23:08:46   ├─ /e/e_H6PPP8CA9RR/history-fcfd3a7ccdcb-b1.csv/ (+1ms) 
23:08:46   ├─ /e/e_HAQNA853Q80/values-66cffe06e8cb-b1.csv/ (+5ms) 
23:08:46   ├─ /e/e_HAQNA853Q80/history-66cffe06e8cb-b1.csv/ (+4ms) 
23:08:46   ├─ /e/e_HAQNA853Q80/values-46cf326e7985-b1.csv/ (+10ms) 
23:08:46   ├─ /e/e_HAQNA853Q80/history-46cf326e7985-b1.csv/ (+2ms) 
23:08:46   ├─ /e/e_HAQNA853Q80/values-515920e4ea3f-b1.csv/ (+5ms) 
23:08:46   ├─ /e/e_HAQNA853Q80/history-515920e4ea3f-b1.csv/ (+2ms) 
23:08:46   ├─ /e/e_HAQNA853Q80/values-0a7b1714d0ad-b1.csv/ (+3ms) 
23:08:46   ├─ /e/e_HAQNA853Q80/history-0a7b1714d0ad-b1.csv/ (+3ms) 
23:08:46   ├─ /e/e_HAQNA853Q80/values-fcfd3a7ccdcb-b1.csv/ (+8ms) 
23:08:46   ├─ /e/e_HAQNA853Q80/history-fcfd3a7ccdcb-b1.csv/ (+2ms) 
23:08:46   ├─ /e/e_J32HBKYVHAT/values-90e607b982fa-b1.csv/ (+6ms) 
23:08:46   ├─ /e/e_J32HBKYVHAT/history-90e607b982fa-b1.csv/ (+3ms) 
23:08:46   ├─ /e/e_J32HBKYVHAT/values-8b04a522dda1-b1.csv/ (+6ms) 
23:08:46   ├─ /e/e_J32HBKYVHAT/history-8b04a522dda1-b1.csv/ (+3ms) 
23:08:46   ├─ /e/e_J32HBKYVHAT/values-f1f2495d518d-b1.csv/ (+3ms) 
23:08:46   ├─ /e/e_J32HBKYVHAT/history-f1f2495d518d-b1.csv/ (+2ms) 
23:08:46   ├─ /e/e_J32HBKYVHAT/values-f1f2495d518d-b1.csv/ (+10ms) 
23:08:46   ├─ /e/e_J32HBKYVHAT/history-f1f2495d518d-b1.csv/ (+2ms) 
23:08:46   ├─ /e/e_J32HBKYVHAT/values-7e6b5bcfba2a-b1.csv/ (+3ms) 
23:08:46   ├─ /e/e_J32HBKYVHAT/history-7e6b5bcfba2a-b1.csv/ (+2ms) 
23:08:46   ├─ /e/e_J32HBKYVHAT/values-df540ea0d40d-b1.csv/ (+12ms) 
23:08:46   ├─ /e/e_J32HBKYVHAT/history-df540ea0d40d-b1.csv/ (+4ms) 
23:08:46   ├─ /e/e_J32HBKYVHAT/values-064bcdd1c2d3-b1.csv/ (+6ms) 
23:08:46   ├─ /e/e_J32HBKYVHAT/history-064bcdd1c2d3-b1.csv/ (+4ms) 
23:08:46   ├─ /e/e_J32HBKYVHAT/values-be624cbf9aec-b1.csv/ (+3ms) 
23:08:46   ├─ /e/e_J32HBKYVHAT/history-be624cbf9aec-b1.csv/ (+2ms) 
23:08:46   ├─ /e/e_J32HBKYVHAT/values-fe618519ff6a-b1.csv/ (+11ms) 
23:08:46   ├─ /e/e_J32HBKYVHAT/history-fe618519ff6a-b1.csv/ (+6ms) 
23:08:46   ├─ /e/e_J32HBKYVHAT/values-035a72a81e59-b1.csv/ (+4ms) 
23:08:46   ├─ /e/e_J32HBKYVHAT/history-035a72a81e59-b1.csv/ (+1ms) 
23:08:46   ├─ /e/e_J32HBKYVHAT/values-9d18a826a3f1-b1.csv/ (+9ms) 
23:08:46   ├─ /e/e_J32HBKYVHAT/history-9d18a826a3f1-b1.csv/ (+1ms) 
23:08:46   ├─ /e/e_J32HBKYVHAT/values-66cffe06e8cb-b1.csv/ (+4ms) 
23:08:46   ├─ /e/e_J32HBKYVHAT/history-66cffe06e8cb-b1.csv/ (+1ms) 
23:08:46   ├─ /e/e_J32HBKYVHAT/values-46cf326e7985-b1.csv/ (+9ms) 
23:08:46   ├─ /e/e_J32HBKYVHAT/history-46cf326e7985-b1.csv/ (+3ms) 
23:08:46   ├─ /e/e_J32HBKYVHAT/values-515920e4ea3f-b1.csv/ (+7ms) 
23:08:46   ├─ /e/e_J32HBKYVHAT/history-515920e4ea3f-b1.csv/ (+4ms) 
23:08:46   ├─ /e/e_J32HBKYVHAT/values-0a7b1714d0ad-b1.csv/ (+5ms) 
23:08:46   ├─ /e/e_J32HBKYVHAT/history-0a7b1714d0ad-b1.csv/ (+3ms) 
23:08:46   ├─ /e/e_J32HBKYVHAT/values-fcfd3a7ccdcb-b1.csv/ (+4ms) 
23:08:46   ├─ /e/e_J32HBKYVHAT/history-fcfd3a7ccdcb-b1.csv/ (+2ms) 
23:08:46   ├─ /e/e_JPHG3Z9N56M/values-f1f2495d518d-b1.csv/ (+11ms) 
23:08:46   ├─ /e/e_JPHG3Z9N56M/history-f1f2495d518d-b1.csv/ (+1ms) 
23:08:46   ├─ /e/e_JPHG3Z9N56M/values-f1f2495d518d-b1.csv/ (+12ms) 
23:08:46   ├─ /e/e_JPHG3Z9N56M/history-f1f2495d518d-b1.csv/ (+2ms) 
23:08:46   ├─ /e/e_JPHG3Z9N56M/values-7e6b5bcfba2a-b1.csv/ (+6ms) 
23:08:46   ├─ /e/e_JPHG3Z9N56M/history-7e6b5bcfba2a-b1.csv/ (+2ms) 
23:08:46   ├─ /e/e_JPHG3Z9N56M/values-df540ea0d40d-b1.csv/ (+5ms) 
23:08:46   ├─ /e/e_JPHG3Z9N56M/history-df540ea0d40d-b1.csv/ (+2ms) 
23:08:46   ├─ /e/e_JPHG3Z9N56M/values-064bcdd1c2d3-b1.csv/ (+6ms) 
23:08:46   ├─ /e/e_JPHG3Z9N56M/history-064bcdd1c2d3-b1.csv/ (+2ms) 
23:08:46   ├─ /e/e_JPHG3Z9N56M/values-be624cbf9aec-b1.csv/ (+12ms) 
23:08:46   ├─ /e/e_JPHG3Z9N56M/history-be624cbf9aec-b1.csv/ (+14ms) 
23:08:46   ├─ /e/e_JPHG3Z9N56M/values-fe618519ff6a-b1.csv/ (+1ms) 
23:08:46   ├─ /e/e_JPHG3Z9N56M/history-fe618519ff6a-b1.csv/ (+1ms) 
23:08:46   ├─ /e/e_JPHG3Z9N56M/values-035a72a81e59-b1.csv/ (+6ms) 
23:08:46   ├─ /e/e_JPHG3Z9N56M/history-035a72a81e59-b1.csv/ (+5ms) 
23:08:46   ├─ /e/e_JPHG3Z9N56M/values-9d18a826a3f1-b1.csv/ (+8ms) 
23:08:46   ├─ /e/e_JPHG3Z9N56M/history-9d18a826a3f1-b1.csv/ (+12ms) 
23:08:46   ├─ /e/e_JPHG3Z9N56M/values-66cffe06e8cb-b1.csv/ (+10ms) 
23:08:46   ├─ /e/e_JPHG3Z9N56M/history-66cffe06e8cb-b1.csv/ (+4ms) 
23:08:46   ├─ /e/e_JPHG3Z9N56M/values-46cf326e7985-b1.csv/ (+8ms) 
23:08:46   ├─ /e/e_JPHG3Z9N56M/history-46cf326e7985-b1.csv/ (+1ms) 
23:08:46   ├─ /e/e_JPHG3Z9N56M/values-515920e4ea3f-b1.csv/ (+7ms) 
23:08:46   ├─ /e/e_JPHG3Z9N56M/history-515920e4ea3f-b1.csv/ (+5ms) 
23:08:46   ├─ /e/e_JPHG3Z9N56M/values-0a7b1714d0ad-b1.csv/ (+8ms) 
23:08:46   ├─ /e/e_JPHG3Z9N56M/history-0a7b1714d0ad-b1.csv/ (+1ms) 
23:08:46   ├─ /e/e_JPHG3Z9N56M/values-fcfd3a7ccdcb-b1.csv/ (+5ms) 
23:08:46   ├─ /e/e_JPHG3Z9N56M/history-fcfd3a7ccdcb-b1.csv/ (+1ms) 
23:08:46   ├─ /e/e_JR4RPDWKET0/values-fcfd3a7ccdcb-b1.csv/ (+8ms) 
23:08:46   ├─ /e/e_JR4RPDWKET0/history-fcfd3a7ccdcb-b1.csv/ (+3ms) 
23:08:46   ├─ /e/e_JYFZ2CANJXT/values-46cf326e7985-b1.csv/ (+6ms) 
23:08:46   ├─ /e/e_JYFZ2CANJXT/history-46cf326e7985-b1.csv/ (+4ms) 
23:08:46   ├─ /e/e_JYFZ2CANJXT/values-515920e4ea3f-b1.csv/ (+4ms) 
23:08:46   ├─ /e/e_JYFZ2CANJXT/history-515920e4ea3f-b1.csv/ (+2ms) 
23:08:46   ├─ /e/e_JYFZ2CANJXT/values-0a7b1714d0ad-b1.csv/ (+5ms) 
23:08:46   ├─ /e/e_JYFZ2CANJXT/history-0a7b1714d0ad-b1.csv/ (+2ms) 
23:08:46   ├─ /e/e_JYFZ2CANJXT/values-fcfd3a7ccdcb-b1.csv/ (+3ms) 
23:08:46   ├─ /e/e_JYFZ2CANJXT/history-fcfd3a7ccdcb-b1.csv/ (+3ms) 
23:08:46   ├─ /e/e_JYS5BHD9SQG/values-035a72a81e59-b1.csv/ (+6ms) 
23:08:46   ├─ /e/e_JYS5BHD9SQG/history-035a72a81e59-b1.csv/ (+1ms) 
23:08:46   ├─ /e/e_JYS5BHD9SQG/values-9d18a826a3f1-b1.csv/ (+3ms) 
23:08:46   ├─ /e/e_JYS5BHD9SQG/history-9d18a826a3f1-b1.csv/ (+3ms) 
23:08:46   ├─ /e/e_JYS5BHD9SQG/values-66cffe06e8cb-b1.csv/ (+10ms) 
23:08:46   ├─ /e/e_JYS5BHD9SQG/history-66cffe06e8cb-b1.csv/ (+6ms) 
23:08:46   ├─ /e/e_JYS5BHD9SQG/values-46cf326e7985-b1.csv/ (+7ms) 
23:08:46   ├─ /e/e_JYS5BHD9SQG/history-46cf326e7985-b1.csv/ (+4ms) 
23:08:46   ├─ /e/e_JYS5BHD9SQG/values-515920e4ea3f-b1.csv/ (+7ms) 
23:08:46   ├─ /e/e_JYS5BHD9SQG/history-515920e4ea3f-b1.csv/ (+4ms) 
23:08:46   ├─ /e/e_JYS5BHD9SQG/values-0a7b1714d0ad-b1.csv/ (+6ms) 
23:08:46   ├─ /e/e_JYS5BHD9SQG/history-0a7b1714d0ad-b1.csv/ (+2ms) 
23:08:46   ├─ /e/e_JYS5BHD9SQG/values-fcfd3a7ccdcb-b1.csv/ (+1ms) 
23:08:46   ├─ /e/e_JYS5BHD9SQG/history-fcfd3a7ccdcb-b1.csv/ (+1ms) 
23:08:46   ├─ /e/e_KAKRS8DB7PY/values-0a7b1714d0ad-b1.csv/ (+2ms) 
23:08:46   ├─ /e/e_KAKRS8DB7PY/history-0a7b1714d0ad-b1.csv/ (+1ms) 
23:08:46   ├─ /e/e_KAKRS8DB7PY/values-fcfd3a7ccdcb-b1.csv/ (+1ms) 
23:08:46   ├─ /e/e_KAKRS8DB7PY/history-fcfd3a7ccdcb-b1.csv/ (+1ms) 
23:08:46   ├─ /e/e_KFRVE2CAS8W/values-8b04a522dda1-b1.csv/ (+1ms) 
23:08:46   ├─ /e/e_KFRVE2CAS8W/history-8b04a522dda1-b1.csv/ (+1ms) 
23:08:46   ├─ /e/e_KFRVE2CAS8W/values-f1f2495d518d-b1.csv/ (+2ms) 
23:08:46   ├─ /e/e_KFRVE2CAS8W/history-f1f2495d518d-b1.csv/ (+1ms) 
23:08:46   ├─ /e/e_KFRVE2CAS8W/values-f1f2495d518d-b1.csv/ (+1ms) 
23:08:46   ├─ /e/e_KFRVE2CAS8W/history-f1f2495d518d-b1.csv/ (+3ms) 
23:08:46   ├─ /e/e_KFRVE2CAS8W/values-7e6b5bcfba2a-b1.csv/ (+2ms) 
23:08:46   ├─ /e/e_KFRVE2CAS8W/history-7e6b5bcfba2a-b1.csv/ (+1ms) 
23:08:46   ├─ /e/e_KFRVE2CAS8W/values-df540ea0d40d-b1.csv/ (+1ms) 
23:08:46   ├─ /e/e_KFRVE2CAS8W/history-df540ea0d40d-b1.csv/ (+1ms) 
23:08:46   ├─ /e/e_KFRVE2CAS8W/values-064bcdd1c2d3-b1.csv/ (+2ms) 
23:08:46   ├─ /e/e_KFRVE2CAS8W/history-064bcdd1c2d3-b1.csv/ (+1ms) 
23:08:46   ├─ /e/e_KFRVE2CAS8W/values-be624cbf9aec-b1.csv/ (+2ms) 
23:08:46   ├─ /e/e_KFRVE2CAS8W/history-be624cbf9aec-b1.csv/ (+2ms) 
23:08:46   ├─ /e/e_KFRVE2CAS8W/values-fe618519ff6a-b1.csv/ (+1ms) 
23:08:46   ├─ /e/e_KFRVE2CAS8W/history-fe618519ff6a-b1.csv/ (+1ms) 
23:08:46   ├─ /e/e_KFRVE2CAS8W/values-035a72a81e59-b1.csv/ (+1ms) 
23:08:46   ├─ /e/e_KFRVE2CAS8W/history-035a72a81e59-b1.csv/ (+1ms) 
23:08:46   ├─ /e/e_KFRVE2CAS8W/values-9d18a826a3f1-b1.csv/ (+1ms) 
23:08:46   ├─ /e/e_KFRVE2CAS8W/history-9d18a826a3f1-b1.csv/ (+1ms) 
23:08:46   ├─ /e/e_KFRVE2CAS8W/values-66cffe06e8cb-b1.csv/ (+2ms) 
23:08:46   ├─ /e/e_KFRVE2CAS8W/history-66cffe06e8cb-b1.csv/ (+2ms) 
23:08:46   ├─ /e/e_KFRVE2CAS8W/values-46cf326e7985-b1.csv/ (+1ms) 
23:08:46   ├─ /e/e_KFRVE2CAS8W/history-46cf326e7985-b1.csv/ (+1ms) 
23:08:46   ├─ /e/e_KFRVE2CAS8W/values-515920e4ea3f-b1.csv/ (+2ms) 
23:08:46   ├─ /e/e_KFRVE2CAS8W/history-515920e4ea3f-b1.csv/ (+1ms) 
23:08:46   ├─ /e/e_KFRVE2CAS8W/values-0a7b1714d0ad-b1.csv/ (+2ms) 
23:08:46   ├─ /e/e_KFRVE2CAS8W/history-0a7b1714d0ad-b1.csv/ (+1ms) 
23:08:46   ├─ /e/e_KFRVE2CAS8W/values-fcfd3a7ccdcb-b1.csv/ (+2ms) 
23:08:46   ├─ /e/e_KFRVE2CAS8W/history-fcfd3a7ccdcb-b1.csv/ (+2ms) 
23:08:46   ├─ /e/e_KMM6CNTHW3C/values-fcfd3a7ccdcb-b1.csv/ (+1ms) 
23:08:46   ├─ /e/e_KMM6CNTHW3C/history-fcfd3a7ccdcb-b1.csv/ (+1ms) 
23:08:46   ├─ /e/e_KR3M8ESKAEW/values-f1f2495d518d-b1.csv/ (+2ms) 
23:08:46   ├─ /e/e_KR3M8ESKAEW/history-f1f2495d518d-b1.csv/ (+1ms) 
23:08:46   ├─ /e/e_KR3M8ESKAEW/values-f1f2495d518d-b1.csv/ (+1ms) 
23:08:46   ├─ /e/e_KR3M8ESKAEW/history-f1f2495d518d-b1.csv/ (+0ms) 
23:08:46   ├─ /e/e_KR3M8ESKAEW/values-7e6b5bcfba2a-b1.csv/ (+2ms) 
23:08:46   ├─ /e/e_KR3M8ESKAEW/history-7e6b5bcfba2a-b1.csv/ (+0ms) 
23:08:46   ├─ /e/e_KR3M8ESKAEW/values-df540ea0d40d-b1.csv/ (+0ms) 
23:08:46   ├─ /e/e_KR3M8ESKAEW/history-df540ea0d40d-b1.csv/ (+0ms) 
23:08:46   ├─ /e/e_KR3M8ESKAEW/values-064bcdd1c2d3-b1.csv/ (+1ms) 
23:08:46   ├─ /e/e_KR3M8ESKAEW/history-064bcdd1c2d3-b1.csv/ (+0ms) 
23:08:46   ├─ /e/e_KR3M8ESKAEW/values-be624cbf9aec-b1.csv/ (+1ms) 
23:08:46   ├─ /e/e_KR3M8ESKAEW/history-be624cbf9aec-b1.csv/ (+0ms) 
23:08:46   ├─ /e/e_KR3M8ESKAEW/values-fe618519ff6a-b1.csv/ (+1ms) 
23:08:46   ├─ /e/e_KR3M8ESKAEW/history-fe618519ff6a-b1.csv/ (+0ms) 
23:08:46   ├─ /e/e_KR3M8ESKAEW/values-035a72a81e59-b1.csv/ (+1ms) 
23:08:46   ├─ /e/e_KR3M8ESKAEW/history-035a72a81e59-b1.csv/ (+1ms) 
23:08:46   ├─ /e/e_KR3M8ESKAEW/values-9d18a826a3f1-b1.csv/ (+2ms) 
23:08:46   ├─ /e/e_KR3M8ESKAEW/history-9d18a826a3f1-b1.csv/ (+1ms) 
23:08:46   ├─ /e/e_KR3M8ESKAEW/values-66cffe06e8cb-b1.csv/ (+1ms) 
23:08:46   ├─ /e/e_KR3M8ESKAEW/history-66cffe06e8cb-b1.csv/ (+1ms) 
23:08:46   ├─ /e/e_KR3M8ESKAEW/values-46cf326e7985-b1.csv/ (+1ms) 
23:08:46   ├─ /e/e_KR3M8ESKAEW/history-46cf326e7985-b1.csv/ (+0ms) 
23:08:46   ├─ /e/e_KR3M8ESKAEW/values-515920e4ea3f-b1.csv/ (+0ms) 
23:08:46   ├─ /e/e_KR3M8ESKAEW/history-515920e4ea3f-b1.csv/ (+0ms) 
23:08:46   ├─ /e/e_KR3M8ESKAEW/values-0a7b1714d0ad-b1.csv/ (+1ms) 
23:08:46   ├─ /e/e_KR3M8ESKAEW/history-0a7b1714d0ad-b1.csv/ (+1ms) 
23:08:46   ├─ /e/e_KR3M8ESKAEW/values-fcfd3a7ccdcb-b1.csv/ (+1ms) 
23:08:46   ├─ /e/e_KR3M8ESKAEW/history-fcfd3a7ccdcb-b1.csv/ (+0ms) 
23:08:46   ├─ /e/e_MX90J81EYDE/values-8b04a522dda1-b1.csv/ (+0ms) 
23:08:46   ├─ /e/e_MX90J81EYDE/history-8b04a522dda1-b1.csv/ (+0ms) 
23:08:46   ├─ /e/e_MX90J81EYDE/values-f1f2495d518d-b1.csv/ (+0ms) 
23:08:46   ├─ /e/e_MX90J81EYDE/history-f1f2495d518d-b1.csv/ (+0ms) 
23:08:46   ├─ /e/e_MX90J81EYDE/values-f1f2495d518d-b1.csv/ (+0ms) 
23:08:46   ├─ /e/e_MX90J81EYDE/history-f1f2495d518d-b1.csv/ (+0ms) 
23:08:46   ├─ /e/e_MX90J81EYDE/values-7e6b5bcfba2a-b1.csv/ (+1ms) 
23:08:46   ├─ /e/e_MX90J81EYDE/history-7e6b5bcfba2a-b1.csv/ (+0ms) 
23:08:46   ├─ /e/e_MX90J81EYDE/values-df540ea0d40d-b1.csv/ (+1ms) 
23:08:46   ├─ /e/e_MX90J81EYDE/history-df540ea0d40d-b1.csv/ (+1ms) 
23:08:46   ├─ /e/e_MX90J81EYDE/values-064bcdd1c2d3-b1.csv/ (+1ms) 
23:08:46   ├─ /e/e_MX90J81EYDE/history-064bcdd1c2d3-b1.csv/ (+0ms) 
23:08:46   ├─ /e/e_MX90J81EYDE/values-be624cbf9aec-b1.csv/ (+2ms) 
23:08:46   ├─ /e/e_MX90J81EYDE/history-be624cbf9aec-b1.csv/ (+1ms) 
23:08:46   ├─ /e/e_MX90J81EYDE/values-fe618519ff6a-b1.csv/ (+2ms) 
23:08:46   ├─ /e/e_MX90J81EYDE/history-fe618519ff6a-b1.csv/ (+1ms) 
23:08:46   ├─ /e/e_MX90J81EYDE/values-035a72a81e59-b1.csv/ (+1ms) 
23:08:46   ├─ /e/e_MX90J81EYDE/history-035a72a81e59-b1.csv/ (+1ms) 
23:08:46   ├─ /e/e_MX90J81EYDE/values-9d18a826a3f1-b1.csv/ (+1ms) 
23:08:46   ├─ /e/e_MX90J81EYDE/history-9d18a826a3f1-b1.csv/ (+2ms) 
23:08:46   ├─ /e/e_MX90J81EYDE/values-66cffe06e8cb-b1.csv/ (+2ms) 
23:08:46   ├─ /e/e_MX90J81EYDE/history-66cffe06e8cb-b1.csv/ (+0ms) 
23:08:46   ├─ /e/e_MX90J81EYDE/values-46cf326e7985-b1.csv/ (+1ms) 
23:08:46   ├─ /e/e_MX90J81EYDE/history-46cf326e7985-b1.csv/ (+1ms) 
23:08:46   ├─ /e/e_MX90J81EYDE/values-515920e4ea3f-b1.csv/ (+1ms) 
23:08:46   ├─ /e/e_MX90J81EYDE/history-515920e4ea3f-b1.csv/ (+0ms) 
23:08:46   ├─ /e/e_MX90J81EYDE/values-0a7b1714d0ad-b1.csv/ (+1ms) 
23:08:46   ├─ /e/e_MX90J81EYDE/history-0a7b1714d0ad-b1.csv/ (+0ms) 
23:08:46   ├─ /e/e_MX90J81EYDE/values-fcfd3a7ccdcb-b1.csv/ (+0ms) 
23:08:46   ├─ /e/e_MX90J81EYDE/history-fcfd3a7ccdcb-b1.csv/ (+0ms) 
23:08:46   ├─ /e/e_NA2QKMK6XZM/values-f1f2495d518d-b1.csv/ (+1ms) 
23:08:46   ├─ /e/e_NA2QKMK6XZM/history-f1f2495d518d-b1.csv/ (+0ms) 
23:08:46   ├─ /e/e_NA2QKMK6XZM/values-f1f2495d518d-b1.csv/ (+1ms) 
23:08:46   ├─ /e/e_NA2QKMK6XZM/history-f1f2495d518d-b1.csv/ (+1ms) 
23:08:46   ├─ /e/e_NA2QKMK6XZM/values-7e6b5bcfba2a-b1.csv/ (+1ms) 
23:08:46   ├─ /e/e_NA2QKMK6XZM/history-7e6b5bcfba2a-b1.csv/ (+0ms) 
23:08:46   ├─ /e/e_NA2QKMK6XZM/values-df540ea0d40d-b1.csv/ (+1ms) 
23:08:46   ├─ /e/e_NA2QKMK6XZM/history-df540ea0d40d-b1.csv/ (+1ms) 
23:08:46   ├─ /e/e_NA2QKMK6XZM/values-064bcdd1c2d3-b1.csv/ (+1ms) 
23:08:46   ├─ /e/e_NA2QKMK6XZM/history-064bcdd1c2d3-b1.csv/ (+1ms) 
23:08:46   ├─ /e/e_NA2QKMK6XZM/values-be624cbf9aec-b1.csv/ (+1ms) 
23:08:46   ├─ /e/e_NA2QKMK6XZM/history-be624cbf9aec-b1.csv/ (+1ms) 
23:08:46   ├─ /e/e_NA2QKMK6XZM/values-fe618519ff6a-b1.csv/ (+0ms) 
23:08:46   ├─ /e/e_NA2QKMK6XZM/history-fe618519ff6a-b1.csv/ (+0ms) 
23:08:46   ├─ /e/e_NA2QKMK6XZM/values-035a72a81e59-b1.csv/ (+0ms) 
23:08:46   ├─ /e/e_NA2QKMK6XZM/history-035a72a81e59-b1.csv/ (+0ms) 
23:08:46   ├─ /e/e_NA2QKMK6XZM/values-9d18a826a3f1-b1.csv/ (+0ms) 
23:08:46   ├─ /e/e_NA2QKMK6XZM/history-9d18a826a3f1-b1.csv/ (+0ms) 
23:08:46   ├─ /e/e_NA2QKMK6XZM/values-66cffe06e8cb-b1.csv/ (+1ms) 
23:08:46   ├─ /e/e_NA2QKMK6XZM/history-66cffe06e8cb-b1.csv/ (+1ms) 
23:08:46   ├─ /e/e_NA2QKMK6XZM/values-46cf326e7985-b1.csv/ (+0ms) 
23:08:46   ├─ /e/e_NA2QKMK6XZM/history-46cf326e7985-b1.csv/ (+0ms) 
23:08:46   ├─ /e/e_NA2QKMK6XZM/values-515920e4ea3f-b1.csv/ (+0ms) 
23:08:46   ├─ /e/e_NA2QKMK6XZM/history-515920e4ea3f-b1.csv/ (+0ms) 
23:08:46   ├─ /e/e_NA2QKMK6XZM/values-0a7b1714d0ad-b1.csv/ (+1ms) 
23:08:46   ├─ /e/e_NA2QKMK6XZM/history-0a7b1714d0ad-b1.csv/ (+0ms) 
23:08:46   ├─ /e/e_NA2QKMK6XZM/values-fcfd3a7ccdcb-b1.csv/ (+0ms) 
23:08:46   ├─ /e/e_NA2QKMK6XZM/history-fcfd3a7ccdcb-b1.csv/ (+0ms) 
23:08:46   ├─ /e/e_PCV8H6P7B04/values-8b04a522dda1-b1.csv/ (+1ms) 
23:08:46   ├─ /e/e_PCV8H6P7B04/history-8b04a522dda1-b1.csv/ (+0ms) 
23:08:46   ├─ /e/e_PCV8H6P7B04/values-f1f2495d518d-b1.csv/ (+1ms) 
23:08:46   ├─ /e/e_PCV8H6P7B04/history-f1f2495d518d-b1.csv/ (+0ms) 
23:08:46   ├─ /e/e_PCV8H6P7B04/values-f1f2495d518d-b1.csv/ (+1ms) 
23:08:46   ├─ /e/e_PCV8H6P7B04/history-f1f2495d518d-b1.csv/ (+0ms) 
23:08:46   ├─ /e/e_PCV8H6P7B04/values-7e6b5bcfba2a-b1.csv/ (+1ms) 
23:08:46   ├─ /e/e_PCV8H6P7B04/history-7e6b5bcfba2a-b1.csv/ (+0ms) 
23:08:46   ├─ /e/e_PCV8H6P7B04/values-df540ea0d40d-b1.csv/ (+1ms) 
23:08:46   ├─ /e/e_PCV8H6P7B04/history-df540ea0d40d-b1.csv/ (+1ms) 
23:08:46   ├─ /e/e_PCV8H6P7B04/values-064bcdd1c2d3-b1.csv/ (+1ms) 
23:08:46   ├─ /e/e_PCV8H6P7B04/history-064bcdd1c2d3-b1.csv/ (+1ms) 
23:08:46   ├─ /e/e_PCV8H6P7B04/values-be624cbf9aec-b1.csv/ (+1ms) 
23:08:46   ├─ /e/e_PCV8H6P7B04/history-be624cbf9aec-b1.csv/ (+0ms) 
23:08:46   ├─ /e/e_PCV8H6P7B04/values-fe618519ff6a-b1.csv/ (+0ms) 
23:08:46   ├─ /e/e_PCV8H6P7B04/history-fe618519ff6a-b1.csv/ (+0ms) 
23:08:46   ├─ /e/e_PCV8H6P7B04/values-035a72a81e59-b1.csv/ (+1ms) 
23:08:46   ├─ /e/e_PCV8H6P7B04/history-035a72a81e59-b1.csv/ (+1ms) 
23:08:46   ├─ /e/e_PCV8H6P7B04/values-9d18a826a3f1-b1.csv/ (+0ms) 
23:08:46   ├─ /e/e_PCV8H6P7B04/history-9d18a826a3f1-b1.csv/ (+0ms) 
23:08:46   ├─ /e/e_PCV8H6P7B04/values-66cffe06e8cb-b1.csv/ (+0ms) 
23:08:46   ├─ /e/e_PCV8H6P7B04/history-66cffe06e8cb-b1.csv/ (+0ms) 
23:08:46   ├─ /e/e_PCV8H6P7B04/values-46cf326e7985-b1.csv/ (+2ms) 
23:08:46   ├─ /e/e_PCV8H6P7B04/history-46cf326e7985-b1.csv/ (+3ms) 
23:08:46   ├─ /e/e_PCV8H6P7B04/values-515920e4ea3f-b1.csv/ (+1ms) 
23:08:46   ├─ /e/e_PCV8H6P7B04/history-515920e4ea3f-b1.csv/ (+0ms) 
23:08:46   ├─ /e/e_PCV8H6P7B04/values-0a7b1714d0ad-b1.csv/ (+6ms) 
23:08:46   ├─ /e/e_PCV8H6P7B04/history-0a7b1714d0ad-b1.csv/ (+1ms) 
23:08:46   ├─ /e/e_PCV8H6P7B04/values-fcfd3a7ccdcb-b1.csv/ (+2ms) 
23:08:46   ├─ /e/e_PCV8H6P7B04/history-fcfd3a7ccdcb-b1.csv/ (+1ms) 
23:08:46   ├─ /e/e_PJKJBCHCEFY/values-515920e4ea3f-b1.csv/ (+1ms) 
23:08:46   ├─ /e/e_PJKJBCHCEFY/history-515920e4ea3f-b1.csv/ (+0ms) 
23:08:46   ├─ /e/e_PJKJBCHCEFY/values-0a7b1714d0ad-b1.csv/ (+1ms) 
23:08:46   ├─ /e/e_PJKJBCHCEFY/history-0a7b1714d0ad-b1.csv/ (+1ms) 
23:08:46   ├─ /e/e_PJKJBCHCEFY/values-fcfd3a7ccdcb-b1.csv/ (+1ms) 
23:08:46   ├─ /e/e_PJKJBCHCEFY/history-fcfd3a7ccdcb-b1.csv/ (+1ms) 
23:08:46   ├─ /e/e_PRCZN95ZV2R/values-515920e4ea3f-b1.csv/ (+0ms) 
23:08:46   ├─ /e/e_PRCZN95ZV2R/history-515920e4ea3f-b1.csv/ (+1ms) 
23:08:46   ├─ /e/e_PRCZN95ZV2R/values-0a7b1714d0ad-b1.csv/ (+1ms) 
23:08:46   ├─ /e/e_PRCZN95ZV2R/history-0a7b1714d0ad-b1.csv/ (+1ms) 
23:08:46   ├─ /e/e_PRCZN95ZV2R/values-fcfd3a7ccdcb-b1.csv/ (+2ms) 
23:08:46   ├─ /e/e_PRCZN95ZV2R/history-fcfd3a7ccdcb-b1.csv/ (+1ms) 
23:08:46   ├─ /e/e_Q4X4XZ13Y2W/values-515920e4ea3f-b1.csv/ (+1ms) 
23:08:46   ├─ /e/e_Q4X4XZ13Y2W/history-515920e4ea3f-b1.csv/ (+0ms) 
23:08:46   ├─ /e/e_Q4X4XZ13Y2W/values-0a7b1714d0ad-b1.csv/ (+1ms) 
23:08:46   ├─ /e/e_Q4X4XZ13Y2W/history-0a7b1714d0ad-b1.csv/ (+1ms) 
23:08:46   ├─ /e/e_Q4X4XZ13Y2W/values-fcfd3a7ccdcb-b1.csv/ (+1ms) 
23:08:46   ├─ /e/e_Q4X4XZ13Y2W/history-fcfd3a7ccdcb-b1.csv/ (+1ms) 
23:08:46   ├─ /e/e_R372CCSVG44/values-8b04a522dda1-b1.csv/ (+2ms) 
23:08:46   ├─ /e/e_R372CCSVG44/history-8b04a522dda1-b1.csv/ (+1ms) 
23:08:46   ├─ /e/e_R372CCSVG44/values-f1f2495d518d-b1.csv/ (+0ms) 
23:08:46   ├─ /e/e_R372CCSVG44/history-f1f2495d518d-b1.csv/ (+0ms) 
23:08:46   ├─ /e/e_R372CCSVG44/values-f1f2495d518d-b1.csv/ (+1ms) 
23:08:46   ├─ /e/e_R372CCSVG44/history-f1f2495d518d-b1.csv/ (+0ms) 
23:08:46   ├─ /e/e_R372CCSVG44/values-7e6b5bcfba2a-b1.csv/ (+1ms) 
23:08:46   ├─ /e/e_R372CCSVG44/history-7e6b5bcfba2a-b1.csv/ (+1ms) 
23:08:46   ├─ /e/e_R372CCSVG44/values-df540ea0d40d-b1.csv/ (+1ms) 
23:08:46   ├─ /e/e_R372CCSVG44/history-df540ea0d40d-b1.csv/ (+0ms) 
23:08:46   ├─ /e/e_R372CCSVG44/values-064bcdd1c2d3-b1.csv/ (+1ms) 
23:08:46   ├─ /e/e_R372CCSVG44/history-064bcdd1c2d3-b1.csv/ (+0ms) 
23:08:46   ├─ /e/e_R372CCSVG44/values-be624cbf9aec-b1.csv/ (+0ms) 
23:08:46   ├─ /e/e_R372CCSVG44/history-be624cbf9aec-b1.csv/ (+1ms) 
23:08:46   ├─ /e/e_R372CCSVG44/values-fe618519ff6a-b1.csv/ (+0ms) 
23:08:46   ├─ /e/e_R372CCSVG44/history-fe618519ff6a-b1.csv/ (+1ms) 
23:08:46   ├─ /e/e_R372CCSVG44/values-035a72a81e59-b1.csv/ (+1ms) 
23:08:46   ├─ /e/e_R372CCSVG44/history-035a72a81e59-b1.csv/ (+1ms) 
23:08:46   ├─ /e/e_R372CCSVG44/values-9d18a826a3f1-b1.csv/ (+1ms) 
23:08:46   ├─ /e/e_R372CCSVG44/history-9d18a826a3f1-b1.csv/ (+1ms) 
23:08:46   ├─ /e/e_R372CCSVG44/values-66cffe06e8cb-b1.csv/ (+1ms) 
23:08:46   ├─ /e/e_R372CCSVG44/history-66cffe06e8cb-b1.csv/ (+0ms) 
23:08:46   ├─ /e/e_R372CCSVG44/values-46cf326e7985-b1.csv/ (+1ms) 
23:08:46   ├─ /e/e_R372CCSVG44/history-46cf326e7985-b1.csv/ (+1ms) 
23:08:46   ├─ /e/e_R372CCSVG44/values-515920e4ea3f-b1.csv/ (+1ms) 
23:08:46   ├─ /e/e_R372CCSVG44/history-515920e4ea3f-b1.csv/ (+0ms) 
23:08:46   ├─ /e/e_R372CCSVG44/values-0a7b1714d0ad-b1.csv/ (+1ms) 
23:08:46   ├─ /e/e_R372CCSVG44/history-0a7b1714d0ad-b1.csv/ (+0ms) 
23:08:46   ├─ /e/e_R372CCSVG44/values-fcfd3a7ccdcb-b1.csv/ (+1ms) 
23:08:46   ├─ /e/e_R372CCSVG44/history-fcfd3a7ccdcb-b1.csv/ (+0ms) 
23:08:46   ├─ /e/e_SFVE63D71XC/values-fcfd3a7ccdcb-b1.csv/ (+1ms) 
23:08:46   ├─ /e/e_SFVE63D71XC/history-fcfd3a7ccdcb-b1.csv/ (+0ms) 
23:08:46   ├─ /e/e_SNWV2DC244A/values-8b04a522dda1-b1.csv/ (+1ms) 
23:08:46   ├─ /e/e_SNWV2DC244A/history-8b04a522dda1-b1.csv/ (+1ms) 
23:08:46   ├─ /e/e_SNWV2DC244A/values-f1f2495d518d-b1.csv/ (+1ms) 
23:08:46   ├─ /e/e_SNWV2DC244A/history-f1f2495d518d-b1.csv/ (+0ms) 
23:08:46   ├─ /e/e_SNWV2DC244A/values-f1f2495d518d-b1.csv/ (+1ms) 
23:08:46   ├─ /e/e_SNWV2DC244A/history-f1f2495d518d-b1.csv/ (+0ms) 
23:08:46   ├─ /e/e_SNWV2DC244A/values-7e6b5bcfba2a-b1.csv/ (+1ms) 
23:08:46   ├─ /e/e_SNWV2DC244A/history-7e6b5bcfba2a-b1.csv/ (+0ms) 
23:08:46   ├─ /e/e_SNWV2DC244A/values-df540ea0d40d-b1.csv/ (+1ms) 
23:08:46   ├─ /e/e_SNWV2DC244A/history-df540ea0d40d-b1.csv/ (+0ms) 
23:08:46   ├─ /e/e_SNWV2DC244A/values-064bcdd1c2d3-b1.csv/ (+0ms) 
23:08:46   ├─ /e/e_SNWV2DC244A/history-064bcdd1c2d3-b1.csv/ (+0ms) 
23:08:46   ├─ /e/e_SNWV2DC244A/values-be624cbf9aec-b1.csv/ (+0ms) 
23:08:46   ├─ /e/e_SNWV2DC244A/history-be624cbf9aec-b1.csv/ (+0ms) 
23:08:46   ├─ /e/e_SNWV2DC244A/values-fe618519ff6a-b1.csv/ (+1ms) 
23:08:46   ├─ /e/e_SNWV2DC244A/history-fe618519ff6a-b1.csv/ (+1ms) 
23:08:46   ├─ /e/e_SNWV2DC244A/values-035a72a81e59-b1.csv/ (+2ms) 
23:08:46   ├─ /e/e_SNWV2DC244A/history-035a72a81e59-b1.csv/ (+2ms) 
23:08:46   ├─ /e/e_SNWV2DC244A/values-9d18a826a3f1-b1.csv/ (+1ms) 
23:08:46   ├─ /e/e_SNWV2DC244A/history-9d18a826a3f1-b1.csv/ (+2ms) 
23:08:46   ├─ /e/e_SNWV2DC244A/values-66cffe06e8cb-b1.csv/ (+1ms) 
23:08:46   ├─ /e/e_SNWV2DC244A/history-66cffe06e8cb-b1.csv/ (+0ms) 
23:08:46   ├─ /e/e_SNWV2DC244A/values-46cf326e7985-b1.csv/ (+1ms) 
23:08:46   ├─ /e/e_SNWV2DC244A/history-46cf326e7985-b1.csv/ (+0ms) 
23:08:46   ├─ /e/e_SNWV2DC244A/values-515920e4ea3f-b1.csv/ (+2ms) 
23:08:46   ├─ /e/e_SNWV2DC244A/history-515920e4ea3f-b1.csv/ (+0ms) 
23:08:46   ├─ /e/e_SNWV2DC244A/values-0a7b1714d0ad-b1.csv/ (+0ms) 
23:08:46   ├─ /e/e_SNWV2DC244A/history-0a7b1714d0ad-b1.csv/ (+0ms) 
23:08:46   ├─ /e/e_SNWV2DC244A/values-fcfd3a7ccdcb-b1.csv/ (+0ms) 
23:08:46   ├─ /e/e_SNWV2DC244A/history-fcfd3a7ccdcb-b1.csv/ (+1ms) 
23:08:46   ├─ /e/e_SV1CWRNS2SY/values-fcfd3a7ccdcb-b1.csv/ (+1ms) 
23:08:46   ├─ /e/e_SV1CWRNS2SY/history-fcfd3a7ccdcb-b1.csv/ (+1ms) 
23:08:46   ├─ /e/e_SW0DQ4N81NG/values-035a72a81e59-b1.csv/ (+1ms) 
23:08:46   ├─ /e/e_SW0DQ4N81NG/history-035a72a81e59-b1.csv/ (+1ms) 
23:08:46   ├─ /e/e_SW0DQ4N81NG/values-9d18a826a3f1-b1.csv/ (+3ms) 
23:08:46   ├─ /e/e_SW0DQ4N81NG/history-9d18a826a3f1-b1.csv/ (+1ms) 
23:08:46   ├─ /e/e_SW0DQ4N81NG/values-66cffe06e8cb-b1.csv/ (+1ms) 
23:08:46   ├─ /e/e_SW0DQ4N81NG/history-66cffe06e8cb-b1.csv/ (+1ms) 
23:08:46   ├─ /e/e_SW0DQ4N81NG/values-46cf326e7985-b1.csv/ (+1ms) 
23:08:46   ├─ /e/e_SW0DQ4N81NG/history-46cf326e7985-b1.csv/ (+0ms) 
23:08:46   ├─ /e/e_SW0DQ4N81NG/values-515920e4ea3f-b1.csv/ (+1ms) 
23:08:46   ├─ /e/e_SW0DQ4N81NG/history-515920e4ea3f-b1.csv/ (+1ms) 
23:08:46   ├─ /e/e_SW0DQ4N81NG/values-0a7b1714d0ad-b1.csv/ (+3ms) 
23:08:46   ├─ /e/e_SW0DQ4N81NG/history-0a7b1714d0ad-b1.csv/ (+2ms) 
23:08:47   ├─ /e/e_SW0DQ4N81NG/values-fcfd3a7ccdcb-b1.csv/ (+1ms) 
23:08:47   ├─ /e/e_SW0DQ4N81NG/history-fcfd3a7ccdcb-b1.csv/ (+1ms) 
23:08:47   ├─ /e/e_TBARBJKAD2G/values-90e607b982fa-b1.csv/ (+8ms) 
23:08:47   ├─ /e/e_TBARBJKAD2G/history-90e607b982fa-b1.csv/ (+1ms) 
23:08:47   ├─ /e/e_TBARBJKAD2G/values-8b04a522dda1-b1.csv/ (+4ms) 
23:08:47   ├─ /e/e_TBARBJKAD2G/history-8b04a522dda1-b1.csv/ (+1ms) 
23:08:47   ├─ /e/e_TBARBJKAD2G/values-f1f2495d518d-b1.csv/ (+1ms) 
23:08:47   ├─ /e/e_TBARBJKAD2G/history-f1f2495d518d-b1.csv/ (+1ms) 
23:08:47   ├─ /e/e_TBARBJKAD2G/values-f1f2495d518d-b1.csv/ (+1ms) 
23:08:47   ├─ /e/e_TBARBJKAD2G/history-f1f2495d518d-b1.csv/ (+2ms) 
23:08:47   ├─ /e/e_TBARBJKAD2G/values-7e6b5bcfba2a-b1.csv/ (+3ms) 
23:08:47   ├─ /e/e_TBARBJKAD2G/history-7e6b5bcfba2a-b1.csv/ (+1ms) 
23:08:47   ├─ /e/e_TBARBJKAD2G/values-df540ea0d40d-b1.csv/ (+3ms) 
23:08:47   ├─ /e/e_TBARBJKAD2G/history-df540ea0d40d-b1.csv/ (+2ms) 
23:08:47   ├─ /e/e_TBARBJKAD2G/values-064bcdd1c2d3-b1.csv/ (+7ms) 
23:08:47   ├─ /e/e_TBARBJKAD2G/history-064bcdd1c2d3-b1.csv/ (+1ms) 
23:08:47   ├─ /e/e_TBARBJKAD2G/values-be624cbf9aec-b1.csv/ (+1ms) 
23:08:47   ├─ /e/e_TBARBJKAD2G/history-be624cbf9aec-b1.csv/ (+1ms) 
23:08:47   ├─ /e/e_TBARBJKAD2G/values-fe618519ff6a-b1.csv/ (+3ms) 
23:08:47   ├─ /e/e_TBARBJKAD2G/history-fe618519ff6a-b1.csv/ (+1ms) 
23:08:47   ├─ /e/e_TBARBJKAD2G/values-035a72a81e59-b1.csv/ (+7ms) 
23:08:47   ├─ /e/e_TBARBJKAD2G/history-035a72a81e59-b1.csv/ (+6ms) 
23:08:47   ├─ /e/e_TBARBJKAD2G/values-9d18a826a3f1-b1.csv/ (+8ms) 
23:08:47   ├─ /e/e_TBARBJKAD2G/history-9d18a826a3f1-b1.csv/ (+7ms) 
23:08:47   ├─ /e/e_TBARBJKAD2G/values-66cffe06e8cb-b1.csv/ (+7ms) 
23:08:47   ├─ /e/e_TBARBJKAD2G/history-66cffe06e8cb-b1.csv/ (+1ms) 
23:08:47   ├─ /e/e_TBARBJKAD2G/values-46cf326e7985-b1.csv/ (+13ms) 
23:08:47   ├─ /e/e_TBARBJKAD2G/history-46cf326e7985-b1.csv/ (+5ms) 
23:08:47   ├─ /e/e_TBARBJKAD2G/values-515920e4ea3f-b1.csv/ (+5ms) 
23:08:47   ├─ /e/e_TBARBJKAD2G/history-515920e4ea3f-b1.csv/ (+1ms) 
23:08:47   ├─ /e/e_TBARBJKAD2G/values-0a7b1714d0ad-b1.csv/ (+5ms) 
23:08:47   ├─ /e/e_TBARBJKAD2G/history-0a7b1714d0ad-b1.csv/ (+1ms) 
23:08:47   ├─ /e/e_TBARBJKAD2G/values-fcfd3a7ccdcb-b1.csv/ (+2ms) 
23:08:47   ├─ /e/e_TBARBJKAD2G/history-fcfd3a7ccdcb-b1.csv/ (+3ms) 
23:08:47   ├─ /e/e_TEVNVWBZ8HJ/values-515920e4ea3f-b1.csv/ (+2ms) 
23:08:47   ├─ /e/e_TEVNVWBZ8HJ/history-515920e4ea3f-b1.csv/ (+1ms) 
23:08:47   ├─ /e/e_TEVNVWBZ8HJ/values-0a7b1714d0ad-b1.csv/ (+1ms) 
23:08:47   ├─ /e/e_TEVNVWBZ8HJ/history-0a7b1714d0ad-b1.csv/ (+2ms) 
23:08:47   ├─ /e/e_TEVNVWBZ8HJ/values-fcfd3a7ccdcb-b1.csv/ (+3ms) 
23:08:47   ├─ /e/e_TEVNVWBZ8HJ/history-fcfd3a7ccdcb-b1.csv/ (+3ms) 
23:08:47   ├─ /e/e_TPZFR15XYF6/values-8b04a522dda1-b1.csv/ (+11ms) 
23:08:47   ├─ /e/e_TPZFR15XYF6/history-8b04a522dda1-b1.csv/ (+4ms) 
23:08:47   ├─ /e/e_TPZFR15XYF6/values-f1f2495d518d-b1.csv/ (+8ms) 
23:08:47   ├─ /e/e_TPZFR15XYF6/history-f1f2495d518d-b1.csv/ (+1ms) 
23:08:47   ├─ /e/e_TPZFR15XYF6/values-f1f2495d518d-b1.csv/ (+4ms) 
23:08:47   ├─ /e/e_TPZFR15XYF6/history-f1f2495d518d-b1.csv/ (+1ms) 
23:08:47   ├─ /e/e_TPZFR15XYF6/values-7e6b5bcfba2a-b1.csv/ (+6ms) 
23:08:47   ├─ /e/e_TPZFR15XYF6/history-7e6b5bcfba2a-b1.csv/ (+2ms) 
23:08:47   ├─ /e/e_TPZFR15XYF6/values-df540ea0d40d-b1.csv/ (+2ms) 
23:08:47   ├─ /e/e_TPZFR15XYF6/history-df540ea0d40d-b1.csv/ (+1ms) 
23:08:47   ├─ /e/e_TPZFR15XYF6/values-064bcdd1c2d3-b1.csv/ (+5ms) 
23:08:47   ├─ /e/e_TPZFR15XYF6/history-064bcdd1c2d3-b1.csv/ (+5ms) 
23:08:47   ├─ /e/e_TPZFR15XYF6/values-be624cbf9aec-b1.csv/ (+10ms) 
23:08:47   ├─ /e/e_TPZFR15XYF6/history-be624cbf9aec-b1.csv/ (+2ms) 
23:08:47   ├─ /e/e_TPZFR15XYF6/values-fe618519ff6a-b1.csv/ (+9ms) 
23:08:47   ├─ /e/e_TPZFR15XYF6/history-fe618519ff6a-b1.csv/ (+7ms) 
23:08:47   ├─ /e/e_TPZFR15XYF6/values-035a72a81e59-b1.csv/ (+5ms) 
23:08:47   ├─ /e/e_TPZFR15XYF6/history-035a72a81e59-b1.csv/ (+5ms) 
23:08:47   ├─ /e/e_TPZFR15XYF6/values-9d18a826a3f1-b1.csv/ (+5ms) 
23:08:47   ├─ /e/e_TPZFR15XYF6/history-9d18a826a3f1-b1.csv/ (+8ms) 
23:08:47   ├─ /e/e_TPZFR15XYF6/values-66cffe06e8cb-b1.csv/ (+9ms) 
23:08:47   ├─ /e/e_TPZFR15XYF6/history-66cffe06e8cb-b1.csv/ (+10ms) 
23:08:47   ├─ /e/e_TPZFR15XYF6/values-46cf326e7985-b1.csv/ (+2ms) 
23:08:47   ├─ /e/e_TPZFR15XYF6/history-46cf326e7985-b1.csv/ (+1ms) 
23:08:47   ├─ /e/e_TPZFR15XYF6/values-515920e4ea3f-b1.csv/ (+6ms) 
23:08:47   ├─ /e/e_TPZFR15XYF6/history-515920e4ea3f-b1.csv/ (+1ms) 
23:08:47   ├─ /e/e_TPZFR15XYF6/values-0a7b1714d0ad-b1.csv/ (+11ms) 
23:08:47   ├─ /e/e_TPZFR15XYF6/history-0a7b1714d0ad-b1.csv/ (+2ms) 
23:08:47   ├─ /e/e_TPZFR15XYF6/values-fcfd3a7ccdcb-b1.csv/ (+11ms) 
23:08:47   ├─ /e/e_TPZFR15XYF6/history-fcfd3a7ccdcb-b1.csv/ (+2ms) 
23:08:47   ├─ /e/e_V05C8HCBBV2/values-8b04a522dda1-b1.csv/ (+4ms) 
23:08:47   ├─ /e/e_V05C8HCBBV2/history-8b04a522dda1-b1.csv/ (+1ms) 
23:08:47   ├─ /e/e_V05C8HCBBV2/values-f1f2495d518d-b1.csv/ (+3ms) 
23:08:47   ├─ /e/e_V05C8HCBBV2/history-f1f2495d518d-b1.csv/ (+5ms) 
23:08:47   ├─ /e/e_V05C8HCBBV2/values-f1f2495d518d-b1.csv/ (+10ms) 
23:08:47   ├─ /e/e_V05C8HCBBV2/history-f1f2495d518d-b1.csv/ (+2ms) 
23:08:47   ├─ /e/e_V05C8HCBBV2/values-7e6b5bcfba2a-b1.csv/ (+5ms) 
23:08:47   ├─ /e/e_V05C8HCBBV2/history-7e6b5bcfba2a-b1.csv/ (+2ms) 
23:08:47   ├─ /e/e_V05C8HCBBV2/values-df540ea0d40d-b1.csv/ (+4ms) 
23:08:47   ├─ /e/e_V05C8HCBBV2/history-df540ea0d40d-b1.csv/ (+3ms) 
23:08:47   ├─ /e/e_V05C8HCBBV2/values-064bcdd1c2d3-b1.csv/ (+6ms) 
23:08:47   ├─ /e/e_V05C8HCBBV2/history-064bcdd1c2d3-b1.csv/ (+2ms) 
23:08:47   ├─ /e/e_V05C8HCBBV2/values-be624cbf9aec-b1.csv/ (+9ms) 
23:08:47   ├─ /e/e_V05C8HCBBV2/history-be624cbf9aec-b1.csv/ (+10ms) 
23:08:47   ├─ /e/e_V05C8HCBBV2/values-fe618519ff6a-b1.csv/ (+13ms) 
23:08:47   ├─ /e/e_V05C8HCBBV2/history-fe618519ff6a-b1.csv/ (+5ms) 
23:08:47   ├─ /e/e_V05C8HCBBV2/values-035a72a81e59-b1.csv/ (+4ms) 
23:08:47   ├─ /e/e_V05C8HCBBV2/history-035a72a81e59-b1.csv/ (+1ms) 
23:08:47   ├─ /e/e_V05C8HCBBV2/values-46cf326e7985-b1.csv/ (+6ms) 
23:08:47   ├─ /e/e_V05C8HCBBV2/history-46cf326e7985-b1.csv/ (+2ms) 
23:08:47   ├─ /e/e_V05C8HCBBV2/values-515920e4ea3f-b1.csv/ (+2ms) 
23:08:47   ├─ /e/e_V05C8HCBBV2/history-515920e4ea3f-b1.csv/ (+1ms) 
23:08:47   ├─ /e/e_V05C8HCBBV2/values-0a7b1714d0ad-b1.csv/ (+6ms) 
23:08:47   ├─ /e/e_V05C8HCBBV2/history-0a7b1714d0ad-b1.csv/ (+2ms) 
23:08:47   ├─ /e/e_V05C8HCBBV2/values-fcfd3a7ccdcb-b1.csv/ (+10ms) 
23:08:47   ├─ /e/e_V05C8HCBBV2/history-fcfd3a7ccdcb-b1.csv/ (+3ms) 
23:08:47   ├─ /e/e_V42GXYWY24C/values-46cf326e7985-b1.csv/ (+4ms) 
23:08:47   ├─ /e/e_V42GXYWY24C/history-46cf326e7985-b1.csv/ (+1ms) 
23:08:47   ├─ /e/e_V42GXYWY24C/values-515920e4ea3f-b1.csv/ (+4ms) 
23:08:47   ├─ /e/e_V42GXYWY24C/history-515920e4ea3f-b1.csv/ (+1ms) 
23:08:47   ├─ /e/e_V42GXYWY24C/values-0a7b1714d0ad-b1.csv/ (+4ms) 
23:08:47   ├─ /e/e_V42GXYWY24C/history-0a7b1714d0ad-b1.csv/ (+2ms) 
23:08:47   ├─ /e/e_V42GXYWY24C/values-fcfd3a7ccdcb-b1.csv/ (+5ms) 
23:08:47   ├─ /e/e_V42GXYWY24C/history-fcfd3a7ccdcb-b1.csv/ (+2ms) 
23:08:47   ├─ /e/e_V7MSNX3WC6J/values-0a7b1714d0ad-b1.csv/ (+3ms) 
23:08:47   ├─ /e/e_V7MSNX3WC6J/history-0a7b1714d0ad-b1.csv/ (+2ms) 
23:08:47   ├─ /e/e_V7MSNX3WC6J/values-fcfd3a7ccdcb-b1.csv/ (+5ms) 
23:08:47   ├─ /e/e_V7MSNX3WC6J/history-fcfd3a7ccdcb-b1.csv/ (+2ms) 
23:08:47   ├─ /e/e_V9ERGE3E0B4/values-8b04a522dda1-b1.csv/ (+6ms) 
23:08:47   ├─ /e/e_V9ERGE3E0B4/history-8b04a522dda1-b1.csv/ (+4ms) 
23:08:47   ├─ /e/e_V9ERGE3E0B4/values-f1f2495d518d-b1.csv/ (+15ms) 
23:08:47   ├─ /e/e_V9ERGE3E0B4/history-f1f2495d518d-b1.csv/ (+2ms) 
23:08:47   ├─ /e/e_V9ERGE3E0B4/values-f1f2495d518d-b1.csv/ (+7ms) 
23:08:47   ├─ /e/e_V9ERGE3E0B4/history-f1f2495d518d-b1.csv/ (+8ms) 
23:08:47   ├─ /e/e_V9ERGE3E0B4/values-7e6b5bcfba2a-b1.csv/ (+17ms) 
23:08:47   ├─ /e/e_V9ERGE3E0B4/history-7e6b5bcfba2a-b1.csv/ (+9ms) 
23:08:47   ├─ /e/e_V9ERGE3E0B4/values-df540ea0d40d-b1.csv/ (+3ms) 
23:08:47   ├─ /e/e_V9ERGE3E0B4/history-df540ea0d40d-b1.csv/ (+3ms) 
23:08:47   ├─ /e/e_V9ERGE3E0B4/values-064bcdd1c2d3-b1.csv/ (+6ms) 
23:08:47   ├─ /e/e_V9ERGE3E0B4/history-064bcdd1c2d3-b1.csv/ (+2ms) 
23:08:47   ├─ /e/e_V9ERGE3E0B4/values-be624cbf9aec-b1.csv/ (+7ms) 
23:08:47   ├─ /e/e_V9ERGE3E0B4/history-be624cbf9aec-b1.csv/ (+1ms) 
23:08:47   ├─ /e/e_V9ERGE3E0B4/values-fe618519ff6a-b1.csv/ (+5ms) 
23:08:47   ├─ /e/e_V9ERGE3E0B4/history-fe618519ff6a-b1.csv/ (+1ms) 
23:08:47   ├─ /e/e_V9ERGE3E0B4/values-035a72a81e59-b1.csv/ (+9ms) 
23:08:47   ├─ /e/e_V9ERGE3E0B4/history-035a72a81e59-b1.csv/ (+5ms) 
23:08:47   ├─ /e/e_V9ERGE3E0B4/values-9d18a826a3f1-b1.csv/ (+8ms) 
23:08:47   ├─ /e/e_V9ERGE3E0B4/history-9d18a826a3f1-b1.csv/ (+2ms) 
23:08:47   ├─ /e/e_V9ERGE3E0B4/values-66cffe06e8cb-b1.csv/ (+5ms) 
23:08:47   ├─ /e/e_V9ERGE3E0B4/history-66cffe06e8cb-b1.csv/ (+2ms) 
23:08:47   ├─ /e/e_V9ERGE3E0B4/values-46cf326e7985-b1.csv/ (+5ms) 
23:08:47   ├─ /e/e_V9ERGE3E0B4/history-46cf326e7985-b1.csv/ (+1ms) 
23:08:47   ├─ /e/e_V9ERGE3E0B4/values-515920e4ea3f-b1.csv/ (+3ms) 
23:08:47   ├─ /e/e_V9ERGE3E0B4/history-515920e4ea3f-b1.csv/ (+1ms) 
23:08:47   ├─ /e/e_V9ERGE3E0B4/values-0a7b1714d0ad-b1.csv/ (+7ms) 
23:08:47   ├─ /e/e_V9ERGE3E0B4/history-0a7b1714d0ad-b1.csv/ (+2ms) 
23:08:47   ├─ /e/e_V9ERGE3E0B4/values-fcfd3a7ccdcb-b1.csv/ (+6ms) 
23:08:47   ├─ /e/e_V9ERGE3E0B4/history-fcfd3a7ccdcb-b1.csv/ (+3ms) 
23:08:47   ├─ /e/e_VBBNJDDB0DA/values-8b04a522dda1-b1.csv/ (+7ms) 
23:08:47   ├─ /e/e_VBBNJDDB0DA/history-8b04a522dda1-b1.csv/ (+5ms) 
23:08:47   ├─ /e/e_VBBNJDDB0DA/values-f1f2495d518d-b1.csv/ (+6ms) 
23:08:47   ├─ /e/e_VBBNJDDB0DA/history-f1f2495d518d-b1.csv/ (+5ms) 
23:08:47   ├─ /e/e_VBBNJDDB0DA/values-f1f2495d518d-b1.csv/ (+11ms) 
23:08:47   ├─ /e/e_VBBNJDDB0DA/history-f1f2495d518d-b1.csv/ (+11ms) 
23:08:47   ├─ /e/e_VBBNJDDB0DA/values-7e6b5bcfba2a-b1.csv/ (+11ms) 
23:08:47   ├─ /e/e_VBBNJDDB0DA/history-7e6b5bcfba2a-b1.csv/ (+6ms) 
23:08:47   ├─ /e/e_VBBNJDDB0DA/values-df540ea0d40d-b1.csv/ (+5ms) 
23:08:47   ├─ /e/e_VBBNJDDB0DA/history-df540ea0d40d-b1.csv/ (+1ms) 
23:08:47   ├─ /e/e_VBBNJDDB0DA/values-064bcdd1c2d3-b1.csv/ (+7ms) 
23:08:47   ├─ /e/e_VBBNJDDB0DA/history-064bcdd1c2d3-b1.csv/ (+1ms) 
23:08:47   ├─ /e/e_VBBNJDDB0DA/values-be624cbf9aec-b1.csv/ (+5ms) 
23:08:47   ├─ /e/e_VBBNJDDB0DA/history-be624cbf9aec-b1.csv/ (+1ms) 
23:08:47   ├─ /e/e_VBBNJDDB0DA/values-fe618519ff6a-b1.csv/ (+6ms) 
23:08:47   ├─ /e/e_VBBNJDDB0DA/history-fe618519ff6a-b1.csv/ (+5ms) 
23:08:47   ├─ /e/e_VBBNJDDB0DA/values-035a72a81e59-b1.csv/ (+7ms) 
23:08:47   ├─ /e/e_VBBNJDDB0DA/history-035a72a81e59-b1.csv/ (+3ms) 
23:08:47   ├─ /e/e_VBBNJDDB0DA/values-9d18a826a3f1-b1.csv/ (+5ms) 
23:08:47   ├─ /e/e_VBBNJDDB0DA/history-9d18a826a3f1-b1.csv/ (+1ms) 
23:08:47   ├─ /e/e_VBBNJDDB0DA/values-66cffe06e8cb-b1.csv/ (+4ms) 
23:08:47   ├─ /e/e_VBBNJDDB0DA/history-66cffe06e8cb-b1.csv/ (+1ms) 
23:08:47   ├─ /e/e_VBBNJDDB0DA/values-46cf326e7985-b1.csv/ (+3ms) 
23:08:47   ├─ /e/e_VBBNJDDB0DA/history-46cf326e7985-b1.csv/ (+1ms) 
23:08:47   ├─ /e/e_VBBNJDDB0DA/values-515920e4ea3f-b1.csv/ (+2ms) 
23:08:47   ├─ /e/e_VBBNJDDB0DA/history-515920e4ea3f-b1.csv/ (+1ms) 
23:08:47   ├─ /e/e_VBBNJDDB0DA/values-0a7b1714d0ad-b1.csv/ (+2ms) 
23:08:47   ├─ /e/e_VBBNJDDB0DA/history-0a7b1714d0ad-b1.csv/ (+1ms) 
23:08:47   ├─ /e/e_VBBNJDDB0DA/values-fcfd3a7ccdcb-b1.csv/ (+5ms) 
23:08:47   ├─ /e/e_VBBNJDDB0DA/history-fcfd3a7ccdcb-b1.csv/ (+2ms) 
23:08:47   ├─ /e/e_XTYDTXK7PNY/values-8b04a522dda1-b1.csv/ (+3ms) 
23:08:47   ├─ /e/e_XTYDTXK7PNY/history-8b04a522dda1-b1.csv/ (+1ms) 
23:08:47   ├─ /e/e_XTYDTXK7PNY/values-f1f2495d518d-b1.csv/ (+5ms) 
23:08:47   ├─ /e/e_XTYDTXK7PNY/history-f1f2495d518d-b1.csv/ (+2ms) 
23:08:47   ├─ /e/e_XTYDTXK7PNY/values-f1f2495d518d-b1.csv/ (+5ms) 
23:08:47   ├─ /e/e_XTYDTXK7PNY/history-f1f2495d518d-b1.csv/ (+1ms) 
23:08:47   ├─ /e/e_XTYDTXK7PNY/values-7e6b5bcfba2a-b1.csv/ (+6ms) 
23:08:47   ├─ /e/e_XTYDTXK7PNY/history-7e6b5bcfba2a-b1.csv/ (+2ms) 
23:08:47   ├─ /e/e_XTYDTXK7PNY/values-df540ea0d40d-b1.csv/ (+2ms) 
23:08:47   ├─ /e/e_XTYDTXK7PNY/history-df540ea0d40d-b1.csv/ (+1ms) 
23:08:47   ├─ /e/e_XTYDTXK7PNY/values-064bcdd1c2d3-b1.csv/ (+9ms) 
23:08:47   ├─ /e/e_XTYDTXK7PNY/history-064bcdd1c2d3-b1.csv/ (+3ms) 
23:08:47   ├─ /e/e_XTYDTXK7PNY/values-be624cbf9aec-b1.csv/ (+7ms) 
23:08:47   ├─ /e/e_XTYDTXK7PNY/history-be624cbf9aec-b1.csv/ (+1ms) 
23:08:47   ├─ /e/e_XTYDTXK7PNY/values-fe618519ff6a-b1.csv/ (+2ms) 
23:08:47   ├─ /e/e_XTYDTXK7PNY/history-fe618519ff6a-b1.csv/ (+1ms) 
23:08:47   ├─ /e/e_XTYDTXK7PNY/values-035a72a81e59-b1.csv/ (+2ms) 
23:08:47   ├─ /e/e_XTYDTXK7PNY/history-035a72a81e59-b1.csv/ (+1ms) 
23:08:47   ├─ /e/e_XTYDTXK7PNY/values-9d18a826a3f1-b1.csv/ (+2ms) 
23:08:47   ├─ /e/e_XTYDTXK7PNY/history-9d18a826a3f1-b1.csv/ (+3ms) 
23:08:47   ├─ /e/e_XTYDTXK7PNY/values-66cffe06e8cb-b1.csv/ (+2ms) 
23:08:47   ├─ /e/e_XTYDTXK7PNY/history-66cffe06e8cb-b1.csv/ (+2ms) 
23:08:47   ├─ /e/e_XTYDTXK7PNY/values-46cf326e7985-b1.csv/ (+8ms) 
23:08:47   ├─ /e/e_XTYDTXK7PNY/history-46cf326e7985-b1.csv/ (+4ms) 
23:08:47   ├─ /e/e_XTYDTXK7PNY/values-515920e4ea3f-b1.csv/ (+2ms) 
23:08:47   ├─ /e/e_XTYDTXK7PNY/history-515920e4ea3f-b1.csv/ (+2ms) 
23:08:47   ├─ /e/e_XTYDTXK7PNY/values-0a7b1714d0ad-b1.csv/ (+2ms) 
23:08:47   ├─ /e/e_XTYDTXK7PNY/history-0a7b1714d0ad-b1.csv/ (+3ms) 
23:08:47   ├─ /e/e_XTYDTXK7PNY/values-fcfd3a7ccdcb-b1.csv/ (+3ms) 
23:08:47   ├─ /e/e_XTYDTXK7PNY/history-fcfd3a7ccdcb-b1.csv/ (+3ms) 
23:08:47   ├─ /e/e_Y0KW8KTAF72/values-f1f2495d518d-b1.csv/ (+3ms) 
23:08:47   ├─ /e/e_Y0KW8KTAF72/history-f1f2495d518d-b1.csv/ (+1ms) 
23:08:47   ├─ /e/e_Y0KW8KTAF72/values-f1f2495d518d-b1.csv/ (+5ms) 
23:08:47   ├─ /e/e_Y0KW8KTAF72/history-f1f2495d518d-b1.csv/ (+3ms) 
23:08:47   ├─ /e/e_Y0KW8KTAF72/values-7e6b5bcfba2a-b1.csv/ (+4ms) 
23:08:47   ├─ /e/e_Y0KW8KTAF72/history-7e6b5bcfba2a-b1.csv/ (+2ms) 
23:08:47   ├─ /e/e_Y0KW8KTAF72/values-df540ea0d40d-b1.csv/ (+2ms) 
23:08:47   ├─ /e/e_Y0KW8KTAF72/history-df540ea0d40d-b1.csv/ (+1ms) 
23:08:47   ├─ /e/e_Y0KW8KTAF72/values-064bcdd1c2d3-b1.csv/ (+1ms) 
23:08:47   ├─ /e/e_Y0KW8KTAF72/history-064bcdd1c2d3-b1.csv/ (+2ms) 
23:08:47   ├─ /e/e_Y0KW8KTAF72/values-be624cbf9aec-b1.csv/ (+2ms) 
23:08:47   ├─ /e/e_Y0KW8KTAF72/history-be624cbf9aec-b1.csv/ (+1ms) 
23:08:47   ├─ /e/e_Y0KW8KTAF72/values-fe618519ff6a-b1.csv/ (+2ms) 
23:08:47   ├─ /e/e_Y0KW8KTAF72/history-fe618519ff6a-b1.csv/ (+1ms) 
23:08:47   ├─ /e/e_Y0KW8KTAF72/values-035a72a81e59-b1.csv/ (+2ms) 
23:08:47   ├─ /e/e_Y0KW8KTAF72/history-035a72a81e59-b1.csv/ (+1ms) 
23:08:47   ├─ /e/e_Y0KW8KTAF72/values-9d18a826a3f1-b1.csv/ (+2ms) 
23:08:47   ├─ /e/e_Y0KW8KTAF72/history-9d18a826a3f1-b1.csv/ (+1ms) 
23:08:47   ├─ /e/e_Y0KW8KTAF72/values-66cffe06e8cb-b1.csv/ (+2ms) 
23:08:47   ├─ /e/e_Y0KW8KTAF72/history-66cffe06e8cb-b1.csv/ (+1ms) 
23:08:47   ├─ /e/e_Y0KW8KTAF72/values-46cf326e7985-b1.csv/ (+1ms) 
23:08:47   ├─ /e/e_Y0KW8KTAF72/history-46cf326e7985-b1.csv/ (+1ms) 
23:08:47   ├─ /e/e_Y0KW8KTAF72/values-515920e4ea3f-b1.csv/ (+1ms) 
23:08:47   ├─ /e/e_Y0KW8KTAF72/history-515920e4ea3f-b1.csv/ (+1ms) 
23:08:47   ├─ /e/e_Y0KW8KTAF72/values-0a7b1714d0ad-b1.csv/ (+2ms) 
23:08:47   ├─ /e/e_Y0KW8KTAF72/history-0a7b1714d0ad-b1.csv/ (+2ms) 
23:08:47   ├─ /e/e_Y0KW8KTAF72/values-fcfd3a7ccdcb-b1.csv/ (+6ms) 
23:08:47   ├─ /e/e_Y0KW8KTAF72/history-fcfd3a7ccdcb-b1.csv/ (+4ms) 
23:08:47   ├─ /e/e_YHPJ8ZXSSQ4/values-0a7b1714d0ad-b1.csv/ (+5ms) 
23:08:47   ├─ /e/e_YHPJ8ZXSSQ4/history-0a7b1714d0ad-b1.csv/ (+1ms) 
23:08:47   ├─ /e/e_YHPJ8ZXSSQ4/values-fcfd3a7ccdcb-b1.csv/ (+11ms) 
23:08:47   ├─ /e/e_YHPJ8ZXSSQ4/history-fcfd3a7ccdcb-b1.csv/ (+1ms) 
23:08:47   ├─ /e/e_Z9WRNDMF5MT/values-515920e4ea3f-b1.csv/ (+19ms) 
23:08:47   ├─ /e/e_Z9WRNDMF5MT/history-515920e4ea3f-b1.csv/ (+2ms) 
23:08:47   ├─ /e/e_Z9WRNDMF5MT/values-0a7b1714d0ad-b1.csv/ (+6ms) 
23:08:47   ├─ /e/e_Z9WRNDMF5MT/history-0a7b1714d0ad-b1.csv/ (+7ms) 
23:08:47   ├─ /e/e_Z9WRNDMF5MT/values-fcfd3a7ccdcb-b1.csv/ (+8ms) 
23:08:47   ├─ /e/e_Z9WRNDMF5MT/history-fcfd3a7ccdcb-b1.csv/ (+7ms) 
23:08:47   ├─ /e/e_ZRK10CYRA5W/values-66cffe06e8cb-b1.csv/ (+5ms) 
23:08:47   ├─ /e/e_ZRK10CYRA5W/history-66cffe06e8cb-b1.csv/ (+6ms) 
23:08:47   ├─ /e/e_ZRK10CYRA5W/values-46cf326e7985-b1.csv/ (+7ms) 
23:08:47   ├─ /e/e_ZRK10CYRA5W/history-46cf326e7985-b1.csv/ (+1ms) 
23:08:47   ├─ /e/e_ZRK10CYRA5W/values-515920e4ea3f-b1.csv/ (+3ms) 
23:08:47   ├─ /e/e_ZRK10CYRA5W/history-515920e4ea3f-b1.csv/ (+3ms) 
23:08:47   ├─ /e/e_ZRK10CYRA5W/values-0a7b1714d0ad-b1.csv/ (+5ms) 
23:08:47   ├─ /e/e_ZRK10CYRA5W/history-0a7b1714d0ad-b1.csv/ (+2ms) 
23:08:47   ├─ /e/e_ZRK10CYRA5W/values-fcfd3a7ccdcb-b1.csv/ (+4ms) 
23:08:47   ├─ /e/e_ZRK10CYRA5W/history-fcfd3a7ccdcb-b1.csv/ (+5ms) 
23:08:48   ├─ /e/e_01E6T51Z5NE/feed.atom/ (+34ms) 
23:08:48   ├─ /e/e_01E6T51Z5NE/feed.json/ (+2ms) 
23:08:48   ├─ /e/e_0W3HYER2F5A/feed.atom/ (+1ms) 
23:08:48   ├─ /e/e_0W3HYER2F5A/feed.json/ (+1ms) 
23:08:48   ├─ /e/e_126THNX952P/feed.atom/ (+6ms) 
23:08:48   ├─ /e/e_126THNX952P/feed.json/ (+7ms) 
23:08:48   ├─ /e/e_13NVVKJA2MM/feed.atom/ (+54ms) 
23:08:48   ├─ /e/e_13NVVKJA2MM/feed.json/ (+2ms) 
23:08:48   ├─ /e/e_15DZEMC0CJY/feed.atom/ (+1ms) 
23:08:48   ├─ /e/e_15DZEMC0CJY/feed.json/ (+2ms) 
23:08:48   ├─ /e/e_1TMQEKAN7S6/feed.atom/ (+3ms) 
23:08:48   ├─ /e/e_1TMQEKAN7S6/feed.json/ (+3ms) 
23:08:48   ├─ /e/e_1VQN3TQ2Z74/feed.atom/ (+1ms) 
23:08:48   ├─ /e/e_1VQN3TQ2Z74/feed.json/ (+1ms) 
23:08:48   ├─ /e/e_20N3FEGPDR2/feed.atom/ (+2ms) 
23:08:48   ├─ /e/e_20N3FEGPDR2/feed.json/ (+3ms) 
23:08:48   ├─ /e/e_291FVHEKPA8/feed.atom/ (+2ms) 
23:08:48   ├─ /e/e_291FVHEKPA8/feed.json/ (+1ms) 
23:08:48   ├─ /e/e_2CS7SM2993J/feed.atom/ (+1ms) 
23:08:48   ├─ /e/e_2CS7SM2993J/feed.json/ (+2ms) 
23:08:48   ├─ /e/e_2JCAQ45XCSC/feed.atom/ (+2ms) 
23:08:48   ├─ /e/e_2JCAQ45XCSC/feed.json/ (+3ms) 
23:08:48   ├─ /e/e_32V083BPAMA/feed.atom/ (+3ms) 
23:08:48   ├─ /e/e_32V083BPAMA/feed.json/ (+2ms) 
23:08:48   ├─ /e/e_357KR6Z8TFG/feed.atom/ (+2ms) 
23:08:48   ├─ /e/e_357KR6Z8TFG/feed.json/ (+1ms) 
23:08:48   ├─ /e/e_38NTPKDPKHA/feed.atom/ (+1ms) 
23:08:48   ├─ /e/e_38NTPKDPKHA/feed.json/ (+1ms) 
23:08:48   ├─ /e/e_3HZS2JPM2CR/feed.atom/ (+3ms) 
23:08:48   ├─ /e/e_3HZS2JPM2CR/feed.json/ (+3ms) 
23:08:48   ├─ /e/e_3N3Q3YAWBCG/feed.atom/ (+3ms) 
23:08:48   ├─ /e/e_3N3Q3YAWBCG/feed.json/ (+2ms) 
23:08:48   ├─ /e/e_41T3C34FQFA/feed.atom/ (+5ms) 
23:08:48   ├─ /e/e_41T3C34FQFA/feed.json/ (+7ms) 
23:08:48   ├─ /e/e_4P7EDPAWCY2/feed.atom/ (+9ms) 
23:08:48   ├─ /e/e_4P7EDPAWCY2/feed.json/ (+4ms) 
23:08:48   ├─ /e/e_4VBT50A7VD2/feed.atom/ (+3ms) 
23:08:48   ├─ /e/e_4VBT50A7VD2/feed.json/ (+3ms) 
23:08:48   ├─ /e/e_5R5PKZN9WTY/feed.atom/ (+8ms) 
23:08:48   ├─ /e/e_5R5PKZN9WTY/feed.json/ (+1ms) 
23:08:48   ├─ /e/e_5VB3GYJAWRC/feed.atom/ (+4ms) 
23:08:48   ├─ /e/e_5VB3GYJAWRC/feed.json/ (+5ms) 
23:08:48   ├─ /e/e_61BHW1YYH5J/feed.atom/ (+2ms) 
23:08:48   ├─ /e/e_61BHW1YYH5J/feed.json/ (+1ms) 
23:08:48   ├─ /e/e_6Y1JB29DYJA/feed.atom/ (+3ms) 
23:08:48   ├─ /e/e_6Y1JB29DYJA/feed.json/ (+6ms) 
23:08:48   ├─ /e/e_7JW04Q252D6/feed.atom/ (+2ms) 
23:08:48   ├─ /e/e_7JW04Q252D6/feed.json/ (+5ms) 
23:08:48   ├─ /e/e_824XAJ5ETWG/feed.atom/ (+3ms) 
23:08:48   ├─ /e/e_824XAJ5ETWG/feed.json/ (+4ms) 
23:08:48   ├─ /e/e_8A2A58V55P6/feed.atom/ (+4ms) 
23:08:48   ├─ /e/e_8A2A58V55P6/feed.json/ (+3ms) 
23:08:48   ├─ /e/e_8AWARYZ7WP6/feed.atom/ (+4ms) 
23:08:48   ├─ /e/e_8AWARYZ7WP6/feed.json/ (+2ms) 
23:08:48   ├─ /e/e_8HVZ2FE02WG/feed.atom/ (+10ms) 
23:08:48   ├─ /e/e_8HVZ2FE02WG/feed.json/ (+2ms) 
23:08:48   ├─ /e/e_8V2DZWR8HPM/feed.atom/ (+4ms) 
23:08:48   ├─ /e/e_8V2DZWR8HPM/feed.json/ (+5ms) 
23:08:48   ├─ /e/e_9CDJXKFG3CJ/feed.atom/ (+2ms) 
23:08:48   ├─ /e/e_9CDJXKFG3CJ/feed.json/ (+3ms) 
23:08:48   ├─ /e/e_9M90X0G4YD2/feed.atom/ (+6ms) 
23:08:48   ├─ /e/e_9M90X0G4YD2/feed.json/ (+22ms) 
23:08:48   ├─ /e/e_ADT3TJHK8W8/feed.atom/ (+7ms) 
23:08:48   ├─ /e/e_ADT3TJHK8W8/feed.json/ (+4ms) 
23:08:48   ├─ /e/e_AZADD2TBHKR/feed.atom/ (+2ms) 
23:08:48   ├─ /e/e_AZADD2TBHKR/feed.json/ (+2ms) 
23:08:48   ├─ /e/e_B10ZF25BFZT/feed.atom/ (+3ms) 
23:08:48   ├─ /e/e_B10ZF25BFZT/feed.json/ (+7ms) 
23:08:48   ├─ /e/e_B42PV7X9SGR/feed.atom/ (+1ms) 
23:08:48   ├─ /e/e_B42PV7X9SGR/feed.json/ (+3ms) 
23:08:48   ├─ /e/e_BRECTAWD0GT/feed.atom/ (+6ms) 
23:08:48   ├─ /e/e_BRECTAWD0GT/feed.json/ (+10ms) 
23:08:48   ├─ /e/e_DQT3XHMXA2C/feed.atom/ (+2ms) 
23:08:48   ├─ /e/e_DQT3XHMXA2C/feed.json/ (+2ms) 
23:08:48   ├─ /e/e_DY4152Q1HEE/feed.atom/ (+1ms) 
23:08:48   ├─ /e/e_DY4152Q1HEE/feed.json/ (+1ms) 
23:08:48   ├─ /e/e_EDRGN5GQHSE/feed.atom/ (+1ms) 
23:08:48   ├─ /e/e_EDRGN5GQHSE/feed.json/ (+2ms) 
23:08:48   ├─ /e/e_F19ZE68DAS4/feed.atom/ (+5ms) 
23:08:48   ├─ /e/e_F19ZE68DAS4/feed.json/ (+2ms) 
23:08:48   ├─ /e/e_FWG4CE0H6WC/feed.atom/ (+6ms) 
23:08:48   ├─ /e/e_FWG4CE0H6WC/feed.json/ (+2ms) 
23:08:48   ├─ /e/e_G2Q1BRT8GSR/feed.atom/ (+8ms) 
23:08:48   ├─ /e/e_G2Q1BRT8GSR/feed.json/ (+3ms) 
23:08:48   ├─ /e/e_GFGYNAKFRW2/feed.atom/ (+4ms) 
23:08:48   ├─ /e/e_GFGYNAKFRW2/feed.json/ (+3ms) 
23:08:48   ├─ /e/e_GP8J1E7TFDC/feed.atom/ (+2ms) 
23:08:48   ├─ /e/e_GP8J1E7TFDC/feed.json/ (+2ms) 
23:08:48   ├─ /e/e_H6EVSN8Q85T/feed.atom/ (+2ms) 
23:08:48   ├─ /e/e_H6EVSN8Q85T/feed.json/ (+6ms) 
23:08:48   ├─ /e/e_H6PPP8CA9RR/feed.atom/ (+5ms) 
23:08:48   ├─ /e/e_H6PPP8CA9RR/feed.json/ (+5ms) 
23:08:48   ├─ /e/e_HAQNA853Q80/feed.atom/ (+4ms) 
23:08:48   ├─ /e/e_HAQNA853Q80/feed.json/ (+1ms) 
23:08:48   ├─ /e/e_J32HBKYVHAT/feed.atom/ (+37ms) 
23:08:48   ├─ /e/e_J32HBKYVHAT/feed.json/ (+3ms) 
23:08:48   ├─ /e/e_JPHG3Z9N56M/feed.atom/ (+5ms) 
23:08:48   ├─ /e/e_JPHG3Z9N56M/feed.json/ (+3ms) 
23:08:48   ├─ /e/e_JR4RPDWKET0/feed.atom/ (+1ms) 
23:08:48   ├─ /e/e_JR4RPDWKET0/feed.json/ (+1ms) 
23:08:48   ├─ /e/e_JYFZ2CANJXT/feed.atom/ (+2ms) 
23:08:48   ├─ /e/e_JYFZ2CANJXT/feed.json/ (+1ms) 
23:08:48   ├─ /e/e_JYS5BHD9SQG/feed.atom/ (+5ms) 
23:08:48   ├─ /e/e_JYS5BHD9SQG/feed.json/ (+3ms) 
23:08:48   ├─ /e/e_KAKRS8DB7PY/feed.atom/ (+1ms) 
23:08:48   ├─ /e/e_KAKRS8DB7PY/feed.json/ (+4ms) 
23:08:48   ├─ /e/e_KFRVE2CAS8W/feed.atom/ (+6ms) 
23:08:48   ├─ /e/e_KFRVE2CAS8W/feed.json/ (+3ms) 
23:08:48   ├─ /e/e_KMM6CNTHW3C/feed.atom/ (+1ms) 
23:08:48   ├─ /e/e_KMM6CNTHW3C/feed.json/ (+4ms) 
23:08:48   ├─ /e/e_KR3M8ESKAEW/feed.atom/ (+5ms) 
23:08:48   ├─ /e/e_KR3M8ESKAEW/feed.json/ (+2ms) 
23:08:48   ├─ /e/e_MX90J81EYDE/feed.atom/ (+5ms) 
23:08:48   ├─ /e/e_MX90J81EYDE/feed.json/ (+5ms) 
23:08:48   ├─ /e/e_NA2QKMK6XZM/feed.atom/ (+5ms) 
23:08:48   ├─ /e/e_NA2QKMK6XZM/feed.json/ (+2ms) 
23:08:48   ├─ /e/e_PCV8H6P7B04/feed.atom/ (+1ms) 
23:08:48   ├─ /e/e_PCV8H6P7B04/feed.json/ (+2ms) 
23:08:48   ├─ /e/e_PJKJBCHCEFY/feed.atom/ (+1ms) 
23:08:48   ├─ /e/e_PJKJBCHCEFY/feed.json/ (+1ms) 
23:08:48   ├─ /e/e_PRCZN95ZV2R/feed.atom/ (+1ms) 
23:08:48   ├─ /e/e_PRCZN95ZV2R/feed.json/ (+1ms) 
23:08:48   ├─ /e/e_Q4X4XZ13Y2W/feed.atom/ (+1ms) 
23:08:48   ├─ /e/e_Q4X4XZ13Y2W/feed.json/ (+2ms) 
23:08:48   ├─ /e/e_R372CCSVG44/feed.atom/ (+3ms) 
23:08:48   ├─ /e/e_R372CCSVG44/feed.json/ (+2ms) 
23:08:48   ├─ /e/e_SFVE63D71XC/feed.atom/ (+1ms) 
23:08:48   ├─ /e/e_SFVE63D71XC/feed.json/ (+1ms) 
23:08:48   ├─ /e/e_SNWV2DC244A/feed.atom/ (+5ms) 
23:08:48   ├─ /e/e_SNWV2DC244A/feed.json/ (+3ms) 
23:08:48   ├─ /e/e_SV1CWRNS2SY/feed.atom/ (+2ms) 
23:08:48   ├─ /e/e_SV1CWRNS2SY/feed.json/ (+2ms) 
23:08:48   ├─ /e/e_SW0DQ4N81NG/feed.atom/ (+2ms) 
23:08:48   ├─ /e/e_SW0DQ4N81NG/feed.json/ (+3ms) 
23:08:48   ├─ /e/e_TBARBJKAD2G/feed.atom/ (+6ms) 
23:08:48   ├─ /e/e_TBARBJKAD2G/feed.json/ (+2ms) 
23:08:48   ├─ /e/e_TEVNVWBZ8HJ/feed.atom/ (+3ms) 
23:08:48   ├─ /e/e_TEVNVWBZ8HJ/feed.json/ (+2ms) 
23:08:48   ├─ /e/e_TPZFR15XYF6/feed.atom/ (+4ms) 
23:08:48   ├─ /e/e_TPZFR15XYF6/feed.json/ (+3ms) 
23:08:48   ├─ /e/e_V05C8HCBBV2/feed.atom/ (+1ms) 
23:08:48   ├─ /e/e_V05C8HCBBV2/feed.json/ (+4ms) 
23:08:48   ├─ /e/e_V42GXYWY24C/feed.atom/ (+3ms) 
23:08:48   ├─ /e/e_V42GXYWY24C/feed.json/ (+3ms) 
23:08:48   ├─ /e/e_V7MSNX3WC6J/feed.atom/ (+3ms) 
23:08:48   ├─ /e/e_V7MSNX3WC6J/feed.json/ (+2ms) 
23:08:48   ├─ /e/e_V9ERGE3E0B4/feed.atom/ (+2ms) 
23:08:48   ├─ /e/e_V9ERGE3E0B4/feed.json/ (+3ms) 
23:08:48   ├─ /e/e_VBBNJDDB0DA/feed.atom/ (+3ms) 
23:08:48   ├─ /e/e_VBBNJDDB0DA/feed.json/ (+3ms) 
23:08:48   ├─ /e/e_XTYDTXK7PNY/feed.atom/ (+6ms) 
23:08:48   ├─ /e/e_XTYDTXK7PNY/feed.json/ (+3ms) 
23:08:48   ├─ /e/e_Y0KW8KTAF72/feed.atom/ (+2ms) 
23:08:48   ├─ /e/e_Y0KW8KTAF72/feed.json/ (+2ms) 
23:08:48   ├─ /e/e_YHPJ8ZXSSQ4/feed.atom/ (+2ms) 
23:08:48   ├─ /e/e_YHPJ8ZXSSQ4/feed.json/ (+5ms) 
23:08:48   ├─ /e/e_Z9WRNDMF5MT/feed.atom/ (+3ms) 
23:08:48   ├─ /e/e_Z9WRNDMF5MT/feed.json/ (+6ms) 
23:08:48   ├─ /e/e_ZRK10CYRA5W/feed.atom/ (+5ms) 
23:08:48   └─ /e/e_ZRK10CYRA5W/feed.json/ (+2ms) 
23:08:48 ▶ src/pages/e/[id]/index.astro
23:08:48   ├─ /e/e_01E6T51Z5NE/index.html (+116ms) 
23:08:48   ├─ /e/e_03QFRGK7VQX/index.html (+27ms) 
23:08:48   ├─ /e/e_093XKS44M6Q/index.html (+13ms) 
23:08:48   ├─ /e/e_0E3Q2DQH0BA/index.html (+19ms) 
23:08:48   ├─ /e/e_0HWS8572QP9/index.html (+9ms) 
23:08:48   ├─ /e/e_0MXZ4HGH09F/index.html (+8ms) 
23:08:48   ├─ /e/e_0W3HYER2F5A/index.html (+33ms) 
23:08:49   ├─ /e/e_10DHTZ75A5K/index.html (+9ms) 
23:08:49   ├─ /e/e_126THNX952P/index.html (+26ms) 
23:08:49   ├─ /e/e_13NVVKJA2MM/index.html (+104ms) 
23:08:49   ├─ /e/e_15264R968MN/index.html (+40ms) 
23:08:49   ├─ /e/e_15DZEMC0CJY/index.html (+113ms) 
23:08:49   ├─ /e/e_1ER3NPA3Y77/index.html (+56ms) 
23:08:49   ├─ /e/e_1GSH6ZQHW7B/index.html (+33ms) 
23:08:49   ├─ /e/e_1M544BHSGGQ/index.html (+14ms) 
23:08:49   ├─ /e/e_1TMQEKAN7S6/index.html (+78ms) 
23:08:49   ├─ /e/e_1VQN3TQ2Z74/index.html (+92ms) 
23:08:49   ├─ /e/e_20N3FEGPDR2/index.html (+76ms) 
23:08:49   ├─ /e/e_261PEVXPG0B/index.html (+17ms) 
23:08:49   ├─ /e/e_26C836YXKF2/index.html (+60ms) 
23:08:49   ├─ /e/e_291FVHEKPA8/index.html (+80ms) 
23:08:49   ├─ /e/e_2CS7SM2993J/index.html (+125ms) 
23:08:49   ├─ /e/e_2JCAQ45XCSC/index.html (+105ms) 
23:08:50   ├─ /e/e_2S60RGNZHBS/index.html (+11ms) 
23:08:50   ├─ /e/e_2WFB2V4PNQV/index.html (+21ms) 
23:08:50   ├─ /e/e_2XFTYTGJT3Z/index.html (+19ms) 
23:08:50   ├─ /e/e_32V083BPAMA/index.html (+49ms) 
23:08:50   ├─ /e/e_357KR6Z8TFG/index.html (+40ms) 
23:08:50   ├─ /e/e_38NTPKDPKHA/index.html (+101ms) 
23:08:50   ├─ /e/e_3BYERQ8ZQ6D/index.html (+46ms) 
23:08:50   ├─ /e/e_3HZS2JPM2CR/index.html (+96ms) 
23:08:50   ├─ /e/e_3JZ11S1QS33/index.html (+30ms) 
23:08:50   ├─ /e/e_3K17NV4B0JF/index.html (+13ms) 
23:08:50   ├─ /e/e_3N3Q3YAWBCG/index.html (+258ms) 
23:08:50   ├─ /e/e_41T3C34FQFA/index.html (+44ms) 
23:08:50   ├─ /e/e_4249BQNHNVB/index.html (+41ms) 
23:08:50   ├─ /e/e_44E0GZ3MAKS/index.html (+13ms) 
23:08:50   ├─ /e/e_4A9TG2M8403/index.html (+11ms) 
23:08:50   ├─ /e/e_4P7EDPAWCY2/index.html (+51ms) 
23:08:50   ├─ /e/e_4VBT50A7VD2/index.html (+96ms) 
23:08:50   ├─ /e/e_52RJ4AYNG35/index.html (+19ms) 
23:08:50   ├─ /e/e_5AE2F3GDM57/index.html (+27ms) 
23:08:51   ├─ /e/e_5R5PKZN9WTY/index.html (+24ms) 
23:08:51   ├─ /e/e_5VB3GYJAWRC/index.html (+110ms) 
23:08:51   ├─ /e/e_5WYRYN5H1XY/index.html (+13ms) 
23:08:51   ├─ /e/e_607VJ9XWYRJ/index.html (+117ms) 
23:08:51   ├─ /e/e_61BHW1YYH5J/index.html (+81ms) 
23:08:51   ├─ /e/e_6Y1JB29DYJA/index.html (+116ms) 
23:08:51   ├─ /e/e_75QG3RMAHC9/index.html (+68ms) 
23:08:51   ├─ /e/e_77AC6K7XEWB/index.html (+31ms) 
23:08:51   ├─ /e/e_7JW04Q252D6/index.html (+126ms) 
23:08:51   ├─ /e/e_7X1NF3PMZZM/index.html (+25ms) 
23:08:51   ├─ /e/e_7ZJR0NT1B6H/index.html (+35ms) 
23:08:51   ├─ /e/e_824XAJ5ETWG/index.html (+93ms) 
23:08:51   ├─ /e/e_88YAM3PXK4S/index.html (+56ms) 
23:08:51   ├─ /e/e_8A2A58V55P6/index.html (+64ms) 
23:08:51   ├─ /e/e_8AWARYZ7WP6/index.html (+247ms) 
23:08:52   ├─ /e/e_8HVZ2FE02WG/index.html (+97ms) 
23:08:52   ├─ /e/e_8N97348DQ66/index.html (+45ms) 
23:08:52   ├─ /e/e_8V2DZWR8HPM/index.html (+93ms) 
23:08:52   ├─ /e/e_92WR5N03859/index.html (+12ms) 
23:08:52   ├─ /e/e_97SYW64PA3G/index.html (+14ms) 
23:08:52   ├─ /e/e_9CDJXKFG3CJ/index.html (+68ms) 
23:08:52   ├─ /e/e_9FCQF6CJ5E1/index.html (+59ms) 
23:08:52   ├─ /e/e_9KAX3YVBMVS/index.html (+23ms) 
23:08:52   ├─ /e/e_9M90X0G4YD2/index.html (+74ms) 
23:08:52   ├─ /e/e_9SWWW2SWASG/index.html (+58ms) 
23:08:52   ├─ /e/e_9VD4D2XPK7H/index.html (+32ms) 
23:08:52   ├─ /e/e_9VRK70WNP96/index.html (+14ms) 
23:08:52   ├─ /e/e_9XES4XNNQCV/index.html (+98ms) 
23:08:52   ├─ /e/e_A4CCB1NFPZB/index.html (+14ms) 
23:08:52   ├─ /e/e_ADRWZ5YBESZ/index.html (+14ms) 
23:08:52   ├─ /e/e_ADT3TJHK8W8/index.html (+46ms) 
23:08:52   ├─ /e/e_AH0SJKJD25Z/index.html (+13ms) 
23:08:53   ├─ /e/e_AZ9YNR6FPQZ/index.html (+18ms) 
23:08:53   ├─ /e/e_AZADD2TBHKR/index.html (+60ms) 
23:08:53   ├─ /e/e_B10ZF25BFZT/index.html (+31ms) 
23:08:53   ├─ /e/e_B1Q69HZTTMA/index.html (+15ms) 
23:08:53   ├─ /e/e_B42PV7X9SGR/index.html (+51ms) 
23:08:53   ├─ /e/e_BQ6HA5A661Z/index.html (+35ms) 
23:08:53   ├─ /e/e_BRB68FCWQQ1/index.html (+59ms) 
23:08:53   ├─ /e/e_BRECTAWD0GT/index.html (+186ms) 
23:08:53   ├─ /e/e_BTT9Q5KW4YN/index.html (+62ms) 
23:08:53   ├─ /e/e_C6EM2RQNX2S/index.html (+14ms) 
23:08:53   ├─ /e/e_D029GAZTH3Z/index.html (+10ms) 
23:08:53   ├─ /e/e_D5HEA3Z5ZYZ/index.html (+22ms) 
23:08:53   ├─ /e/e_D81ZQF8BMQS/index.html (+38ms) 
23:08:53   ├─ /e/e_DAFJYGYBDKF/index.html (+58ms) 
23:08:53   ├─ /e/e_DHESXAYAQHW/index.html (+13ms) 
23:08:53   ├─ /e/e_DQT3XHMXA2C/index.html (+81ms) 
23:08:53   ├─ /e/e_DY4152Q1HEE/index.html (+92ms) 
23:08:53   ├─ /e/e_E1019DQAZKS/index.html (+31ms) 
23:08:53   ├─ /e/e_E2WEN8QV5Q5/index.html (+22ms) 
23:08:53   ├─ /e/e_EDRGN5GQHSE/index.html (+56ms) 
23:08:53   ├─ /e/e_EDX1R1KVT3X/index.html (+31ms) 
23:08:53   ├─ /e/e_EF7QKB37YJK/index.html (+13ms) 
23:08:54   ├─ /e/e_EY620A0EAK9/index.html (+11ms) 
23:08:54   ├─ /e/e_F19ZE68DAS4/index.html (+125ms) 
23:08:54   ├─ /e/e_F7RJ7VXWPJ3/index.html (+38ms) 
23:08:54   ├─ /e/e_FJPV9XH9GPR/index.html (+46ms) 
23:08:54   ├─ /e/e_FTD4XD7DVG3/index.html (+36ms) 
23:08:54   ├─ /e/e_FWG4CE0H6WC/index.html (+124ms) 
23:08:54   ├─ /e/e_G2Q1BRT8GSR/index.html (+111ms) 
23:08:54   ├─ /e/e_G3RQ1T2X859/index.html (+16ms) 
23:08:54   ├─ /e/e_GFGYNAKFRW2/index.html (+104ms) 
23:08:54   ├─ /e/e_GP8J1E7TFDC/index.html (+115ms) 
23:08:54   ├─ /e/e_GQ2E6K86NWF/index.html (+47ms) 
23:08:54   ├─ /e/e_H6EVSN8Q85T/index.html (+60ms) 
23:08:54   ├─ /e/e_H6PPP8CA9RR/index.html (+92ms) 
23:08:54   ├─ /e/e_HAQNA853Q80/index.html (+292ms) 
23:08:55   ├─ /e/e_HPF1QZV0ZPX/index.html (+26ms) 
23:08:55   ├─ /e/e_HTQD84GES1K/index.html (+25ms) 
23:08:55   ├─ /e/e_J16JY8N155H/index.html (+49ms) 
23:08:55   ├─ /e/e_J32HBKYVHAT/index.html (+88ms) 
23:08:55   ├─ /e/e_J4DR3YCQCAN/index.html (+28ms) 
23:08:55   ├─ /e/e_J6GFPWGCTED/index.html (+26ms) 
23:08:55   ├─ /e/e_JA1TAYFFAHR/index.html (+18ms) 
23:08:55   ├─ /e/e_JBM5J6NVTF7/index.html (+17ms) 
23:08:55   ├─ /e/e_JJMQ9HG9Y99/index.html (+66ms) 
23:08:55   ├─ /e/e_JN83HWXP85Z/index.html (+31ms) 
23:08:55   ├─ /e/e_JPHG3Z9N56M/index.html (+98ms) 
23:08:55   ├─ /e/e_JPV9HP2D5X4/index.html (+30ms) 
23:08:55   ├─ /e/e_JR4RPDWKET0/index.html (+123ms) 
23:08:55   ├─ /e/e_JYFZ2CANJXT/index.html (+104ms) 
23:08:55   ├─ /e/e_JYS5BHD9SQG/index.html (+148ms) 
23:08:56   ├─ /e/e_KAKRS8DB7PY/index.html (+104ms) 
23:08:56   ├─ /e/e_KFRVE2CAS8W/index.html (+39ms) 
23:08:56   ├─ /e/e_KMM6CNTHW3C/index.html (+109ms) 
23:08:56   ├─ /e/e_KR3M8ESKAEW/index.html (+65ms) 
23:08:56   ├─ /e/e_KRDEF79H7GD/index.html (+62ms) 
23:08:56   ├─ /e/e_KZ3W52ZYP6H/index.html (+32ms) 
23:08:56   ├─ /e/e_M1E3ZT6VG3K/index.html (+35ms) 
23:08:56   ├─ /e/e_M4ZXRNVWZTH/index.html (+70ms) 
23:08:56   ├─ /e/e_M5SCCQPBZ89/index.html (+63ms) 
23:08:56   ├─ /e/e_M6GFCMQK7DQ/index.html (+55ms) 
23:08:56   ├─ /e/e_MB6DQ5PDDKH/index.html (+32ms) 
23:08:56   ├─ /e/e_MDD4QDWH205/index.html (+48ms) 
23:08:56   ├─ /e/e_MMGH765AVAA/index.html (+25ms) 
23:08:56   ├─ /e/e_MX90J81EYDE/index.html (+154ms) 
23:08:56   ├─ /e/e_MXJFHPMG9BH/index.html (+28ms) 
23:08:57   ├─ /e/e_N0ZEZQYXT6K/index.html (+57ms) 
23:08:57   ├─ /e/e_N2RFM19TP1D/index.html (+51ms) 
23:08:57   ├─ /e/e_N629H7DQD4K/index.html (+13ms) 
23:08:57   ├─ /e/e_N73RT0QZ0X4/index.html (+10ms) 
23:08:57   ├─ /e/e_NA2QKMK6XZM/index.html (+21ms) 
23:08:57   ├─ /e/e_NEH0J3ZF9KK/index.html (+12ms) 
23:08:57   ├─ /e/e_P4YGBAFMV94/index.html (+14ms) 
23:08:57   ├─ /e/e_P6TVM7W57M8/index.html (+10ms) 
23:08:57   ├─ /e/e_PCV8H6P7B04/index.html (+74ms) 
23:08:57   ├─ /e/e_PGN246ESKRS/index.html (+54ms) 
23:08:57   ├─ /e/e_PJKJBCHCEFY/index.html (+76ms) 
23:08:57   ├─ /e/e_PRCZN95ZV2R/index.html (+41ms) 
23:08:57   ├─ /e/e_Q4X4XZ13Y2W/index.html (+126ms) 
23:08:57   ├─ /e/e_QF7Y4CJ00Q4/index.html (+17ms) 
23:08:57   ├─ /e/e_QFECGB8X9W5/index.html (+21ms) 
23:08:57   ├─ /e/e_QHYA574DXDQ/index.html (+11ms) 
23:08:57   ├─ /e/e_QTVWFV6FJ2V/index.html (+34ms) 
23:08:57   ├─ /e/e_QV8QGGHJCSS/index.html (+40ms) 
23:08:57   ├─ /e/e_R2623KSCANW/index.html (+30ms) 
23:08:57   ├─ /e/e_R2KZCZM6TGV/index.html (+17ms) 
23:08:57   ├─ /e/e_R2TJDSZX29K/index.html (+24ms) 
23:08:57   ├─ /e/e_R2VJDA1P0WH/index.html (+37ms) 
23:08:57   ├─ /e/e_R372CCSVG44/index.html (+67ms) 
23:08:57   ├─ /e/e_RVCX5C4Z21K/index.html (+29ms) 
23:08:57   ├─ /e/e_S7DQ1QJCCMT/index.html (+13ms) 
23:08:57   ├─ /e/e_SFVE63D71XC/index.html (+58ms) 
23:08:57   ├─ /e/e_SNWV2DC244A/index.html (+72ms) 
23:08:58   ├─ /e/e_SV1CWRNS2SY/index.html (+171ms) 
23:08:58   ├─ /e/e_SV60T2QMXGE/index.html (+46ms) 
23:08:58   ├─ /e/e_SW0DQ4N81NG/index.html (+111ms) 
23:08:58   ├─ /e/e_TBARBJKAD2G/index.html (+115ms) 
23:08:58   ├─ /e/e_TEVNVWBZ8HJ/index.html (+141ms) 
23:08:58   ├─ /e/e_TEXN6TK2CRK/index.html (+33ms) 
23:08:58   ├─ /e/e_TP1WNE77VC5/index.html (+67ms) 
23:08:58   ├─ /e/e_TPZFR15XYF6/index.html (+79ms) 
23:08:58   ├─ /e/e_TRJN6D7V12H/index.html (+51ms) 
23:08:58   ├─ /e/e_TV0JWZEFEAQ/index.html (+20ms) 
23:08:58   ├─ /e/e_V05C8HCBBV2/index.html (+72ms) 
23:08:58   ├─ /e/e_V42GXYWY24C/index.html (+70ms) 
23:08:59   ├─ /e/e_V5N4GT09S49/index.html (+32ms) 
23:08:59   ├─ /e/e_V7MSNX3WC6J/index.html (+147ms) 
23:08:59   ├─ /e/e_V9ERGE3E0B4/index.html (+59ms) 
23:08:59   ├─ /e/e_VBBNJDDB0DA/index.html (+119ms) 
23:08:59   ├─ /e/e_VECQ6B2X7TX/index.html (+31ms) 
23:08:59   ├─ /e/e_VMQ8QRRDWVS/index.html (+17ms) 
23:08:59   ├─ /e/e_VVAJB7D0NQX/index.html (+43ms) 
23:08:59   ├─ /e/e_VYZ3F276TRB/index.html (+68ms) 
23:08:59   ├─ /e/e_W2REDH3NZ0S/index.html (+35ms) 
23:08:59   ├─ /e/e_W4SFE6Q23VK/index.html (+42ms) 
23:08:59   ├─ /e/e_W8KZKY27BTN/index.html (+38ms) 
23:08:59   ├─ /e/e_WPZ5QHX33YZ/index.html (+25ms) 
23:08:59   ├─ /e/e_WXA7918Y925/index.html (+27ms) 
23:08:59   ├─ /e/e_WZ8PH0FEW8B/index.html (+19ms) 
23:08:59   ├─ /e/e_X33782S1M13/index.html (+43ms) 
23:08:59   ├─ /e/e_X3P6ZMFQBQQ/index.html (+182ms) 
23:08:59   ├─ /e/e_X9JA7ZTD6TF/index.html (+34ms) 
23:08:59   ├─ /e/e_XTW34V97F7V/index.html (+48ms) 
23:09:00   ├─ /e/e_XTYDTXK7PNY/index.html (+105ms) 
23:09:00   ├─ /e/e_Y0KW8KTAF72/index.html (+100ms) 
23:09:00   ├─ /e/e_Y1AFX93KTS7/index.html (+39ms) 
23:09:00   ├─ /e/e_Y31RBTP1VWD/index.html (+46ms) 
23:09:00   ├─ /e/e_Y3CPRHKVF8H/index.html (+46ms) 
23:09:00   ├─ /e/e_Y3HMWAG1BQZ/index.html (+71ms) 
23:09:00   ├─ /e/e_Y8674BRJCH9/index.html (+35ms) 
23:09:00   ├─ /e/e_Y92940K5ESN/index.html (+46ms) 
23:09:00   ├─ /e/e_YHPJ8ZXSSQ4/index.html (+179ms) 
23:09:00   ├─ /e/e_YTYXW2BB5AP/index.html (+30ms) 
23:09:00   ├─ /e/e_Z5PD7ZHKYWB/index.html (+31ms) 
23:09:00   ├─ /e/e_Z7YDNC4F139/index.html (+51ms) 
23:09:00   ├─ /e/e_Z9WRNDMF5MT/index.html (+178ms) 
23:09:01   ├─ /e/e_ZQ2MJNFAEZS/index.html (+14ms) 
23:09:01   ├─ /e/e_ZRK10CYRA5W/index.html (+83ms) 
23:09:01   ├─ /e/e_ZTAQY2693CR/index.html (+42ms) 
23:09:01   └─ /e/e_ZV3H84Q13C1/index.html (+34ms) 
23:09:01 λ src/pages/feed.atom.ts
23:09:01   └─ /feed.atom (+19ms) 
23:09:01 λ src/pages/feed.json.ts
23:09:01   └─ /feed.json (+20ms) 
23:09:01 ▶ src/pages/glossary/index.astro
23:09:01   └─ /glossary/index.html (+26ms) 
23:09:01 ▶ src/pages/index.astro
23:09:01   └─ /index.html (+81ms) 
23:09:01 λ src/pages/llms.txt.ts
23:09:01   └─ /llms.txt (+16ms) 
23:09:01 λ src/pages/methodology-registry.json.ts
23:09:01   └─ /methodology-registry.json (+5ms) 
23:09:01 ▶ src/pages/methodology/current/index.astro
23:09:01   └─ /methodology/current/index.html (+29ms) 
23:09:01 ▶ src/pages/methodology/m2/index.astro
23:09:01   └─ /methodology/m2/index.html (+9ms) 
23:09:01 ▶ src/pages/methodology/m3/index.astro
23:09:01   └─ /methodology/m3/index.html (+4ms) 
23:09:01 ▶ src/pages/methodology/v1/index.astro
23:09:01   └─ /methodology/v1/index.html (+2ms) 
23:09:01 ▶ src/pages/signals/[id]/index.astro
23:09:02   ├─ /signals/observation-2026-w27-1e5fb8ad39fe745a/index.html (+137ms) 
23:09:02   ├─ /signals/observation-2026-w27-9afec2bc3fd6b1f1/index.html (+8ms) 
23:09:02   ├─ /signals/observation-2026-w27-31519da642cea7f0/index.html (+2ms) 
23:09:02   ├─ /signals/observation-2026-w27-7d14193c374ef739/index.html (+1ms) 
23:09:02   ├─ /signals/observation-2026-w27-758d53e59f4bd833/index.html (+1ms) 
23:09:02   ├─ /signals/observation-2026-w27-c0b758cb7f27d691/index.html (+5ms) 
23:09:02   ├─ /signals/observation-2026-w27-2ad5869b4ad930c5/index.html (+4ms) 
23:09:02   ├─ /signals/observation-2026-w27-cd05b24307434287/index.html (+2ms) 
23:09:02   ├─ /signals/observation-2026-w27-e2ebf7ba27317e95/index.html (+1ms) 
23:09:02   ├─ /signals/observation-2026-w27-bf5ded6b6008f9d3/index.html (+6ms) 
23:09:02   ├─ /signals/observation-2026-w27-10819023f564420c/index.html (+9ms) 
23:09:02   ├─ /signals/observation-2026-w27-b8ecf69708735072/index.html (+5ms) 
23:09:02   ├─ /signals/observation-2026-w27-1a34f9ac6e3d7925/index.html (+10ms) 
23:09:02   ├─ /signals/observation-2026-w27-36f545e955fc3290/index.html (+3ms) 
23:09:02   ├─ /signals/observation-2026-w27-3fbbef85137a05e3/index.html (+13ms) 
23:09:02   ├─ /signals/observation-2026-w27-e01accb39263feaa/index.html (+12ms) 
23:09:02   ├─ /signals/observation-2026-w27-e23c0e37de3a7e81/index.html (+4ms) 
23:09:02   ├─ /signals/observation-2026-w27-705a37cb1e0fb55f/index.html (+15ms) 
23:09:02   ├─ /signals/observation-2026-w27-bcadc5d096e68c17/index.html (+4ms) 
23:09:02   ├─ /signals/observation-2026-w27-14a76784a3448943/index.html (+21ms) 
23:09:02   ├─ /signals/observation-2026-w27-d516d5a89cfe8361/index.html (+4ms) 
23:09:02   ├─ /signals/observation-2026-w27-5e71f7f720ab34b5/index.html (+3ms) 
23:09:02   ├─ /signals/observation-2026-w27-0290a068bcb248e6/index.html (+4ms) 
23:09:02   ├─ /signals/observation-2026-w27-194d32200ec5453c/index.html (+3ms) 
23:09:02   ├─ /signals/observation-2026-w27-b13b3569e993b2be/index.html (+3ms) 
23:09:02   ├─ /signals/observation-2026-w27-3f7408ab0a2a0210/index.html (+3ms) 
23:09:02   ├─ /signals/observation-2026-w27-5e5a215f79489563/index.html (+3ms) 
23:09:02   ├─ /signals/observation-2026-w27-ab5aa7698bc70c0e/index.html (+3ms) 
23:09:02   ├─ /signals/observation-2026-w27-b1e7579fff123008/index.html (+3ms) 
23:09:02   ├─ /signals/observation-2026-w27-fcedfadfc5d7dfd4/index.html (+4ms) 
23:09:02   ├─ /signals/observation-2026-w27-bd7457b1ebeedc6d/index.html (+10ms) 
23:09:02   ├─ /signals/observation-2026-w27-0e97eaf5b2039a23/index.html (+10ms) 
23:09:02   ├─ /signals/observation-2026-w27-1c3851521c83ca10/index.html (+9ms) 
23:09:02   ├─ /signals/observation-2026-w27-dc3f4d79e1ff199a/index.html (+3ms) 
23:09:02   ├─ /signals/observation-2026-w27-0839f250749fb8c0/index.html (+5ms) 
23:09:02   ├─ /signals/observation-2026-w27-1fce2de67c92d281/index.html (+19ms) 
23:09:02   ├─ /signals/observation-2026-w27-5eccf7edf1d4f7f5/index.html (+3ms) 
23:09:02   ├─ /signals/observation-2026-w27-5830f1bda402ad9f/index.html (+6ms) 
23:09:02   ├─ /signals/observation-2026-w27-75a585fb2086252c/index.html (+7ms) 
23:09:02   ├─ /signals/observation-2026-w27-526b20f77fb552e8/index.html (+10ms) 
23:09:02   ├─ /signals/observation-2026-w27-10bed46906874386/index.html (+6ms) 
23:09:02   ├─ /signals/observation-2026-w27-ac4403183dada501/index.html (+7ms) 
23:09:02   ├─ /signals/observation-2026-w27-140d662eb4543e34/index.html (+14ms) 
23:09:02   ├─ /signals/observation-2026-w27-27edba596c2294c9/index.html (+3ms) 
23:09:02   ├─ /signals/observation-2026-w27-3199b16952b9487b/index.html (+12ms) 
23:09:02   ├─ /signals/observation-2026-w27-5997f7b9b62a91ce/index.html (+17ms) 
23:09:02   ├─ /signals/observation-2026-w27-debcf092aff580f3/index.html (+12ms) 
23:09:02   ├─ /signals/observation-2026-w27-47d463998c722c57/index.html (+15ms) 
23:09:02   ├─ /signals/observation-2026-w27-bc859a19e4f77142/index.html (+16ms) 
23:09:02   ├─ /signals/observation-2026-w27-ae6b058bbca90eeb/index.html (+9ms) 
23:09:02   ├─ /signals/observation-2026-w27-0792af2c9b2d35e0/index.html (+11ms) 
23:09:02   ├─ /signals/observation-2026-w27-011772c68dbfd397/index.html (+13ms) 
23:09:02   ├─ /signals/observation-2026-w27-48b8121edf77d610/index.html (+10ms) 
23:09:02   ├─ /signals/observation-2026-w27-5f10f5c836c91ba9/index.html (+5ms) 
23:09:02   ├─ /signals/observation-2026-w27-803c05aace5caee6/index.html (+8ms) 
23:09:02   ├─ /signals/observation-2026-w27-0d63ac5c1c00df92/index.html (+9ms) 
23:09:02   ├─ /signals/observation-2026-w27-b8a60bb2cd67b8b3/index.html (+7ms) 
23:09:02   ├─ /signals/observation-2026-w27-c4d931b150fd0a53/index.html (+6ms) 
23:09:02   ├─ /signals/observation-2026-w27-0a54ffade65e85aa/index.html (+5ms) 
23:09:02   ├─ /signals/observation-2026-w27-78efbdf62de5c5d6/index.html (+5ms) 
23:09:02   ├─ /signals/observation-2026-w27-c55da1393e8ba7e3/index.html (+14ms) 
23:09:02   ├─ /signals/observation-2026-w27-fb7d2651c968ec62/index.html (+6ms) 
23:09:02   ├─ /signals/observation-2026-w27-f71cf74ef9ae7671/index.html (+6ms) 
23:09:02   ├─ /signals/observation-2026-w27-0edc2d768a064ba2/index.html (+5ms) 
23:09:02   ├─ /signals/observation-2026-w27-303060cf155b3091/index.html (+4ms) 
23:09:02   ├─ /signals/observation-2026-w27-97f24a93b4d5cb8e/index.html (+6ms) 
23:09:02   ├─ /signals/observation-2026-w27-df5c4a029e29de56/index.html (+6ms) 
23:09:02   ├─ /signals/observation-2026-w27-a6c67d7f9ad48781/index.html (+4ms) 
23:09:02   ├─ /signals/observation-2026-w27-8449216f7c668c22/index.html (+4ms) 
23:09:02   ├─ /signals/observation-2026-w27-b7ea9094315768cb/index.html (+6ms) 
23:09:02   ├─ /signals/observation-2026-w27-fb85d2cb69d58c08/index.html (+4ms) 
23:09:02   ├─ /signals/observation-2026-w27-d4d5e30bfdcad3d7/index.html (+6ms) 
23:09:02   ├─ /signals/observation-2026-w27-56bf2cb67cbe32f5/index.html (+9ms) 
23:09:02   ├─ /signals/observation-2026-w27-b30482ce05824cbf/index.html (+4ms) 
23:09:02   ├─ /signals/observation-2026-w27-605e015aa0cbeec6/index.html (+3ms) 
23:09:02   ├─ /signals/observation-2026-w27-e7a8811c396e24b6/index.html (+4ms) 
23:09:02   ├─ /signals/observation-2026-w27-7e32f51558968729/index.html (+12ms) 
23:09:02   ├─ /signals/observation-2026-w27-55403424e867b034/index.html (+3ms) 
23:09:02   ├─ /signals/observation-2026-w27-fda95c0191961889/index.html (+3ms) 
23:09:02   ├─ /signals/observation-2026-w27-ef7ce42937e47895/index.html (+3ms) 
23:09:02   ├─ /signals/observation-2026-w27-d45c3766f4003241/index.html (+2ms) 
23:09:02   ├─ /signals/observation-2026-w27-50d6bfd41dd8077b/index.html (+3ms) 
23:09:02   ├─ /signals/observation-2026-w27-1514a1fc3be9f75b/index.html (+3ms) 
23:09:02   ├─ /signals/observation-2026-w27-dea1cd174f085b55/index.html (+2ms) 
23:09:02   ├─ /signals/observation-2026-w27-703999637210243f/index.html (+2ms) 
23:09:02   ├─ /signals/observation-2026-w27-09b6dde9618b0e45/index.html (+3ms) 
23:09:02   ├─ /signals/observation-2026-w27-a4a75a6c4256bdb9/index.html (+3ms) 
23:09:02   ├─ /signals/observation-2026-w27-50eadd2f92ab5527/index.html (+2ms) 
23:09:02   ├─ /signals/observation-2026-w27-e9cb9ab756bd7a6e/index.html (+6ms) 
23:09:02   ├─ /signals/observation-2026-w27-dfd74c8783ed3533/index.html (+6ms) 
23:09:02   ├─ /signals/observation-2026-w27-0ed77e656e85c4d1/index.html (+13ms) 
23:09:02   ├─ /signals/observation-2026-w27-668b3959bcb60ce3/index.html (+9ms) 
23:09:02   ├─ /signals/observation-2026-w27-a000cb915aabc37b/index.html (+3ms) 
23:09:02   ├─ /signals/observation-2026-w27-fc25eca4cdd589a5/index.html (+2ms) 
23:09:02   ├─ /signals/observation-2026-w27-eba6a361201fcbc6/index.html (+1ms) 
23:09:02   ├─ /signals/observation-2026-w27-5ead7ce06390fc35/index.html (+4ms) 
23:09:02   ├─ /signals/observation-2026-w27-6ed951498b90c1c7/index.html (+4ms) 
23:09:02   ├─ /signals/observation-2026-w27-97e59b28f215245a/index.html (+8ms) 
23:09:02   ├─ /signals/observation-2026-w27-8b2fea84922ca24c/index.html (+2ms) 
23:09:02   ├─ /signals/observation-2026-w27-24cfafecab97e8be/index.html (+5ms) 
23:09:02   ├─ /signals/observation-2026-w27-3ce39bbd52b8ae5e/index.html (+3ms) 
23:09:02   ├─ /signals/observation-2026-w27-4b85564d1d92756f/index.html (+2ms) 
23:09:02   ├─ /signals/observation-2026-w27-8fad673b990eab3d/index.html (+4ms) 
23:09:02   ├─ /signals/observation-2026-w27-e8ebe8e2aa510e40/index.html (+4ms) 
23:09:02   ├─ /signals/observation-2026-w27-c57c71a7f6c094bb/index.html (+3ms) 
23:09:02   ├─ /signals/observation-2026-w27-7dd6484a7de6411c/index.html (+2ms) 
23:09:02   ├─ /signals/observation-2026-w27-c0bdd1c86e09c553/index.html (+3ms) 
23:09:02   ├─ /signals/observation-2026-w27-78cbaa1454b79ced/index.html (+6ms) 
23:09:02   ├─ /signals/observation-2026-w27-195361b8b157c082/index.html (+2ms) 
23:09:02   ├─ /signals/observation-2026-w27-8d8ce9f77141f007/index.html (+5ms) 
23:09:02   ├─ /signals/observation-2026-w27-1d759d576f1716fb/index.html (+4ms) 
23:09:02   ├─ /signals/observation-2026-w27-43886a366bd78f43/index.html (+5ms) 
23:09:02   ├─ /signals/observation-2026-w27-b0fd8028b5d31460/index.html (+3ms) 
23:09:02   ├─ /signals/observation-2026-w27-f23a416eaeb4f01f/index.html (+3ms) 
23:09:02   ├─ /signals/observation-2026-w27-fecfedc5dc8b1af5/index.html (+2ms) 
23:09:02   ├─ /signals/observation-2026-w27-c544b77dd82bbf28/index.html (+3ms) 
23:09:02   ├─ /signals/observation-2026-w27-0e84d8b15bdfb252/index.html (+4ms) 
23:09:02   ├─ /signals/observation-2026-w27-2bc3c02a4ac8c84a/index.html (+3ms) 
23:09:02   ├─ /signals/observation-2026-w27-6ae59a6978fd0ec7/index.html (+5ms) 
23:09:02   ├─ /signals/observation-2026-w27-97b4836bc485c41f/index.html (+3ms) 
23:09:02   ├─ /signals/observation-2026-w27-f82e35ecc59e8b23/index.html (+2ms) 
23:09:02   ├─ /signals/observation-2026-w27-36ce7e4d299f3aec/index.html (+3ms) 
23:09:03   ├─ /signals/observation-2026-w27-6935dc14d321a8a0/index.html (+3ms) 
23:09:03   ├─ /signals/observation-2026-w27-bdc177ba8fd3ba4d/index.html (+3ms) 
23:09:03   ├─ /signals/observation-2026-w27-083406fe06afdc33/index.html (+3ms) 
23:09:03   ├─ /signals/observation-2026-w27-2b33243b12d69bac/index.html (+3ms) 
23:09:03   ├─ /signals/observation-2026-w27-1ad891351c7aafcb/index.html (+3ms) 
23:09:03   ├─ /signals/observation-2026-w27-822d764572660e40/index.html (+3ms) 
23:09:03   ├─ /signals/observation-2026-w27-3da12d2bb177d469/index.html (+3ms) 
23:09:03   ├─ /signals/observation-2026-w27-b1951e883b33b4ed/index.html (+4ms) 
23:09:03   ├─ /signals/observation-2026-w27-a692910334e2681e/index.html (+5ms) 
23:09:03   ├─ /signals/observation-2026-w27-a313ec5884f13876/index.html (+4ms) 
23:09:03   ├─ /signals/observation-2026-w27-edb247f8ce7e609f/index.html (+4ms) 
23:09:03   ├─ /signals/observation-2026-w27-505dd5b3473d5ca4/index.html (+19ms) 
23:09:03   ├─ /signals/observation-2026-w27-d12dc8cacff9bc45/index.html (+5ms) 
23:09:03   ├─ /signals/observation-2026-w27-1d2d55fb23ccd0ca/index.html (+2ms) 
23:09:03   ├─ /signals/observation-2026-w27-4099747cb9ea79dd/index.html (+23ms) 
23:09:03   ├─ /signals/observation-2026-w27-80943bbaf5db4000/index.html (+3ms) 
23:09:03   ├─ /signals/observation-2026-w28-fa107f3bbd376f33/index.html (+5ms) 
23:09:03   ├─ /signals/observation-2026-w28-36490d1570ff5910/index.html (+3ms) 
23:09:03   ├─ /signals/observation-2026-w28-85369526a2061a75/index.html (+30ms) 
23:09:03   ├─ /signals/observation-2026-w28-4fed679d1b30a56e/index.html (+13ms) 
23:09:03   ├─ /signals/observation-2026-w28-9fcfd4a8074b73bb/index.html (+13ms) 
23:09:03   ├─ /signals/observation-2026-w28-8bc977f5d84a3dbe/index.html (+2ms) 
23:09:03   ├─ /signals/observation-2026-w28-f4e9ba6948cc56b7/index.html (+5ms) 
23:09:03   ├─ /signals/observation-2026-w28-7efe8b24e63ff9ee/index.html (+4ms) 
23:09:03   ├─ /signals/observation-2026-w28-1723aecb3c5be3e9/index.html (+2ms) 
23:09:03   ├─ /signals/observation-2026-w28-5f13b139b2156272/index.html (+2ms) 
23:09:03   ├─ /signals/observation-2026-w28-254a242cdaeb79fd/index.html (+15ms) 
23:09:03   ├─ /signals/observation-2026-w28-895d23c194aefe38/index.html (+4ms) 
23:09:03   ├─ /signals/observation-2026-w28-c1e738593323c715/index.html (+6ms) 
23:09:03   ├─ /signals/observation-2026-w28-5f257e680133af06/index.html (+4ms) 
23:09:03   ├─ /signals/observation-2026-w28-80f4f2fa83fb661a/index.html (+4ms) 
23:09:03   ├─ /signals/observation-2026-w28-f47e27cb7f452a3b/index.html (+6ms) 
23:09:03   ├─ /signals/observation-2026-w28-2d3ea9f6b7046231/index.html (+2ms) 
23:09:03   ├─ /signals/observation-2026-w28-f2f300e73068f8c0/index.html (+6ms) 
23:09:03   ├─ /signals/observation-2026-w28-00ccdad506dacb78/index.html (+11ms) 
23:09:03   ├─ /signals/observation-2026-w28-198eba305f176599/index.html (+6ms) 
23:09:03   ├─ /signals/observation-2026-w28-6136dd24a6a4c1b6/index.html (+2ms) 
23:09:03   ├─ /signals/observation-2026-w28-42d783f9f75fdf2b/index.html (+27ms) 
23:09:03   ├─ /signals/observation-2026-w28-33f945ab822411ed/index.html (+3ms) 
23:09:03   ├─ /signals/observation-2026-w28-31e6d41d731950d5/index.html (+3ms) 
23:09:03   ├─ /signals/observation-2026-w29-975107e42f68c964/index.html (+10ms) 
23:09:03   ├─ /signals/observation-2026-w29-5462f7b8411aadf2/index.html (+13ms) 
23:09:03   ├─ /signals/observation-2026-w29-915f156b80c1ccb5/index.html (+11ms) 
23:09:03   ├─ /signals/observation-2026-w29-b9fa03f7d8bae3e3/index.html (+3ms) 
23:09:03   ├─ /signals/observation-2026-w29-0f0cc713df5d777c/index.html (+6ms) 
23:09:03   ├─ /signals/observation-2026-w29-bf117a1e3af3e785/index.html (+4ms) 
23:09:03   ├─ /signals/observation-2026-w29-c836b7317ed90bc0/index.html (+24ms) 
23:09:03   ├─ /signals/observation-2026-w29-0f928ae61631628b/index.html (+8ms) 
23:09:03   ├─ /signals/observation-2026-w29-ab8c81ff08420859/index.html (+4ms) 
23:09:03   ├─ /signals/observation-2026-w29-e79e314fb0c804a7/index.html (+9ms) 
23:09:03   ├─ /signals/observation-2026-w29-7c2e4643e830b904/index.html (+10ms) 
23:09:03   ├─ /signals/observation-2026-w29-f4ba17e0df699abd/index.html (+6ms) 
23:09:03   ├─ /signals/observation-2026-w29-d1d88cd667b6f171/index.html (+2ms) 
23:09:03   ├─ /signals/observation-2026-w29-42be8307d4571def/index.html (+3ms) 
23:09:03   ├─ /signals/observation-2026-w29-4c778a5f45772aff/index.html (+6ms) 
23:09:03   ├─ /signals/observation-2026-w29-3cfd0aa76491b2d5/index.html (+5ms) 
23:09:03   ├─ /signals/observation-2026-w29-a97cc375cab6a7e8/index.html (+3ms) 
23:09:03   ├─ /signals/observation-2026-w29-4d69a5d4783f3bfe/index.html (+5ms) 
23:09:03   ├─ /signals/observation-2026-w29-9b5a2aeefe1d1fa0/index.html (+6ms) 
23:09:03   ├─ /signals/observation-2026-w29-58f4b2e30a715faf/index.html (+8ms) 
23:09:03   ├─ /signals/observation-2026-w29-08ac59b6d27d553e/index.html (+11ms) 
23:09:03   ├─ /signals/observation-2026-w29-b36fe951065ae8dc/index.html (+9ms) 
23:09:03   ├─ /signals/observation-2026-w29-5c301635ba3c5810/index.html (+7ms) 
23:09:03   ├─ /signals/observation-2026-w29-557029b575a6d727/index.html (+8ms) 
23:09:03   ├─ /signals/observation-2026-w29-8ecb5d1f91639d87/index.html (+2ms) 
23:09:03   ├─ /signals/observation-2026-w29-444615c59b975ccb/index.html (+8ms) 
23:09:03   ├─ /signals/observation-2026-w29-87d0fa39a133bd9a/index.html (+5ms) 
23:09:03   ├─ /signals/observation-2026-w29-0c455106223a3f36/index.html (+2ms) 
23:09:03   ├─ /signals/observation-2026-w29-d5f35499f1488e27/index.html (+4ms) 
23:09:03   ├─ /signals/observation-2026-w29-fdaed53f586db9d8/index.html (+5ms) 
23:09:03   ├─ /signals/observation-2026-w29-6b24e6a55a594246/index.html (+3ms) 
23:09:03   ├─ /signals/observation-2026-w29-27bfa1ff3f0819fb/index.html (+20ms) 
23:09:03   ├─ /signals/observation-2026-w30-55ba83a0f64b37f3/index.html (+17ms) 
23:09:03   ├─ /signals/observation-2026-w30-f0f7d72d5b1b05fd/index.html (+8ms) 
23:09:03   ├─ /signals/observation-2026-w30-325dce304288235e/index.html (+5ms) 
23:09:03   ├─ /signals/observation-2026-w30-40ebb06d3242e3ac/index.html (+5ms) 
23:09:03   ├─ /signals/observation-2026-w30-6889ce569b313b2b/index.html (+6ms) 
23:09:03   ├─ /signals/observation-2026-w30-51239c11a5ab22c4/index.html (+8ms) 
23:09:03   ├─ /signals/observation-2026-w30-3dac0b214527e833/index.html (+9ms) 
23:09:03   ├─ /signals/observation-2026-w30-1196d22fe8997eb1/index.html (+5ms) 
23:09:03   ├─ /signals/observation-2026-w30-bb52948e71f61efa/index.html (+6ms) 
23:09:03   ├─ /signals/observation-2026-w30-0250032f2e7712c8/index.html (+6ms) 
23:09:03   ├─ /signals/observation-2026-w30-d09170fc44d855d9/index.html (+18ms) 
23:09:03   ├─ /signals/observation-2026-w30-91a7e23d160b02f9/index.html (+5ms) 
23:09:03   ├─ /signals/observation-2026-w30-76b313b2ddbf62ce/index.html (+5ms) 
23:09:03   ├─ /signals/observation-2026-w30-a88e5f0d235f1c85/index.html (+4ms) 
23:09:03   ├─ /signals/observation-2026-w30-667cb9825f69240d/index.html (+2ms) 
23:09:03   ├─ /signals/observation-2026-w30-f8a1753975134ad5/index.html (+9ms) 
23:09:03   ├─ /signals/observation-2026-w30-0ba715d11aee8841/index.html (+11ms) 
23:09:03   ├─ /signals/observation-2026-w30-8d4c7187cb434618/index.html (+4ms) 
23:09:03   ├─ /signals/observation-2026-w30-e4d70550718d3645/index.html (+4ms) 
23:09:03   ├─ /signals/observation-2026-w30-04e9ebfde60759dc/index.html (+17ms) 
23:09:03   ├─ /signals/observation-2026-w30-fe1dff264bb1cc34/index.html (+4ms) 
23:09:03   ├─ /signals/observation-2026-w30-1ca81ce861d2ff34/index.html (+8ms) 
23:09:03   ├─ /signals/observation-2026-w30-a4f675d161acfed1/index.html (+8ms) 
23:09:03   ├─ /signals/observation-2026-w30-2f1c19d53f65b7f9/index.html (+4ms) 
23:09:03   ├─ /signals/observation-2026-w30-41845591b88883d0/index.html (+18ms) 
23:09:03   ├─ /signals/observation-2026-w30-c9d2b9ea059bf4a8/index.html (+4ms) 
23:09:03   ├─ /signals/observation-2026-w30-3944750b98668486/index.html (+4ms) 
23:09:03   ├─ /signals/observation-2026-w30-ce435cc747454a90/index.html (+28ms) 
23:09:03   ├─ /signals/observation-2026-w30-a4eb814d13e2b722/index.html (+13ms) 
23:09:03   ├─ /signals/observation-2026-w30-5ad2e2895dbc102b/index.html (+5ms) 
23:09:03   ├─ /signals/observation-2026-w30-16a9c46377f146c5/index.html (+14ms) 
23:09:03   ├─ /signals/observation-2026-w30-eae905f0ae37b127/index.html (+4ms) 
23:09:03   ├─ /signals/observation-2026-w30-95155c3c3578c690/index.html (+3ms) 
23:09:03   ├─ /signals/observation-2026-w30-54e9921b4e893c44/index.html (+3ms) 
23:09:03   ├─ /signals/observation-2026-w30-6f9a5d71811ee9e7/index.html (+2ms) 
23:09:03   ├─ /signals/observation-2026-w30-b7a67b415478b69f/index.html (+2ms) 
23:09:03   ├─ /signals/observation-2026-w30-69b98c6c958b56cf/index.html (+2ms) 
23:09:03   ├─ /signals/observation-2026-w30-865fd92969254470/index.html (+2ms) 
23:09:03   ├─ /signals/observation-2026-w30-0c7d40297c599129/index.html (+3ms) 
23:09:03   ├─ /signals/observation-2026-w30-52f821c21f6713be/index.html (+1ms) 
23:09:03   ├─ /signals/observation-2026-w30-b42622ed0d9b3521/index.html (+1ms) 
23:09:03   ├─ /signals/observation-2026-w30-f83aa0238decd1e5/index.html (+1ms) 
23:09:03   ├─ /signals/observation-2026-w30-aee01cf85199dd2a/index.html (+2ms) 
23:09:03   ├─ /signals/observation-2026-w30-3d97425cdd6fcb71/index.html (+2ms) 
23:09:03   ├─ /signals/observation-2026-w30-f446b215e98508db/index.html (+1ms) 
23:09:03   ├─ /signals/observation-2026-w30-1c6c6b5b5b335e92/index.html (+1ms) 
23:09:03   ├─ /signals/observation-2026-w30-107de34531f2d6bf/index.html (+2ms) 
23:09:03   ├─ /signals/observation-2026-w30-5303827ffa25219f/index.html (+2ms) 
23:09:03   ├─ /signals/observation-2026-w30-50213180e3b1b1b3/index.html (+1ms) 
23:09:03   ├─ /signals/observation-2026-w30-0a746bc33e980210/index.html (+1ms) 
23:09:03   ├─ /signals/observation-2026-w30-727a45f45032b3d4/index.html (+2ms) 
23:09:03   ├─ /signals/observation-2026-w30-8b1912e351ed6914/index.html (+1ms) 
23:09:03   ├─ /signals/observation-2026-w30-8d818178fb6aacdc/index.html (+3ms) 
23:09:03   ├─ /signals/observation-2026-w30-4a43d9453e80ae9b/index.html (+3ms) 
23:09:03   ├─ /signals/observation-2026-w30-2bd606f5cc8487ac/index.html (+10ms) 
23:09:03   ├─ /signals/observation-2026-w30-67cf67d3eec6f6ac/index.html (+3ms) 
23:09:03   ├─ /signals/observation-2026-w30-09388bd5d737848c/index.html (+6ms) 
23:09:03   ├─ /signals/observation-2026-w30-bec20e4e6e003a8f/index.html (+5ms) 
23:09:03   ├─ /signals/observation-2026-w30-13161ecb1970e8c0/index.html (+3ms) 
23:09:03   ├─ /signals/observation-2026-w30-465d9946b9e8bf79/index.html (+4ms) 
23:09:03   ├─ /signals/observation-2026-w30-0c3dcbb8ea38273a/index.html (+4ms) 
23:09:03   ├─ /signals/observation-2026-w30-2d66f4ffd5079075/index.html (+1ms) 
23:09:03   ├─ /signals/observation-2026-w30-5e40ae75e6e4e633/index.html (+2ms) 
23:09:03   ├─ /signals/observation-2026-w30-5a373eb586d17cac/index.html (+2ms) 
23:09:03   ├─ /signals/observation-2026-w30-0dbdb1039f483a48/index.html (+2ms) 
23:09:03   ├─ /signals/observation-2026-w30-a76812bfda2e5290/index.html (+5ms) 
23:09:03   ├─ /signals/observation-2026-w30-535cf8a62b80f601/index.html (+4ms) 
23:09:03   ├─ /signals/observation-2026-w30-a4dce98a66eb37e2/index.html (+3ms) 
23:09:03   ├─ /signals/observation-2026-w30-22f3bdc5803cbb80/index.html (+2ms) 
23:09:03   ├─ /signals/observation-2026-w30-81814dfb451fb9e5/index.html (+2ms) 
23:09:03   ├─ /signals/observation-2026-w30-d638f7c3fb90743a/index.html (+1ms) 
23:09:03   ├─ /signals/observation-2026-w30-259d794354dc0142/index.html (+3ms) 
23:09:03   ├─ /signals/observation-2026-w30-d662b01a2f9a6b5f/index.html (+3ms) 
23:09:03   ├─ /signals/observation-2026-w30-7c4f5b941b798af1/index.html (+5ms) 
23:09:03   ├─ /signals/observation-2026-w30-97e98e90526a6d24/index.html (+5ms) 
23:09:03   ├─ /signals/observation-2026-w30-0974af0ac49eab55/index.html (+2ms) 
23:09:03   ├─ /signals/observation-2026-w30-0ba7fb89b1e20f65/index.html (+4ms) 
23:09:03   ├─ /signals/observation-2026-w30-b9eaf63abe9d2a4a/index.html (+4ms) 
23:09:03   ├─ /signals/observation-2026-w30-9f22a99bc95b6297/index.html (+2ms) 
23:09:03   ├─ /signals/observation-2026-w30-884b4892920f842c/index.html (+3ms) 
23:09:03   ├─ /signals/observation-2026-w30-40909c9090ef258c/index.html (+5ms) 
23:09:03   ├─ /signals/observation-2026-w30-66a1207959c03f04/index.html (+4ms) 
23:09:03   ├─ /signals/observation-2026-w30-76d8a95296503922/index.html (+4ms) 
23:09:03   ├─ /signals/observation-2026-w30-72fbacc64998d674/index.html (+3ms) 
23:09:03   ├─ /signals/observation-2026-w30-9f0566c576869294/index.html (+4ms) 
23:09:03   ├─ /signals/observation-2026-w30-d6a9770c40fed819/index.html (+2ms) 
23:09:03   ├─ /signals/observation-2026-w30-8493a67e2447748c/index.html (+3ms) 
23:09:03   ├─ /signals/observation-2026-w30-b638a2d9b9db9d37/index.html (+3ms) 
23:09:03   ├─ /signals/observation-2026-w30-a35b7159f4634b18/index.html (+10ms) 
23:09:03   ├─ /signals/observation-2026-w30-5ee58de11aa73215/index.html (+8ms) 
23:09:03   ├─ /signals/observation-2026-w30-ea63ddf9d3ce50c8/index.html (+2ms) 
23:09:03   ├─ /signals/observation-2026-w30-2ae462117dad0349/index.html (+4ms) 
23:09:03   ├─ /signals/observation-2026-w30-c89039502d792878/index.html (+4ms) 
23:09:03   ├─ /signals/observation-2026-w30-bf07a980cc483540/index.html (+20ms) 
23:09:04   ├─ /signals/observation-2026-w30-3570c5bb1a2bc9b3/index.html (+5ms) 
23:09:04   ├─ /signals/observation-2026-w30-0418e2feba9463f1/index.html (+6ms) 
23:09:04   ├─ /signals/observation-2026-w30-8cb8f146b1660270/index.html (+2ms) 
23:09:04   ├─ /signals/observation-2026-w30-e3ece9f49acccff5/index.html (+4ms) 
23:09:04   ├─ /signals/observation-2026-w30-c84e20f7eb2fee65/index.html (+4ms) 
23:09:04   ├─ /signals/observation-2026-w30-e5ed48492e7e371d/index.html (+3ms) 
23:09:04   ├─ /signals/observation-2026-w30-fd259c9f2a30c3ff/index.html (+2ms) 
23:09:04   ├─ /signals/observation-2026-w30-a123ca2e5dcb4956/index.html (+11ms) 
23:09:04   ├─ /signals/observation-2026-w30-1edd3e344e8fa9d0/index.html (+2ms) 
23:09:04   ├─ /signals/observation-2026-w30-3a78576340c7d21c/index.html (+5ms) 
23:09:04   ├─ /signals/observation-2026-w30-b397fa368d81a621/index.html (+283ms) 
23:09:04   ├─ /signals/observation-2026-w30-dc366d5e9b6331c5/index.html (+7ms) 
23:09:04   ├─ /signals/observation-2026-w30-cbab27796ac6b546/index.html (+6ms) 
23:09:04   ├─ /signals/observation-2026-w30-8f8907a1ab1b8401/index.html (+5ms) 
23:09:04   ├─ /signals/observation-2026-w30-cc18c7da0737cfa1/index.html (+6ms) 
23:09:04   ├─ /signals/observation-2026-w30-8b142eb47091576e/index.html (+9ms) 
23:09:04   ├─ /signals/observation-2026-w30-8094873203274b5f/index.html (+10ms) 
23:09:04   ├─ /signals/observation-2026-w30-ce3545f427ded4d9/index.html (+2ms) 
23:09:04   ├─ /signals/observation-2026-w30-b98794e781d20d68/index.html (+6ms) 
23:09:04   ├─ /signals/observation-2026-w30-1eaedbfb80011fbe/index.html (+4ms) 
23:09:04   ├─ /signals/observation-2026-w30-273f049f42b74c58/index.html (+8ms) 
23:09:04   ├─ /signals/observation-2026-w30-1908c07776434f0a/index.html (+1ms) 
23:09:04   ├─ /signals/observation-2026-w30-f5600dacdc862e18/index.html (+3ms) 
23:09:04   ├─ /signals/observation-2026-w30-e5549b5502842b01/index.html (+5ms) 
23:09:04   ├─ /signals/observation-2026-w30-81202faf403f210c/index.html (+6ms) 
23:09:04   ├─ /signals/observation-2026-w30-89eb6c4e3b5b3950/index.html (+5ms) 
23:09:04   ├─ /signals/observation-2026-w30-d4723a07c3a86e92/index.html (+4ms) 
23:09:04   ├─ /signals/observation-2026-w30-52a6848dc543dc82/index.html (+3ms) 
23:09:04   ├─ /signals/observation-2026-w30-50891f91a8a4c406/index.html (+5ms) 
23:09:04   ├─ /signals/observation-2026-w30-9739604ec04c9deb/index.html (+4ms) 
23:09:04   ├─ /signals/observation-2026-w30-af366cdaf2c8da80/index.html (+4ms) 
23:09:04   ├─ /signals/observation-2026-w30-d2c6384e69258589/index.html (+5ms) 
23:09:04   ├─ /signals/observation-2026-w30-913b909e3bcd2ccd/index.html (+7ms) 
23:09:04   ├─ /signals/observation-2026-w30-5d65e03a1dfbd036/index.html (+6ms) 
23:09:04   ├─ /signals/observation-2026-w30-864f386c1c5ee91e/index.html (+3ms) 
23:09:04   ├─ /signals/observation-2026-w30-554a796075b599db/index.html (+4ms) 
23:09:04   ├─ /signals/observation-2026-w30-a3c27a0b3db755f0/index.html (+7ms) 
23:09:04   ├─ /signals/observation-2026-w30-98c1617a05922d74/index.html (+10ms) 
23:09:04   ├─ /signals/observation-2026-w31-3b8bc8331b274f22/index.html (+6ms) 
23:09:04   ├─ /signals/observation-2026-w31-3039bcb8a1ef1434/index.html (+5ms) 
23:09:04   ├─ /signals/observation-2026-w31-613a351092701683/index.html (+8ms) 
23:09:04   ├─ /signals/observation-2026-w31-4b2d5be20cc7ecd5/index.html (+7ms) 
23:09:04   ├─ /signals/observation-2026-w31-c4e9e7f2ae397c3b/index.html (+5ms) 
23:09:04   ├─ /signals/observation-2026-w31-95615e4c806b3f7e/index.html (+10ms) 
23:09:04   ├─ /signals/observation-2026-w31-70c743c9dec93b8c/index.html (+7ms) 
23:09:04   ├─ /signals/observation-2026-w31-5e474bf97559a51b/index.html (+12ms) 
23:09:04   ├─ /signals/observation-2026-w31-2d1715cc1e4a5c18/index.html (+8ms) 
23:09:04   ├─ /signals/observation-2026-w32-f36113fd47ff3db9/index.html (+4ms) 
23:09:04   ├─ /signals/observation-2026-w32-cad8477d98dbbcb1/index.html (+2ms) 
23:09:04   ├─ /signals/observation-2026-w32-35c08c245e955383/index.html (+4ms) 
23:09:04   ├─ /signals/observation-2026-w32-87074b45d0b61327/index.html (+5ms) 
23:09:04   ├─ /signals/observation-2026-w32-f4b8a2183923645e/index.html (+3ms) 
23:09:04   ├─ /signals/observation-2026-w32-29fe8d1af30a800c/index.html (+2ms) 
23:09:04   ├─ /signals/observation-2026-w32-f8e7bafc69084bbc/index.html (+6ms) 
23:09:04   ├─ /signals/observation-2026-w32-024e4f0e878e56d2/index.html (+6ms) 
23:09:04   ├─ /signals/observation-2026-w32-a2ccb758dc143e9d/index.html (+3ms) 
23:09:04   ├─ /signals/observation-2026-w32-cf44f53271307331/index.html (+3ms) 
23:09:04   ├─ /signals/observation-2026-w32-062bf5f5da08bbd7/index.html (+8ms) 
23:09:04   ├─ /signals/observation-2026-w32-531fd9457e00f62c/index.html (+3ms) 
23:09:04   ├─ /signals/observation-2026-w32-775f68008be6f355/index.html (+3ms) 
23:09:04   ├─ /signals/observation-2026-w32-6f1072bbf9e53715/index.html (+6ms) 
23:09:04   ├─ /signals/observation-2026-w32-a50c32a70d842a9a/index.html (+5ms) 
23:09:04   ├─ /signals/observation-2026-w32-21ea01e51b2b9279/index.html (+5ms) 
23:09:04   ├─ /signals/observation-2026-w32-1d4c97268bdf29d2/index.html (+4ms) 
23:09:04   ├─ /signals/observation-2026-w32-a63a70e96f2dfd02/index.html (+4ms) 
23:09:04   ├─ /signals/observation-2026-w33-a8f26a015d6f2eec/index.html (+14ms) 
23:09:04   ├─ /signals/observation-2026-w33-4f9f62cc7e6b43d7/index.html (+5ms) 
23:09:04   ├─ /signals/observation-2026-w33-76fb14c1665072ba/index.html (+2ms) 
23:09:04   ├─ /signals/observation-2026-w33-c9de45e8cffd4f05/index.html (+2ms) 
23:09:04   ├─ /signals/observation-2026-w33-0c307472623bf39d/index.html (+4ms) 
23:09:04   ├─ /signals/observation-2026-w33-7dcce46badfe2f82/index.html (+1ms) 
23:09:04   ├─ /signals/observation-2026-w33-bd28ad2b235fc381/index.html (+3ms) 
23:09:04   ├─ /signals/observation-2026-w33-bed5a6c9d7cf0402/index.html (+4ms) 
23:09:04   ├─ /signals/observation-2026-w33-833e89da78730761/index.html (+6ms) 
23:09:04   ├─ /signals/observation-2026-w33-8ee19851b1e9c65d/index.html (+3ms) 
23:09:04   ├─ /signals/observation-2026-w33-deb98bc1d83aadb6/index.html (+5ms) 
23:09:04   ├─ /signals/observation-2026-w33-b0fa0dd4d92f672d/index.html (+10ms) 
23:09:04   ├─ /signals/observation-2026-w33-0146fcbc329b6c55/index.html (+5ms) 
23:09:04   ├─ /signals/observation-2026-w33-8d607854a3ad76c3/index.html (+6ms) 
23:09:04   ├─ /signals/observation-2026-w33-312c9e75165af435/index.html (+7ms) 
23:09:04   ├─ /signals/observation-2026-w33-357ac6498256472d/index.html (+5ms) 
23:09:04   ├─ /signals/observation-2026-w33-ddf80634f96c967e/index.html (+4ms) 
23:09:04   ├─ /signals/observation-2026-w33-cdaf807b63b3cc78/index.html (+3ms) 
23:09:04   ├─ /signals/observation-2026-w33-58809b59f20dff6f/index.html (+4ms) 
23:09:04   ├─ /signals/observation-2026-w33-025c66d775bce3a9/index.html (+3ms) 
23:09:04   ├─ /signals/observation-2026-w33-a36df159101e37b1/index.html (+6ms) 
23:09:04   ├─ /signals/observation-2026-w33-d9334700e49e3f07/index.html (+5ms) 
23:09:04   ├─ /signals/observation-2026-w33-57a957b7e9188839/index.html (+4ms) 
23:09:04   ├─ /signals/observation-2026-w33-21cd99affa230d83/index.html (+1ms) 
23:09:04   ├─ /signals/observation-2026-w33-20bc817053c72fbe/index.html (+3ms) 
23:09:04   ├─ /signals/observation-2026-w34-6ead1a3158333f95/index.html (+3ms) 
23:09:04   ├─ /signals/observation-2026-w34-832afb19bbe4b210/index.html (+7ms) 
23:09:04   ├─ /signals/observation-2026-w34-e75c97830e0f7b84/index.html (+6ms) 
23:09:04   ├─ /signals/observation-2026-w34-9ca81602c73ca619/index.html (+5ms) 
23:09:04   ├─ /signals/observation-2026-w34-4f24d34400a4b52d/index.html (+3ms) 
23:09:04   ├─ /signals/observation-2026-w34-345e689e2bd0bba3/index.html (+5ms) 
23:09:04   ├─ /signals/observation-2026-w34-277586bb0e699d8a/index.html (+6ms) 
23:09:04   ├─ /signals/observation-2026-w34-8b5a02648eceb4e1/index.html (+4ms) 
23:09:04   ├─ /signals/observation-2026-w34-da079106614368c2/index.html (+6ms) 
23:09:04   ├─ /signals/observation-2026-w34-9f7b8b3e09a20b47/index.html (+4ms) 
23:09:04   ├─ /signals/observation-2026-w34-9f27f1813fcc95df/index.html (+52ms) 
23:09:04   ├─ /signals/observation-2026-w34-23db91a5b5c25867/index.html (+3ms) 
23:09:04   ├─ /signals/observation-2026-w34-fb0a36e31f445037/index.html (+3ms) 
23:09:04   ├─ /signals/observation-2026-w34-9f471a8bd94f84a6/index.html (+5ms) 
23:09:04   ├─ /signals/observation-2026-w34-adc7dc4b2a262ce4/index.html (+3ms) 
23:09:04   ├─ /signals/observation-2026-w34-e0fffb76ec5f5343/index.html (+4ms) 
23:09:04   ├─ /signals/observation-2026-w34-afe31ff68d3c7026/index.html (+4ms) 
23:09:04   ├─ /signals/observation-2026-w34-06c27f9f59a19a58/index.html (+3ms) 
23:09:04   ├─ /signals/observation-2026-w34-08bbfa08b6013ce7/index.html (+2ms) 
23:09:04   ├─ /signals/observation-2026-w34-c9f67cf63255d696/index.html (+3ms) 
23:09:04   ├─ /signals/observation-2026-w34-c9ed8f40c5ac8a0a/index.html (+3ms) 
23:09:04   ├─ /signals/observation-2026-w34-0dc28eeeb084ec62/index.html (+5ms) 
23:09:04   ├─ /signals/observation-2026-w35-85f225cf407a14f9/index.html (+4ms) 
23:09:04   ├─ /signals/observation-2026-w35-d02b92528f2578d9/index.html (+4ms) 
23:09:04   ├─ /signals/observation-2026-w35-f9737335b53d77b4/index.html (+3ms) 
23:09:04   ├─ /signals/observation-2026-w35-99ca011a8386254b/index.html (+3ms) 
23:09:04   ├─ /signals/observation-2026-w35-21538770e5674f99/index.html (+7ms) 
23:09:04   ├─ /signals/observation-2026-w35-7df28475c7421d1d/index.html (+5ms) 
23:09:04   ├─ /signals/observation-2026-w35-f3e7e67df7533d4f/index.html (+3ms) 
23:09:04   ├─ /signals/observation-2026-w35-bc6fdc2a2b814889/index.html (+3ms) 
23:09:04   ├─ /signals/observation-2026-w35-8a87329141408d2b/index.html (+3ms) 
23:09:04   ├─ /signals/observation-2026-w35-812c981ae1acfa5b/index.html (+2ms) 
23:09:04   ├─ /signals/observation-2026-w35-01ddec85fd58b28c/index.html (+3ms) 
23:09:04   ├─ /signals/observation-2026-w35-5be688200cafb115/index.html (+2ms) 
23:09:04   ├─ /signals/observation-2026-w35-9f4489b79565ca17/index.html (+4ms) 
23:09:04   ├─ /signals/observation-2026-w35-04ed84e88f44f89b/index.html (+5ms) 
23:09:04   ├─ /signals/observation-2026-w35-3706c97ebbf6dbfa/index.html (+5ms) 
23:09:04   ├─ /signals/observation-2026-w35-216537a6c58d9746/index.html (+3ms) 
23:09:04   ├─ /signals/observation-2026-w35-4ee26aa96aec7907/index.html (+5ms) 
23:09:04   ├─ /signals/observation-2026-w35-db130132ba293990/index.html (+6ms) 
23:09:04   ├─ /signals/observation-2026-w35-6641bfbc132b0804/index.html (+7ms) 
23:09:04   ├─ /signals/observation-2026-w35-104ca369af30f05f/index.html (+3ms) 
23:09:04   ├─ /signals/observation-2026-w35-2359cd4e3ff7b21f/index.html (+3ms) 
23:09:04   ├─ /signals/observation-2026-w35-6698afe347559adf/index.html (+2ms) 
23:09:04   ├─ /signals/observation-2026-w35-18aa3d3b660dcf91/index.html (+3ms) 
23:09:04   ├─ /signals/observation-2026-w35-57c868195dfb4942/index.html (+4ms) 
23:09:04   ├─ /signals/observation-2026-w35-ec28cbe6b2687396/index.html (+4ms) 
23:09:04   ├─ /signals/observation-2026-w35-ad0674b6f6806eec/index.html (+4ms) 
23:09:04   ├─ /signals/observation-2026-w35-b681cfe6e3a27b87/index.html (+2ms) 
23:09:04   ├─ /signals/observation-2026-w35-c1347e3c94945404/index.html (+3ms) 
23:09:04   ├─ /signals/observation-2026-w35-e55328a7067126ac/index.html (+3ms) 
23:09:04   ├─ /signals/observation-2026-w35-3f03c1cbfe25ad6c/index.html (+5ms) 
23:09:04   ├─ /signals/observation-2026-w35-670e23c7582353e5/index.html (+4ms) 
23:09:04   ├─ /signals/observation-2026-w35-c054f7a57f286d1b/index.html (+3ms) 
23:09:05   ├─ /signals/observation-2026-w35-d5192ce0acbafb3e/index.html (+2ms) 
23:09:05   ├─ /signals/observation-2026-w36-710aac301b4a69f8/index.html (+3ms) 
23:09:05   ├─ /signals/observation-2026-w36-cd663e8a6e2d9dc5/index.html (+3ms) 
23:09:05   ├─ /signals/observation-2026-w36-94bad5ba8b676e7f/index.html (+4ms) 
23:09:05   ├─ /signals/observation-2026-w36-1ca37feba4426c03/index.html (+4ms) 
23:09:05   ├─ /signals/observation-2026-w36-5633b2ef31356162/index.html (+2ms) 
23:09:05   ├─ /signals/observation-2026-w36-7ff2efaacd4093b2/index.html (+16ms) 
23:09:05   ├─ /signals/observation-2026-w36-02f6acd540868b5b/index.html (+7ms) 
23:09:05   ├─ /signals/observation-2026-w36-1b5869601414305d/index.html (+3ms) 
23:09:05   ├─ /signals/observation-2026-w36-c30de4980e049c50/index.html (+4ms) 
23:09:05   ├─ /signals/observation-2026-w36-42fe27f7bcff296b/index.html (+4ms) 
23:09:05   ├─ /signals/observation-2026-w36-5fcdb232fffe68c6/index.html (+5ms) 
23:09:05   ├─ /signals/observation-2026-w36-83c98d4691a014ad/index.html (+5ms) 
23:09:05   ├─ /signals/observation-2026-w36-f6cd08ba6ea84933/index.html (+4ms) 
23:09:05   ├─ /signals/observation-2026-w36-3a5071af1d3ecbd4/index.html (+3ms) 
23:09:05   ├─ /signals/observation-2026-w36-a2937fd71a1f5b0e/index.html (+3ms) 
23:09:05   ├─ /signals/observation-2026-w36-7dc789d32438ab7a/index.html (+3ms) 
23:09:05   ├─ /signals/observation-2026-w36-d6161f8e8fbc8322/index.html (+4ms) 
23:09:05   ├─ /signals/observation-2026-w36-b34e90ee36d14dee/index.html (+4ms) 
23:09:05   ├─ /signals/observation-2026-w36-864221cdd0ad50b7/index.html (+5ms) 
23:09:05   ├─ /signals/observation-2026-w36-d6a77df2e54bf9c6/index.html (+3ms) 
23:09:05   ├─ /signals/observation-2026-w36-2de42ef021d2f633/index.html (+3ms) 
23:09:05   ├─ /signals/observation-2026-w36-9018797b40300c18/index.html (+3ms) 
23:09:05   ├─ /signals/observation-2026-w36-a7358edccb5b4c59/index.html (+2ms) 
23:09:05   ├─ /signals/observation-2026-w36-22f1f1c5b1634df1/index.html (+2ms) 
23:09:05   ├─ /signals/observation-2026-w37-343f554503d279c9/index.html (+2ms) 
23:09:05   ├─ /signals/observation-2026-w37-bffca68266e88a6a/index.html (+2ms) 
23:09:05   ├─ /signals/observation-2026-w37-150fccd16a9f8fd3/index.html (+2ms) 
23:09:05   ├─ /signals/observation-2026-w37-f162985cf4de895c/index.html (+7ms) 
23:09:05   ├─ /signals/observation-2026-w37-3ca2c8d00fa10577/index.html (+6ms) 
23:09:05   ├─ /signals/observation-2026-w37-03dde30d77b15e33/index.html (+5ms) 
23:09:05   ├─ /signals/observation-2026-w37-081b7766efff6bb8/index.html (+7ms) 
23:09:05   ├─ /signals/observation-2026-w37-a84226bcd5743026/index.html (+6ms) 
23:09:05   ├─ /signals/observation-2026-w37-a68eb32adca96a9e/index.html (+4ms) 
23:09:05   ├─ /signals/observation-2026-w37-ce9ddfb184b9ac34/index.html (+4ms) 
23:09:05   ├─ /signals/observation-2026-w37-daca5f6aff5123e0/index.html (+3ms) 
23:09:05   ├─ /signals/observation-2026-w37-4b2aec7304583a40/index.html (+2ms) 
23:09:05   ├─ /signals/observation-2026-w37-ccabef6060dd4dd5/index.html (+1ms) 
23:09:05   ├─ /signals/observation-2026-w37-8b771bb8acacbe9f/index.html (+6ms) 
23:09:05   ├─ /signals/observation-2026-w37-2d38f21991ff86d1/index.html (+6ms) 
23:09:05   ├─ /signals/observation-2026-w37-381c8559405dc704/index.html (+3ms) 
23:09:05   ├─ /signals/observation-2026-w37-6d59f9849f30b117/index.html (+5ms) 
23:09:05   ├─ /signals/observation-2026-w37-6a723dfc4e1581f7/index.html (+6ms) 
23:09:05   ├─ /signals/observation-2026-w37-fa091873d0ffe5a2/index.html (+4ms) 
23:09:05   ├─ /signals/observation-2026-w37-56bf6e9e4d9f1fd3/index.html (+6ms) 
23:09:05   ├─ /signals/observation-2026-w37-018fd46aa42dbe9e/index.html (+6ms) 
23:09:05   ├─ /signals/observation-2026-w37-a307e912841fe940/index.html (+2ms) 
23:09:05   ├─ /signals/observation-2026-w37-9857882351cff7ac/index.html (+8ms) 
23:09:05   ├─ /signals/observation-2026-w37-9bb0b565cd817059/index.html (+6ms) 
23:09:05   ├─ /signals/observation-2026-w37-5f6b13cb4d07f5cb/index.html (+4ms) 
23:09:05   ├─ /signals/observation-2026-w37-7bd4bd429e78f0f0/index.html (+6ms) 
23:09:05   ├─ /signals/observation-2026-w37-c1c170ad6ed82645/index.html (+7ms) 
23:09:05   ├─ /signals/observation-2026-w37-9aca15d78263521a/index.html (+9ms) 
23:09:05   ├─ /signals/observation-2026-w37-92c2175e55722445/index.html (+9ms) 
23:09:05   ├─ /signals/observation-2026-w37-4b7c71e06ca77741/index.html (+5ms) 
23:09:05   ├─ /signals/observation-2026-w37-56a94d078c306dc8/index.html (+4ms) 
23:09:05   ├─ /signals/observation-2026-w37-8c4fef1da5e7483e/index.html (+8ms) 
23:09:05   ├─ /signals/observation-2026-w37-fd296acf1db49e26/index.html (+6ms) 
23:09:05   ├─ /signals/observation-2026-w37-ffb4f77fb15ddee2/index.html (+5ms) 
23:09:05   ├─ /signals/moment-2026-w38-a47e8b77945b3d07/index.html (+12ms) 
23:09:05   ├─ /signals/moment-2026-w38-0a0b7cb08664a275/index.html (+2ms) 
23:09:05   ├─ /signals/observation-2026-w38-0f4c44d1cb3f5ef4/index.html (+4ms) 
23:09:05   ├─ /signals/observation-2026-w38-eb4e171f9e842538/index.html (+5ms) 
23:09:05   ├─ /signals/observation-2026-w38-c8e618547b6d9be4/index.html (+9ms) 
23:09:05   ├─ /signals/observation-2026-w38-5f20e11a1fb36c4e/index.html (+6ms) 
23:09:05   ├─ /signals/observation-2026-w38-3d54ab6a609fbeae/index.html (+3ms) 
23:09:05   ├─ /signals/observation-2026-w38-d9a168f97de89a76/index.html (+8ms) 
23:09:05   ├─ /signals/observation-2026-w38-9e56f2dce284cc4d/index.html (+4ms) 
23:09:05   ├─ /signals/observation-2026-w38-d9e7a3d598393686/index.html (+18ms) 
23:09:05   ├─ /signals/observation-2026-w38-91680089aabbf6f4/index.html (+8ms) 
23:09:05   ├─ /signals/observation-2026-w38-273846e114013ec6/index.html (+5ms) 
23:09:05   ├─ /signals/observation-2026-w38-612356c86a4ac769/index.html (+5ms) 
23:09:05   ├─ /signals/observation-2026-w38-6d133448dc3b6871/index.html (+7ms) 
23:09:05   ├─ /signals/observation-2026-w38-b2f2f99d1e38f2f8/index.html (+6ms) 
23:09:05   ├─ /signals/observation-2026-w38-6845270403de1937/index.html (+2ms) 
23:09:05   ├─ /signals/observation-2026-w38-0554a89a2c1413b6/index.html (+1ms) 
23:09:05   ├─ /signals/observation-2026-w38-4c142c843a4a333f/index.html (+1ms) 
23:09:05   ├─ /signals/observation-2026-w38-bba2de1aa68411be/index.html (+6ms) 
23:09:05   ├─ /signals/observation-2026-w38-11446c7335bc7516/index.html (+7ms) 
23:09:05   ├─ /signals/observation-2026-w38-c7d6ac2ac0d8f520/index.html (+5ms) 
23:09:05   ├─ /signals/observation-2026-w38-8138d125464193a1/index.html (+4ms) 
23:09:05   ├─ /signals/observation-2026-w38-d0f83b49001fe904/index.html (+14ms) 
23:09:05   ├─ /signals/observation-2026-w38-bc30ef0649942fad/index.html (+7ms) 
23:09:05   ├─ /signals/observation-2026-w38-c74a07aeb640a0f0/index.html (+2ms) 
23:09:05   ├─ /signals/observation-2026-w38-f7aace05cd6368d2/index.html (+2ms) 
23:09:05   ├─ /signals/observation-2026-w38-2c9d50977889ca02/index.html (+3ms) 
23:09:05   ├─ /signals/observation-2026-w38-f3bc9beab459d4ff/index.html (+3ms) 
23:09:05   ├─ /signals/observation-2026-w38-c27a8de6572dc92e/index.html (+7ms) 
23:09:05   ├─ /signals/observation-2026-w38-561561bcbcfccbd8/index.html (+5ms) 
23:09:05   ├─ /signals/observation-2026-w38-54b4a010d1f4393f/index.html (+3ms) 
23:09:05   ├─ /signals/observation-2026-w38-0ae9f85c16281727/index.html (+4ms) 
23:09:05   ├─ /signals/observation-2026-w38-3f4c6187d02bb05a/index.html (+3ms) 
23:09:05   ├─ /signals/observation-2026-w38-205125fb47647a00/index.html (+2ms) 
23:09:05   ├─ /signals/observation-2026-w38-4ea677703a612dd9/index.html (+4ms) 
23:09:05   ├─ /signals/observation-2026-w38-a01c3666b07c6e70/index.html (+3ms) 
23:09:05   ├─ /signals/observation-2026-w38-5a7d1d4573cc1f10/index.html (+3ms) 
23:09:05   ├─ /signals/observation-2026-w38-d86b665de034d944/index.html (+2ms) 
23:09:05   ├─ /signals/observation-2026-w38-6b17cc5b1654f28e/index.html (+4ms) 
23:09:05   ├─ /signals/observation-2026-w38-37fdc21bb94dcb50/index.html (+4ms) 
23:09:05   ├─ /signals/observation-2026-w38-4b50c8078f9d95d8/index.html (+4ms) 
23:09:05   ├─ /signals/observation-2026-w38-f29d33027112271d/index.html (+5ms) 
23:09:05   ├─ /signals/observation-2026-w38-9b54a94200d74e5c/index.html (+10ms) 
23:09:05   ├─ /signals/observation-2026-w38-3557fefa663821df/index.html (+6ms) 
23:09:05   ├─ /signals/observation-2026-w38-297563f1765d8cbf/index.html (+7ms) 
23:09:05   ├─ /signals/observation-2026-w38-96c605f5000cc41f/index.html (+7ms) 
23:09:05   ├─ /signals/observation-2026-w38-99a2efedeaa5984c/index.html (+5ms) 
23:09:05   ├─ /signals/observation-2026-w38-346eae48b146aeca/index.html (+5ms) 
23:09:05   ├─ /signals/observation-2026-w38-b5a99af968aac63c/index.html (+2ms) 
23:09:05   ├─ /signals/observation-2026-w38-620b395a9ea6a4f8/index.html (+2ms) 
23:09:05   ├─ /signals/observation-2026-w38-c637cbe955a1e5bf/index.html (+6ms) 
23:09:05   ├─ /signals/observation-2026-w38-41d9dd3c2f6725f8/index.html (+4ms) 
23:09:05   ├─ /signals/observation-2026-w38-1783b838fe692003/index.html (+3ms) 
23:09:05   ├─ /signals/observation-2026-w38-5fad9a70983c12f1/index.html (+4ms) 
23:09:05   ├─ /signals/observation-2026-w38-3c04f9e863ef13e8/index.html (+3ms) 
23:09:05   ├─ /signals/observation-2026-w38-9c652000191aa211/index.html (+4ms) 
23:09:05   ├─ /signals/observation-2026-w38-8b71a8b4f5684908/index.html (+3ms) 
23:09:05   ├─ /signals/observation-2026-w38-93d2002a67a46377/index.html (+10ms) 
23:09:05   ├─ /signals/observation-2026-w38-276e2a8e9ae65151/index.html (+7ms) 
23:09:05   ├─ /signals/observation-2026-w38-741c4300768032cb/index.html (+7ms) 
23:09:05   ├─ /signals/observation-2026-w38-00107f4ea2136eb3/index.html (+5ms) 
23:09:05   ├─ /signals/observation-2026-w38-c7360659889c45e3/index.html (+5ms) 
23:09:05   ├─ /signals/observation-2026-w38-983d68a66029f4c6/index.html (+7ms) 
23:09:05   ├─ /signals/observation-2026-w38-145845229e7b082b/index.html (+4ms) 
23:09:05   ├─ /signals/observation-2026-w38-ba2b6968a36b6973/index.html (+5ms) 
23:09:05   ├─ /signals/observation-2026-w38-a0b6eb28f76da886/index.html (+5ms) 
23:09:05   ├─ /signals/observation-2026-w38-1d75f93340a54daf/index.html (+7ms) 
23:09:05   ├─ /signals/observation-2026-w38-052a7291faca75cd/index.html (+10ms) 
23:09:05   ├─ /signals/observation-2026-w38-8d28417eea9fad67/index.html (+5ms) 
23:09:05   ├─ /signals/observation-2026-w38-43d84fd03c1088f8/index.html (+4ms) 
23:09:05   ├─ /signals/observation-2026-w38-6d0909f771d993a7/index.html (+9ms) 
23:09:05   ├─ /signals/observation-2026-w38-193c7d1ed73489f0/index.html (+3ms) 
23:09:05   ├─ /signals/observation-2026-w38-9a9225a2df775eac/index.html (+5ms) 
23:09:05   ├─ /signals/observation-2026-w38-adb2e12811852662/index.html (+4ms) 
23:09:05   ├─ /signals/observation-2026-w38-86ff0b79e6ad752d/index.html (+16ms) 
23:09:05   ├─ /signals/observation-2026-w38-6c54e61964ecf3c6/index.html (+6ms) 
23:09:05   ├─ /signals/observation-2026-w38-dc7a34f42b2a0db2/index.html (+5ms) 
23:09:05   ├─ /signals/observation-2026-w38-cef16b3ecb54c507/index.html (+3ms) 
23:09:05   ├─ /signals/observation-2026-w38-957782631ea1be93/index.html (+11ms) 
23:09:05   ├─ /signals/observation-2026-w38-68b97f5d081da13c/index.html (+10ms) 
23:09:05   └─ /signals/observation-2026-w38-6c6f724cc3beabc3/index.html (+5ms) 
23:09:05 λ src/pages/sitemap-card-b-images.xml.ts
23:09:05   └─ /sitemap-card-b-images.xml (+925ms) 
23:09:06 λ src/pages/snapshots/[date]/SHA256SUMS.ts
23:09:06   ├─ /snapshots/2026-06-27/SHA256SUMS/ (+7ms) 
23:09:06   ├─ /snapshots/2026-07-01/SHA256SUMS/ (+5ms) 
23:09:06   ├─ /snapshots/2026-07-03/SHA256SUMS/ (+3ms) 
23:09:06   ├─ /snapshots/2026-07-04/SHA256SUMS/ (+2ms) 
23:09:06   ├─ /snapshots/2026-07-10/SHA256SUMS/ (+4ms) 
23:09:06   ├─ /snapshots/2026-07-11/SHA256SUMS/ (+5ms) 
23:09:06   ├─ /snapshots/2026-07-18/SHA256SUMS/ (+6ms) 
23:09:06   ├─ /snapshots/2026-07-25/SHA256SUMS/ (+16ms) 
23:09:06   ├─ /snapshots/2026-08-01/SHA256SUMS/ (+3ms) 
23:09:06   ├─ /snapshots/2026-08-08/SHA256SUMS/ (+2ms) 
23:09:06   ├─ /snapshots/2026-08-15/SHA256SUMS/ (+2ms) 
23:09:06   ├─ /snapshots/2026-08-22/SHA256SUMS/ (+2ms) 
23:09:06   ├─ /snapshots/2026-08-29/SHA256SUMS/ (+2ms) 
23:09:06   ├─ /snapshots/2026-09-05/SHA256SUMS/ (+1ms) 
23:09:06   ├─ /snapshots/2026-09-12/SHA256SUMS/ (+1ms) 
23:09:06   └─ /snapshots/2026-09-19/SHA256SUMS/ (+2ms) 
23:09:06 λ src/pages/snapshots/[date]/dropped.json.ts
23:09:06   ├─ /snapshots/2026-07-01/dropped.json/ (+2ms) 
23:09:06   ├─ /snapshots/2026-07-03/dropped.json/ (+2ms) 
23:09:06   ├─ /snapshots/2026-07-04/dropped.json/ (+3ms) 
23:09:06   ├─ /snapshots/2026-07-10/dropped.json/ (+6ms) 
23:09:06   ├─ /snapshots/2026-07-11/dropped.json/ (+11ms) 
23:09:06   ├─ /snapshots/2026-07-18/dropped.json/ (+6ms) 
23:09:06   ├─ /snapshots/2026-07-25/dropped.json/ (+6ms) 
23:09:06   ├─ /snapshots/2026-08-01/dropped.json/ (+5ms) 
23:09:06   ├─ /snapshots/2026-08-08/dropped.json/ (+5ms) 
23:09:06   ├─ /snapshots/2026-08-15/dropped.json/ (+18ms) 
23:09:06   ├─ /snapshots/2026-08-22/dropped.json/ (+3ms) 
23:09:06   ├─ /snapshots/2026-08-29/dropped.json/ (+3ms) 
23:09:06   ├─ /snapshots/2026-09-05/dropped.json/ (+3ms) 
23:09:06   ├─ /snapshots/2026-09-12/dropped.json/ (+2ms) 
23:09:06   └─ /snapshots/2026-09-19/dropped.json/ (+2ms) 
23:09:06 ▶ src/pages/snapshots/[date]/index.astro
23:09:06   ├─ /snapshots/2026-06-27/index.html (+43ms) 
23:09:06   ├─ /snapshots/2026-07-01/index.html (+32ms) 
23:09:06   ├─ /snapshots/2026-07-03/index.html (+19ms) 
23:09:07   ├─ /snapshots/2026-07-04/index.html (+10ms) 
23:09:07   ├─ /snapshots/2026-07-10/index.html (+31ms) 
23:09:07   ├─ /snapshots/2026-07-11/index.html (+35ms) 
23:09:07   ├─ /snapshots/2026-07-18/index.html (+29ms) 
23:09:07   ├─ /snapshots/2026-07-25/index.html (+22ms) 
23:09:07   ├─ /snapshots/2026-08-01/index.html (+18ms) 
23:09:07   ├─ /snapshots/2026-08-08/index.html (+14ms) 
23:09:07   ├─ /snapshots/2026-08-15/index.html (+14ms) 
23:09:07   ├─ /snapshots/2026-08-22/index.html (+33ms) 
23:09:07   ├─ /snapshots/2026-08-29/index.html (+33ms) 
23:09:07   ├─ /snapshots/2026-09-05/index.html (+20ms) 
23:09:07   ├─ /snapshots/2026-09-12/index.html (+54ms) 
23:09:07   └─ /snapshots/2026-09-19/index.html (+34ms) 
23:09:07 λ src/pages/snapshots/[date]/manifest.json.ts
23:09:07   ├─ /snapshots/2026-06-27/manifest.json/ (+3ms) 
23:09:07   ├─ /snapshots/2026-07-01/manifest.json/ (+2ms) 
23:09:07   ├─ /snapshots/2026-07-03/manifest.json/ (+1ms) 
23:09:07   ├─ /snapshots/2026-07-04/manifest.json/ (+4ms) 
23:09:07   ├─ /snapshots/2026-07-10/manifest.json/ (+0ms) 
23:09:07   ├─ /snapshots/2026-07-11/manifest.json/ (+3ms) 
23:09:07   ├─ /snapshots/2026-07-18/manifest.json/ (+2ms) 
23:09:07   ├─ /snapshots/2026-07-25/manifest.json/ (+2ms) 
23:09:07   ├─ /snapshots/2026-08-01/manifest.json/ (+2ms) 
23:09:07   ├─ /snapshots/2026-08-08/manifest.json/ (+3ms) 
23:09:07   ├─ /snapshots/2026-08-15/manifest.json/ (+1ms) 
23:09:07   ├─ /snapshots/2026-08-22/manifest.json/ (+1ms) 
23:09:07   ├─ /snapshots/2026-08-29/manifest.json/ (+2ms) 
23:09:07   ├─ /snapshots/2026-09-05/manifest.json/ (+2ms) 
23:09:07   ├─ /snapshots/2026-09-12/manifest.json/ (+1ms) 
23:09:07   └─ /snapshots/2026-09-19/manifest.json/ (+1ms) 
23:09:07 λ src/pages/snapshots/[date]/provenance.json.ts
23:09:07   ├─ /snapshots/2026-06-27/provenance.json/ (+4ms) 
23:09:07   ├─ /snapshots/2026-07-01/provenance.json/ (+8ms) 
23:09:07   ├─ /snapshots/2026-07-03/provenance.json/ (+8ms) 
23:09:07   ├─ /snapshots/2026-07-04/provenance.json/ (+10ms) 
23:09:07   ├─ /snapshots/2026-07-10/provenance.json/ (+5ms) 
23:09:07   ├─ /snapshots/2026-07-11/provenance.json/ (+8ms) 
23:09:07   ├─ /snapshots/2026-07-18/provenance.json/ (+6ms) 
23:09:07   ├─ /snapshots/2026-07-25/provenance.json/ (+6ms) 
23:09:07   ├─ /snapshots/2026-08-01/provenance.json/ (+8ms) 
23:09:07   ├─ /snapshots/2026-08-08/provenance.json/ (+5ms) 
23:09:07   ├─ /snapshots/2026-08-15/provenance.json/ (+14ms) 
23:09:07   ├─ /snapshots/2026-08-22/provenance.json/ (+9ms) 
23:09:07   ├─ /snapshots/2026-08-29/provenance.json/ (+3ms) 
23:09:07   ├─ /snapshots/2026-09-05/provenance.json/ (+4ms) 
23:09:07   ├─ /snapshots/2026-09-12/provenance.json/ (+4ms) 
23:09:07   └─ /snapshots/2026-09-19/provenance.json/ (+5ms) 
23:09:07 λ src/pages/snapshots/[date]/snapshot.json.ts
23:09:07   ├─ /snapshots/2026-06-27/snapshot.json/ (+12ms) 
23:09:07   ├─ /snapshots/2026-07-01/snapshot.json/ (+11ms) 
23:09:07   ├─ /snapshots/2026-07-03/snapshot.json/ (+17ms) 
23:09:07   ├─ /snapshots/2026-07-04/snapshot.json/ (+16ms) 
23:09:07   ├─ /snapshots/2026-07-10/snapshot.json/ (+8ms) 
23:09:07   ├─ /snapshots/2026-07-11/snapshot.json/ (+14ms) 
23:09:07   ├─ /snapshots/2026-07-18/snapshot.json/ (+10ms) 
23:09:07   ├─ /snapshots/2026-07-25/snapshot.json/ (+6ms) 
23:09:07   ├─ /snapshots/2026-08-01/snapshot.json/ (+6ms) 
23:09:07   ├─ /snapshots/2026-08-08/snapshot.json/ (+8ms) 
23:09:07   ├─ /snapshots/2026-08-15/snapshot.json/ (+7ms) 
23:09:07   ├─ /snapshots/2026-08-22/snapshot.json/ (+9ms) 
23:09:07   ├─ /snapshots/2026-08-29/snapshot.json/ (+17ms) 
23:09:07   ├─ /snapshots/2026-09-05/snapshot.json/ (+9ms) 
23:09:07   ├─ /snapshots/2026-09-12/snapshot.json/ (+15ms) 
23:09:07   └─ /snapshots/2026-09-19/snapshot.json/ (+34ms) 
23:09:07 ▶ src/pages/snapshots/index.astro
23:09:07   └─ /snapshots/index.html (+7ms) 
23:09:07 ✓ Completed in 44.28s.

23:09:08 [@astrojs/sitemap] `sitemap-index.xml` created at `dist`
23:09:08 [build] 917 page(s) built in 52.97s
23:09:08 [build] Complete!

> evidaxis-web@0.1.0 check
> node scripts/check-dist.mjs

checked 917 HTML pages

1 warning(s):
  ⚠ methodology/v1/index.html: meta description length 194 (aim 50-160)

check-dist: PASS — all invariants hold
Card B consistency: 80 cards, 0 discrepancies
